CellName,Voxel_Source,Voxel_Z,Voxel_Y,Voxel_X,Actin_Volume,Actin_Skeleton_Length,Actin_Convex_Hull_Volume,Actin_Solidity,Actin_Extent,Actin_Fractional_Anisotropy,Actin_Major_Axis,Actin_Intermediate_Axis,Actin_Minor_Axis,DataSource,Mito_Volume,Mito_Surface_Area,Mito_Sphericity,Mito_Fragment_Count,Mito_Mean_Fragment_Sphericity,Mito_Std_Fragment_Sphericity,Mito_Min_Fragment_Sphericity,Mito_Max_Fragment_Sphericity,Mito_Mean_Fragment_Volume,Mito_Junction_Count,Mito_Branch_Count,Mito_Mean_Branch_Length,Mito_Total_Network_Length,Mito_Mean_Tortuosity,Mito_Cyclomatic_Number,Nucleus_Volume,Nucleus_Sphericity,Nucleus_Circularity,Nucleus_Elongation,Nucleus_Flatness,Nucleus_Solidity,Age,Gender,Disease,Collagen_Status
01ASC-0180 +coll 60x DMSO48h-Zstack cell1,NRRD,0.37,0.193607654019388,0.193607654019388,14386.17323129814,4392.746751550876,24169.212804109826,0.5952272152137227,0.2541904123365739,0.965863945365321,106.70926982786958,27.679468460531865,1.1628143536335154,Training_Labels,1457.900852706803,6606.356236573849,0.0941183119269923,285,0.6700430675865459,0.1576911483129482,0.1344098438333693,0.9673153380514152,5.06853012913442,180,715,2.9307146777498656,2095.460994591154,1.3312167515196294,39,742.5490316110527,0.4860299117050536,0.8281660770216264,9.98873582806585,0.6746445462579784,0.9807297772567408,62.0,Male,Healthy,Collagen
01ASC-0180 +coll 60x DMSO48h-Zstack cell10,NRRD,0.37,0.207160189800746,0.207160189800746,7392.302370071386,2365.2209152728715,20996.11837863916,0.3520794766327904,0.1170256247831923,0.9145296245392964,77.49331509667631,31.76785138281396,1.023092708099783,Training_Labels,919.1054821014372,3665.217760554244,0.1247272211046805,98,0.6578591895966412,0.1793622475406849,0.1687715471588082,0.9197596175418596,9.378627368382014,83,233,4.209638760237411,980.8458311353168,1.3536407732453877,19,644.2455768585182,0.4981855185447575,0.7949089626415411,8.720250418836933,0.7711778040063275,0.9729036280363522,62.0,Male,Healthy,Collagen
01ASC-0180 +coll 60x DMSO48h-Zstack cell2,NRRD,0.37,0.15935399215442,0.15935399215442,8094.930930955848,3008.433578633492,14284.4518966223,0.5666952424593887,0.1627282499044757,0.9569808370012318,78.38360372775463,22.78371678107525,1.3035386255024313,Training_Labels,1377.7712252013032,4970.763100027573,0.12046081549365,155,0.6877008283281184,0.1493108697482009,0.1774229108118137,0.9128425203069268,8.855325298742537,86,361,3.2868990578254857,1186.5705598750003,1.4465521757574322,14,653.9760115583952,0.5358204678704283,0.6956367754743938,8.345541766341773,0.5352003897121084,0.9737101359529372,62.0,Male,Healthy,Collagen
01ASC-0180 +coll 60x DMSO48h-Zstack cell3,NRRD,0.37,0.193607654019388,0.193607654019388,7325.771833905009,2515.839981143436,16770.80412308321,0.4368169695466105,0.1420936929026593,0.973989479839652,86.43127499899593,19.575185685521834,1.1471414005854526,Training_Labels,1925.1353376889613,6284.796660452262,0.1190786047812898,83,0.6808232531564992,0.1506951918969973,0.1396814847523606,0.896532860321417,23.19440165890315,134,366,3.783944352547181,1384.9236330322683,1.3546116944172104,41,748.2214737838005,0.5172354246792905,0.7227195616982383,8.248701301143056,0.6486678302300968,0.9572546444984652,62.0,Male,Healthy,Collagen
01ASC-0180 +coll 60x DMSO48h-Zstack cell4,NRRD,0.37,0.193607654019388,0.193607654019388,3448.428769477687,3938.2602147486377,15402.636035309615,0.2238856233161889,0.0752366255144033,0.9540979970587596,92.19059154352,27.70726594822513,0.8940894755769867,Training_Labels,843.1967402849677,3450.575985327395,0.1250868938571243,120,0.7496347074843284,0.1470462536025222,0.1580967713853073,0.9286088871588009,7.026639502374731,86,234,3.663033394881288,857.1498144022214,1.360007959305582,21,529.8116465553572,0.5244755849794083,0.7876378701527413,8.27812637260209,0.7003728295159819,0.9774326433487706,62.0,Male,Healthy,Collagen
01ASC-0180 +coll 60x DMSO48h-Zstack cell5,NRRD,0.37,0.181719464737496,0.181719464737496,5731.584292699707,2231.4300793096145,11311.975377418226,0.5066828826503198,0.1538634365857178,0.981428826459491,93.45547593074376,17.910247087303848,1.002952536401792,Training_Labels,686.6220622181503,3064.821929413173,0.1228072615595844,114,0.6605181961991847,0.1562877297486281,0.1734377737942155,0.8987804675157088,6.0230005457732485,79,270,3.385153917290833,913.9915576685248,1.405594815719476,20,531.6473440450269,0.4552144748862002,0.7764319111174841,11.003618578365636,0.700604736329673,0.9736847993913492,62.0,Male,Healthy,Collagen
01ASC-0180 +coll 60x DMSO48h-Zstack cell6,NRRD,0.37,0.207160189800746,0.207160189800746,6653.689813613868,2134.4146370765416,20919.32909488673,0.31806420671685,0.0635388311474057,0.9951909340288728,134.9874518202377,13.15483633104402,1.3362450647617523,Training_Labels,1585.867023468012,4500.812548228073,0.1461182216184981,47,0.6592491406778515,0.1720833238009362,0.1916356026190149,0.8762427805459022,33.7418515631492,83,253,3.863084015502167,977.3602559220482,1.3452244275946348,24,673.9387035369849,0.5677211744634171,0.7117965620613239,6.901068409723495,0.5586270681648107,0.9523414185383804,62.0,Male,Healthy,Collagen
01ASC-0180 +coll 60x DMSO48h-Zstack cell7,NRRD,0.37,0.207160189800746,0.207160189800746,11304.744958877523,7778.490779296619,24650.55098533623,0.4586000923712549,0.1339769617097382,0.9774739076201212,108.59954878690522,22.89462102277768,1.4608085221908655,Training_Labels,2133.9989662170337,7465.037490247063,0.1073779069992282,146,0.6862428439222625,0.1386274426289385,0.1258818180022136,0.9354447323565624,14.616431275459137,195,605,3.081952334284191,1864.5811622419355,1.3078464673438603,57,839.1404628753633,0.5673787184072209,0.7664347933476318,7.236789181113214,0.6288442930010991,0.9642733327251164,62.0,Male,Healthy,Collagen
01ASC-0180 +coll 60x DMSO48h-Zstack cell8,NRRD,0.37,0.207160189800746,0.207160189800746,13076.61480903621,6783.750933078345,46787.467646598685,0.2794896895854298,0.1482983113037681,0.8158570754206358,95.89492723837586,59.37498612151648,1.0086778209563976,Training_Labels,1659.9728107452331,7488.561823380583,0.090535663358556,352,0.6753154928269061,0.1580934567013472,0.1476010111759353,0.9593708775462492,4.694720425389013,171,635,3.3459244418451024,2124.66202057164,1.312934138817241,43,1069.3495273590052,0.4705525245588793,0.7160287415217437,9.80128102686906,0.6536844986394834,0.955924311894048,62.0,Male,Healthy,Collagen
01ASC-0180 +coll 60x DMSO48h-Zstack cell9,NRRD,0.37,0.118377251314712,0.118377251314712,5344.895016417194,3201.765716156033,11021.618527782164,0.4849464716043593,0.1879448101742157,0.889433368702224,57.81107671478422,27.02568468194153,0.9735100030277052,Training_Labels,523.9678363410776,3069.43571390909,0.1023989102931788,163,0.6771645381754533,0.1389332274682707,0.1331796784381888,0.8885983265162727,3.214526603319495,69,380,2.706617547707045,1028.5146681286774,1.5795051691298134,8,511.845600361725,0.5203596104318093,0.7758155902064631,8.311002193361267,0.6724656792931994,0.9785688087945204,62.0,Male,Healthy,Collagen
01ASC-0180 -coll 60x DMSO48H-Zstack cell1,NRRD,0.37,0.207160189800746,0.207160189800746,7066.090822219824,5768.0300378130105,73894.8205232618,0.0956236279103681,0.0566709417725987,0.9752434721849524,99.55067913860525,22.01198987581921,1.0907525713238688,Training_Labels,636.2427234649635,2678.065626151939,0.1335810321738486,89,0.7286060670746994,0.1392713223324163,0.1520252492178877,0.9622840372180664,7.148794645673749,111,304,2.916949943119409,886.7527827083005,1.238516548192966,34,852.6532173156709,0.6036243535412852,0.8533941405811486,5.587024279196212,0.7105132290738667,0.9699608027311646,62.0,Male,Healthy,NoCollagen
01ASC-0180 -coll 60x DMSO48H-Zstack cell2,NRRD,0.37,0.164412849048211,0.164412849048211,9107.8657141618,2302.936718140251,15536.177951282123,0.5862359289860074,0.203194904290323,0.9503478217160732,80.67911593032602,25.1939296737305,1.206139207308423,Training_Labels,1638.8663358969404,5886.576066359015,0.1141958672585505,75,0.7210268664990155,0.141936184351097,0.1234957539259854,0.9225401767926332,21.851551145292536,194,567,3.084912692477957,1749.1454966350016,1.3280304577921047,55,682.5650900669887,0.4869990648458776,0.7056613918097422,10.881631130949978,0.5320402878680898,0.965890595145425,62.0,Male,Healthy,NoCollagen
01ASC-0180 -coll 60x DMSO48H-Zstack cell3,NRRD,0.37,0.207160189800746,0.207160189800746,25008.599281310948,4657.555567095104,42108.04524421678,0.5939149902653268,0.24270358273562,0.9706276742729472,127.54270353460912,30.70156795755128,1.4250480024900012,Training_Labels,7890.622901916477,15451.222214927328,0.1240496314878848,185,0.6944004578427673,0.1309128308570961,0.1562487011445522,0.9293254020354778,42.65201568603501,319,847,3.4953181347709665,2960.5344601510087,1.305308365509373,86,1344.1300392150831,0.4677547649875277,0.774511486434459,11.459374358949164,0.5798905319285479,0.981585843827547,62.0,Male,Healthy,NoCollagen
01ASC-0180 -coll 60x DMSO48H-Zstack cell4,NRRD,0.37,0.168422918537191,0.168422918537191,11740.607352996974,2953.145476245931,17684.640332202274,0.6638872565374312,0.2501131359312563,0.912895938466898,71.38385432418981,29.53240093904014,1.223538212971253,Training_Labels,1932.131400213266,6580.401560835333,0.114004720314609,171,0.6974212480198569,0.1381985779348432,0.1537778909225664,0.9110790727007252,11.299014036334889,144,456,3.2234058383306765,1469.8730622787884,1.356511077638023,38,739.4411108594404,0.4818842148967506,0.7345937820588961,10.705257470460271,0.5855458836377269,0.977929847452216,62.0,Male,Healthy,NoCollagen
01ASC-0180 -coll 60x DMSO48H-Zstack cell5,NRRD,0.37,0.191814990556246,0.191814990556246,15827.858521614446,2800.3282910899734,24949.206184948274,0.6344032914026463,0.2151827819276127,0.943776629930496,84.96688164431679,28.22142227122675,1.3842656030509444,Training_Labels,1463.2233866938743,5670.157938610022,0.1099248945471238,180,0.7036430912948434,0.1379675188167458,0.1454341372397095,0.9150433961881276,8.129018814965969,135,455,3.0590433865626228,1391.8647408859931,1.3523768002154686,41,703.4863954708856,0.5435614327251843,0.7952686594336554,8.100705147237488,0.6168009010245579,0.9721574234329144,62.0,Male,Healthy,NoCollagen
01ASC-0180 -coll 60x DMSO48h-Zstack cell10,NRRD,0.37,0.180139295478909,0.180139295478909,6726.159706908883,1350.9131563559697,9558.817695805072,0.7036602141560548,0.1825137584071914,0.9610659777784608,73.8178660215468,20.42114092760808,1.165675767747645,Training_Labels,1295.2918501567174,4049.321289640552,0.1419102100871897,68,0.7019153536443766,0.152679457860857,0.1783400977858932,0.9387023629312802,19.048409561128192,96,264,3.5706294629423514,942.6461782167808,1.3678057123991982,27,522.9697921550967,0.5225979013841676,0.7808825787534527,8.82695740682573,0.6187044235294862,0.9692687703057548,62.0,Male,Healthy,NoCollagen
01ASC-0180 -coll 60x DMSO48h-Zstack cell6,NRRD,0.37,0.205109098812619,0.205109098812619,28053.89178616047,7781.856680929734,68593.22447786534,0.4089892551299044,0.1790089355631121,0.9525433060213148,119.7223960663679,36.5535885328564,1.7975666865922786,Training_Labels,3108.226578675687,10388.20404083254,0.0991483367345498,298,0.6884889080565223,0.1423242106637913,0.1944982540854516,0.9095292390323818,10.42976819002936,138,488,3.740314802927992,1825.2736238288603,1.3982438119076732,31,1341.616706560185,0.6443015875961466,0.8104691199394941,4.822668149566616,0.652458039433361,0.9551620195930672,62.0,Male,Healthy,NoCollagen
01ASC-0180 -coll 60x DMSO48h-Zstack cell7,NRRD,0.37,0.207160189800746,0.207160189800746,25739.19310569754,5047.969921545522,59268.63205432876,0.4342801953334039,0.1452070739617815,0.9767846670892628,129.72665620818617,27.77001904575005,1.624432447516685,Training_Labels,2731.1483860015774,9087.532201086458,0.1039764596943828,365,0.7167556716467476,0.1430120119484123,0.1584590206573627,0.947791813000756,7.481858762976216,184,606,3.284182486177172,1990.2145866233664,1.3314122362339864,48,1097.6770877838096,0.6390953259548672,0.8181600090049351,5.082812775460988,0.6364509831638624,0.9617338064426356,62.0,Male,Healthy,NoCollagen
01ASC-0180 -coll 60x DMSO48h-Zstack cell8,NRRD,0.37,0.207160189800746,0.207160189800746,22920.77550888053,6978.127046229916,42550.078511238,0.538677631413227,0.1872061234229747,0.9661949384656956,122.7566291879996,31.682876220016457,1.4520181220092758,Training_Labels,3907.0279598235934,11970.730922427829,0.1002138626067636,236,0.7043853357660727,0.1506968071620502,0.1315512557607846,0.935199331804287,16.555203219591505,298,817,3.3976768246232067,2775.90196571716,1.297578508627934,97,1238.1716251373248,0.5248751608233272,0.8225117198336707,8.485380315157794,0.6478341232067555,0.9803371845966232,62.0,Male,Healthy,NoCollagen
01ASC-0180 -coll 60x DMSO48h-Zstack cell9,NRRD,0.37,0.180139295478909,0.180139295478909,10805.797144235314,3286.311315904534,24655.653803920693,0.4382685298135147,0.1285705836705725,0.9761546346232672,97.44929879956042,21.12873895072013,1.400740089330992,Training_Labels,2113.5630183949834,6603.838038465815,0.1206047775319631,180,0.7146532329668258,0.135312455523175,0.164912678199057,0.9159913508768954,11.742016768861015,136,441,3.3275354519073064,1467.443134291122,1.3750013448137952,37,695.0358226754422,0.588693940280718,0.7678547586775311,6.801659799373546,0.5711694452307726,0.9734638280698216,62.0,Male,Healthy,NoCollagen
01Asc-230 +Col 60x veh-Zstack Cell1,NRRD,0.37,0.160589294419182,0.160589294419182,5013.352925871488,3821.230446825619,15679.58719519314,0.3197375583592163,0.0909644933001196,0.9829862638320418,90.74025528699885,16.63298667043883,1.1840830467547372,Training_Labels,2502.602071230795,6836.304586812543,0.1303938935237554,46,0.6315747161279853,0.1559557078793678,0.1766521927903959,0.8102945867927839,54.40439285284336,101,303,4.4401423087629,1345.3631195551586,1.509204897340917,19,340.4741096393374,0.4787558582367801,0.8776893960148946,7.353436799752808,0.7148660205911531,0.7736458649551151,63.0,Female,Healthy,Collagen
01Asc-230 +Col 60x veh-Zstack Cell2,NRRD,0.37,0.129475118625466,0.129475118625466,4779.364038258757,3260.202881145444,18822.89428263892,0.2539122818464187,0.0772334360384813,0.9776993561240253,90.56314711276202,18.98923374010505,1.3257992130394454,Training_Labels,4616.161007434098,9959.274982235402,0.1346202417915407,74,0.6647189146183448,0.104210499332701,0.1410722389001876,0.8093763677416106,62.38055415451483,224,720,2.915082522420733,2098.859416142928,1.4790534560605575,44,1042.478587478392,0.6231989131828395,0.8006011998974265,4.509846081305625,0.7675751082736892,0.9455524363006262,63.0,Female,Healthy,Collagen
01Asc-230 +Col 60x veh-Zstack Cell3,NRRD,0.37,0.103580094900373,0.103580094900373,4762.193977832778,5495.914450727421,15115.155798196742,0.3150608595381408,0.1785798019767786,0.8712914566973877,49.56679462130262,25.082214709914428,1.0639775995440377,Training_Labels,3956.0851335525376,9373.516504582618,0.1290501940732844,102,0.6433579179871217,0.1023396876536526,0.1409956512953748,0.8064726762952424,38.78514836816213,220,880,2.759964656853281,2428.768898030888,1.6005812532067856,36,398.39998483657695,0.3629097710687485,0.6629403616815828,12.064627847180326,0.5246456428775291,0.7233642300096582,63.0,Female,Healthy,Collagen
01Asc-230 +Col 60x veh-Zstack Cell4,NRRD,0.37,0.121858935176909,0.121858935176909,9510.289310996412,2621.7258349146414,15257.912655602531,0.6233021203922242,0.3174026367442502,0.9057076785136474,62.42893327873642,26.87829847042484,1.2838998177859935,Training_Labels,4797.190184411657,10700.379811158467,0.1285512257747295,100,0.667001597314253,0.139651298751841,0.1473214537826168,0.8764990912407481,47.96618771800487,226,733,3.2186180530968103,2359.247032919962,1.494170746135658,48,646.5918300061013,0.4966445787229524,0.540730811961105,6.983261420943279,0.54954512455832,0.8925925360138097,63.0,Female,Healthy,Collagen
01Asc-230 +Col 60x veh-Zstack Cell5,NRRD,0.37,0.14903610777032,0.14903610777032,6621.287652753956,3769.542302144229,22222.505248324986,0.297954149577849,0.1293951278740339,0.9518165106637182,84.46838223524887,25.98680375142862,1.2469272482880902,Training_Labels,4509.434246645409,10153.268691155012,0.1300048689050472,59,0.6813791401701522,0.1305056617532327,0.1381320663933889,0.8888416147186625,76.42677080918524,229,634,3.5579875198151574,2255.76408756281,1.4137216592775903,61,517.7150669258735,0.4960857855098571,0.687898707436678,7.49966414035846,0.4570550007042833,0.8528145560880513,63.0,Female,Healthy,Collagen
01Asc-230 -Col 60x veh-Zstack Cell1,NRRD,0.37,0.188327445273405,0.188327445273405,12819.236802660624,2476.045286543977,47530.34485273087,0.2697063705803113,0.1209161216214208,0.9843156617253996,115.0370559690872,20.23673117686479,1.627840158847767,Training_Labels,3750.5304714864624,9221.243436292309,0.126596909182299,90,0.6783605567653054,0.1273217245978063,0.1481034490967215,0.8529070887056599,41.67256079429403,199,564,3.189079767446074,1798.6409888395856,1.364334776780888,55,1393.0061828991484,0.5919507454375005,0.8567631312810149,6.160089671143824,0.7023929288666977,0.9823520701845306,63.0,Female,Healthy,NoCollagen
01Asc-230 -Col 60x veh-Zstack Cell2,NRRD,0.37,0.121858935176909,0.121858935176909,10443.356655873124,2953.2128792832154,25243.020206173984,0.4137126449440812,0.1814383690837016,0.9517746026952264,69.40570889464907,21.298516661590497,1.8658427486709144,Training_Labels,8277.373198406836,13183.62786605029,0.1500989127582307,45,0.6233214160432509,0.1125255905992948,0.1552837646239205,0.7811935265122888,183.94162663126303,315,1039,2.9060769386549263,3019.4139392624684,1.5359725789622691,66,1286.2333046936117,0.5825869626352953,0.7294345261921324,4.657414124093651,0.701183190459092,0.9174818542381916,63.0,Female,Healthy,NoCollagen
01Asc-230 -Col 60x veh-Zstack Cell3,NRRD,0.37,0.164412849048211,0.164412849048211,9823.196328956748,4113.189018754731,32054.928244736937,0.3064488634620358,0.0931516042705685,0.9258914318860196,83.41229366188962,31.8204122291024,1.1511329200189069,Training_Labels,8574.735820969174,15581.71864985397,0.1300217275463652,75,0.6259526302562338,0.1356806417521745,0.1439125592268239,0.8824955129757814,114.32981094625568,321,885,3.414420403659971,3021.7620572390742,1.3691975810582155,87,1641.5567895452373,0.6218206520525613,0.7823322039368537,5.485086637139447,0.6048009406495859,0.9766356531004636,63.0,Female,Healthy,NoCollagen
01Asc-230 -Col 60x veh-Zstack Cell4,NRRD,0.37,0.14797156414339,0.14797156414339,5232.170017398116,2366.834230761482,17609.925780977464,0.2971148250408865,0.0959560571482907,0.9657508035929918,79.50243882638507,20.64569108901632,1.0734802285680003,Training_Labels,4566.432164639828,8447.568610080467,0.1575688639185141,33,0.5997858049816,0.139712477850241,0.1749891226069484,0.791407787094645,138.3767322618129,158,439,3.95103978837589,1734.5064670970155,1.3888363348584776,35,409.8886129807439,0.6106977370961236,0.8185714576956394,4.458563900729549,0.6387566698473048,0.8994986488408477,63.0,Female,Healthy,NoCollagen
01Asc-230 -Col 60x veh-Zstack Cell5,NRRD,0.37,0.115088994333747,0.115088994333747,2118.3478832244514,3389.688329252266,6625.817572628902,0.3197111692261642,0.0960900444433378,0.9760981943100492,62.09465720808094,13.47690992475703,0.9234047319875028,Training_Labels,1844.984690348276,4528.255883469037,0.160650349824262,90,0.6563286946284417,0.1079639461156634,0.187984272229371,0.8164093646573126,20.499829892758623,101,383,2.816740947579446,1078.8117829229277,1.5316035522764562,14,364.5087612999749,0.4216485500269151,0.7908117291446787,10.096295754760094,0.594598867335268,0.7460379553843685,63.0,Female,Healthy,NoCollagen
01C-0096 +coll 60x vehicleZstack cell1,NRRD,0.37,0.186630801622293,0.186630801622293,17609.76378982113,5477.903039682754,48749.93874146006,0.3612263778055717,0.133344321563631,0.7860553436700237,70.95389110725957,48.28447742160841,1.831615814016789,Inference_Raw,4249.727403795352,5112.331595496345,0.2481832637714049,49,0.7094495916275557,0.1367191192564562,0.3051523679207725,0.9063850453764528,86.69967356795877,77,191,4.20941184894409,803.9976631483212,1.2718382024832495,17,1784.7628206819911,0.6438982712727755,0.7858808827973156,4.469618882143488,0.7763389193089696,0.9599356752710232,53.0,Male,Healthy,Collagen
01C-0096 +coll 60x vehicleZstack cell2,NRRD,0.37,0.186630801622293,0.186630801622293,16978.598929740107,6044.643754528304,53392.59285110553,0.3179954001688561,0.1316125031118719,0.7390691331032772,71.68965933515899,57.24323628155677,1.439783783297442,Inference_Raw,2010.95117105018,2173.7132041556088,0.3544455796749049,30,0.7874755409242319,0.0974245526945687,0.4436495071758213,0.9293828409494832,67.02526195629152,15,42,4.745312961922532,199.3031444007464,1.3294634712444715,2,1935.4047002018904,0.6013381594758284,0.7776321118353292,5.33332947367577,0.7509882117668384,0.959935815475886,53.0,Male,Healthy,Collagen
01C-0096 +coll 60x vehicleZstack cell3,NRRD,0.37,0.191814990556246,0.191814990556246,6873.014164559592,2538.346858424834,41037.2895100477,0.1674821667468262,0.0622836170737725,0.9014004000952726,89.91403724749185,39.607191073597576,1.8314564666373985,Inference_Raw,1625.0187232170474,2402.636960191471,0.278207104983788,48,0.7853517981842021,0.1521496412013736,0.3497909678194252,0.9688676236841928,33.833853011268424,26,148,2.985450022010617,441.84660325757136,1.3644478546523922,3,716.2421573827252,0.5743489149944523,0.3322668579035982,5.687158783912708,0.2562423810322051,0.8676000131921772,53.0,Male,Healthy,Collagen
01C-0096 +coll 60x vehicleZstack cell4,NRRD,0.37,0.119745774451298,0.119745774451298,3438.3286562774715,1967.0567174664543,6060.536057747714,0.5673307812238746,0.2905175814520612,0.9201335365584196,53.485477577121095,21.178838673562247,0.9024671448507924,Inference_Raw,821.4797579786828,2376.170530850923,0.1785135130121615,58,0.6673260900499269,0.1427670585734442,0.1971942396077669,0.8493387393074648,14.126123015782117,57,300,2.335759662121628,700.7278986364884,1.4320454542638985,14,0.0,0.0,,0.0,,,53.0,Male,Healthy,Collagen
01C-0096 +coll 60x vehicleZstack cell5,NRRD,0.37,0.119745774451298,0.119745774451298,8881.252127201258,2723.2292829578496,16485.45003908377,0.538732767752506,0.2835801098009028,0.7170758343031249,46.83393470498826,41.36977216166392,1.2652020041756846,Inference_Raw,2476.7585257817086,4234.331674347513,0.2090683840038022,26,0.6099208063057917,0.1503485692989039,0.2196052765845911,0.8058469160413806,95.24076206174443,88,363,2.8032300743430856,1017.57251698654,1.4503160574595533,23,1275.291922114016,0.5095647174424424,0.6881533085355558,10.069856209679296,0.4747543390181817,0.9727802509105624,53.0,Male,Healthy,Collagen
01C-0096 -coll 60x vehicleZstack cell1,NRRD,0.37,0.18332760159358,0.18332760159358,15101.431717335856,3637.732476741951,28912.11933924951,0.5223218519589803,0.2592826580808252,0.805029691177212,72.43780205018004,46.441825573210295,1.131072678120236,Inference_Raw,4033.586956319594,7981.086559364292,0.1535381792263954,67,0.7518874009454634,0.1251790344125004,0.1610090270539174,0.9124537401185298,60.19499510913237,155,446,3.718778186753763,1658.5750712921783,1.3364370739598832,39,1368.0110402315863,0.4771196310085634,0.6755799211243892,9.7891729626793,0.552145200023724,0.927110459383612,53.0,Male,Healthy,NoCollagen
01C-0096 -coll 60x vehicleZstack cell2,NRRD,0.37,0.144867265594927,0.144867265594927,9952.33317879832,3260.4598556122605,22481.513469922924,0.4426896432979536,0.2242565543595414,0.7386104035499701,51.69602264035206,41.33246131319596,1.2213283845070044,Inference_Raw,3067.6620071502693,5959.793690406859,0.1713133614931847,84,0.6890015540711042,0.1291383095273166,0.1953164356622085,0.864424184825977,36.50499529632768,121,447,3.1166573297962987,1393.1458264189455,1.3710211349544976,29,1830.609843132681,0.5383478611657618,0.616186448891567,7.9982771820931715,0.5483768984056904,0.9481658146952008,53.0,Male,Healthy,NoCollagen
01C-0096 -coll 60x vehicleZstack cell3,NRRD,0.37,0.144867265594927,0.144867265594927,10962.903176060938,2870.7638033985654,20250.614560713024,0.5413615050147365,0.2250377763892784,0.7796088587897892,53.09843892152516,36.88779681560158,1.3418948188148712,Inference_Raw,3439.248992712457,5310.698405646978,0.2074793594065906,81,0.7295128454023869,0.1359947792000452,0.2351444105715606,0.8989972393024183,42.45535848208582,121,363,3.387724229539632,1229.743895322886,1.3843680314646405,32,1849.8515481149832,0.4180707257492945,0.6260679271295073,7.782622567014186,0.5663570942427615,0.9258525270611214,53.0,Male,Healthy,NoCollagen
01C-0096 -coll 60x vehicleZstack cell4,NRRD,0.37,0.150116079565757,0.150116079565757,10228.297886190268,3608.679297827839,35462.39891064207,0.2884265644849202,0.1215199079768214,0.7380195858735404,59.2514928183685,47.443241008586085,1.7032178550404802,Inference_Raw,2364.550511192472,4078.842743491203,0.2104325380291427,74,0.7449670271090133,0.1380979084324562,0.2457623094729391,0.9189921362177456,31.938737642111025,78,285,2.999272845611745,854.7927609993471,1.3686775383215517,15,,,,,,,53.0,Male,Healthy,NoCollagen
01C-0096 -coll 60x vehicleZstack cell5,NRRD,0.37,0.186630801622293,0.186630801622293,21097.22189001113,4233.729746717921,52518.34414026705,0.4017114826328918,0.2232227740188338,0.857425180141593,87.16000460064923,46.62864042433712,1.359657680778043,Inference_Raw,5961.598576726076,9536.41670635248,0.1667275586526071,107,0.7292802356569921,0.1178678230965628,0.1823208190494394,0.9322105627644612,55.70214395120728,177,479,3.680717661938687,1763.063760068631,1.3327003744037118,43,2436.7280908532784,0.5049251876089494,0.7396782628274117,8.928059047077785,0.5977362372019313,0.960556997779934,53.0,Male,Healthy,NoCollagen
01C-0097 +coll 60x VehicleZstack cell1,NRRD,0.37,0.158137549466218,0.158137549466218,10491.36348582315,1702.448655529387,23341.97340961307,0.4494634323206977,0.1770462100004872,0.9525173408854024,81.25419863556472,24.80342097765153,1.4198977964155977,Inference_Raw,5408.872834772368,8622.928338996353,0.1728093334139354,78,0.6966728867651601,0.1306980203594953,0.1809508319578867,0.9305481465713036,69.32198472574898,138,424,3.5775236219398887,1516.8700157025128,1.3026637243795678,25,1029.8794851485857,0.5594125919818457,0.7314628362081357,7.080080194128318,0.5410037907496166,0.9648216738831796,57.0,Female,Healthy,Collagen
01C-0097 +coll 60x VehicleZstack cell2,NRRD,0.37,0.158137549466218,0.158137549466218,6792.800283801512,1394.8270198124842,29792.78363003924,0.2280015311141494,0.0657440986428795,0.9798705831089746,91.73706237579763,18.234295642833462,1.8164538933355248,Inference_Raw,4039.148386594068,6359.244785788109,0.1928731561974078,20,0.6715442888621277,0.1471021630722149,0.1969229637859852,0.8832786912665599,201.9287357449232,90,310,3.2710054152558827,1014.0116787293236,1.3183134191889052,18,708.4845440710409,0.582519391095827,0.7245926855458676,3.571660686486312,0.5046176476720371,0.9287917087967644,57.0,Female,Healthy,Collagen
01C-0097 +coll 60x VehicleZstack cell3,NRRD,0.37,0.190055220000684,0.190055220000684,12202.017135305372,1431.5345168328322,23789.059061281903,0.5129255891909098,0.1020356868249767,0.9836869313855096,101.57085073752005,18.19364549873632,1.7557549754782156,Inference_Raw,7125.023548956789,10717.263772645649,0.1670799772768805,34,0.6236505308805158,0.160520387160994,0.1767967116881329,0.9360971666952512,209.5465444620529,176,450,3.778948123642383,1700.5266556390725,1.2903811155567766,51,1464.8718039662867,0.5691434369154658,0.7250714434242478,6.973951512594962,0.5791462137395463,0.9649254257607278,57.0,Female,Healthy,Collagen
01C-0097 +coll 60x VehicleZstack cell4,NRRD,0.37,0.14797156414339,0.14797156414339,6865.786168040038,1811.1404865810307,15628.73537443116,0.4393052926900641,0.1407153146798807,0.9495172783422184,67.32476490581848,21.16568977296285,1.4957172359926727,Inference_Raw,4855.877769236646,8112.79380571207,0.1709328434841703,27,0.6744779681471663,0.1444975572579194,0.1737517823927046,0.8870748381666858,179.81221886719106,171,559,2.8965871530687544,1619.1922185654337,1.3376844292992496,42,803.6555076131989,0.5860150840983397,0.7580264323957334,6.273705447726876,0.5390386295918962,0.9675442467029466,57.0,Female,Healthy,Collagen
01C-0097 +coll 60x VehicleZstack cell5,NRRD,0.37,0.18332760159358,0.18332760159358,12525.402637905496,1719.4937306428938,26478.55980337059,0.4730394224957459,0.1615165422311165,0.9459381010294,88.78964697882058,28.917339656881524,1.4980416900969848,Inference_Raw,6935.135761230749,11210.493964640042,0.1568782321800222,63,0.6925210985852657,0.134895269210182,0.1684447322388187,0.917250423455955,110.07500627340762,168,458,4.133967730765599,1893.357220690645,1.332045467435632,46,962.818132905834,0.5445026129047287,0.6940338026735252,8.197231668590472,0.5435877324429119,0.9653994339222702,57.0,Female,Healthy,Collagen
01C-0097 -coll 60x VehicleZstack cell1,NRRD,0.37,0.15459715656772,0.15459715656772,1952.53965556685,1759.0141413695037,10279.806147813377,0.1899393458875852,0.0514019257272693,0.9747890126739844,62.86470666962081,14.008674914741524,0.974373703561276,Inference_Raw,362.3727117356968,1178.32191956702,0.2086045731866192,27,0.6108860078776883,0.1775322999253665,0.2607578720946894,0.8570883089856769,13.35406946057737,37,150,2.2120301735935546,331.8045260390332,1.291363565109323,5,0.0,0.0,,0.0,,,57.0,Female,Healthy,NoCollagen
01C-0097 -coll 60x VehicleZstack cell2,NRRD,0.37,0.191814990556246,0.191814990556246,11620.96195750759,1497.636777418471,28483.818281334454,0.4079846965293571,0.1192159442270468,0.923947190048698,70.97685098380886,27.39085697604489,1.6732285477896622,Inference_Raw,5577.644080291525,10687.462835752893,0.1423126062082116,43,0.6453901558119459,0.1504709315380536,0.1612628629468862,0.89360581292916,129.68574280783926,193,513,3.619416235041921,1856.7605285765053,1.297771301834079,53,778.1831570613483,0.5670774946922874,0.4539018597243673,7.509519541684213,0.2722352078256834,0.914514450404291,57.0,Female,Healthy,NoCollagen
01C-0097 -coll 60x VehicleZstack cell3,NRRD,0.37,0.15459715656772,0.15459715656772,6861.594239011965,1065.6103961391602,17033.008988436046,0.4028409920801662,0.1574985385339872,0.8865378550666032,56.94866210274552,26.95973245085336,1.3521792832629422,Inference_Raw,2024.6109523760144,4921.840509264861,0.1572477026866704,49,0.6761253020722526,0.1539687039610761,0.1761912818249727,0.8537470560597836,41.29982182796135,90,321,3.258301086649449,1045.9146488144731,1.2671593926380238,21,1076.0730984322872,0.6158905636235875,0.8087395326197481,5.658773651231707,0.6405402552899371,0.983303296507916,57.0,Female,Healthy,NoCollagen
01C-0097 -coll 60x VehicleZstack cell4,NRRD,0.37,0.193607654019388,0.193607654019388,12444.866579248728,1304.9130976221254,32360.3325654805,0.3845716527809714,0.1635735223345146,0.9698988599155406,85.65314448493683,20.81215347565476,1.79045907086169,Inference_Raw,6052.92573892675,9212.806691446734,0.1743421495656975,73,0.7121777182836789,0.1351779269508394,0.1928790496589785,0.9497876129820748,82.89380251593053,164,438,3.5115831790328373,1538.0734324163827,1.3376925148523489,44,1237.6603106451014,0.6409869369921479,0.673124940221706,5.175486468764893,0.526355006082127,0.9467324421812008,57.0,Female,Healthy,NoCollagen
01C-0097 -coll 60x VehicleZstack cell5,NRRD,0.37,0.152323668971136,0.152323668971136,8192.181896585796,1792.9312665730474,24640.64074016328,0.3324662691596676,0.1289250972762646,0.9406534097044638,67.36793008564477,22.94770122350881,1.676693433999882,Inference_Raw,3369.188174656885,6358.711949839966,0.1709222040549636,89,0.6823141887703504,0.1437314808087157,0.1843434775384133,0.9194616818496608,37.8134116605148,170,531,2.9855801566194384,1585.343063164922,1.2973574507291776,36,1638.6389835482842,0.6037686402212038,0.7357942374621725,5.26400269560729,0.6501278360857411,0.9546608450958104,57.0,Female,Healthy,NoCollagen
01C-0113 +coll veh60x Zstack cell1,NRRD,0.37,0.207160189800746,0.207160189800746,15586.620855331366,13435.08970118247,81331.54349327073,0.1916429983481253,0.066237167315133,0.9695441073798472,126.83531240130814,31.05179312075932,1.9978874765372063,Inference_Raw,1779.3804645538269,5318.493126778471,0.1335184865704324,100,0.6451465634611026,0.1311852818288872,0.2550904818748248,0.8976884146841851,17.79078769683832,37,175,3.4544733021718588,604.5328278800753,1.3795117513880524,3,0.0,0.0,,0.0,,,64.0,Female,Healthy,Collagen
01C-0113 +coll veh60x Zstack cell2,NRRD,0.37,0.207160189800746,0.207160189800746,8452.998018264741,5010.330777997634,50028.31099033342,0.1689642894379953,0.0873723099749215,0.959835052404354,92.53455221286956,25.994754691174887,1.5201364037619869,Inference_Raw,3597.441387176501,8493.735553146424,0.1336742861615493,121,0.6670300139948685,0.1268632948100018,0.1891346790004901,0.8390899589618929,29.72816475166752,84,271,4.235438729472925,1147.8038956871626,1.3743053182714335,25,,,,,,,64.0,Female,Healthy,Collagen
01C-0113 +coll veh60x Zstack cell3,NRRD,0.37,0.207160189800746,0.207160189800746,5027.268648147566,1784.4820191051203,18047.93493747706,0.278550907101748,0.1332315806882064,0.8938639531617294,53.58205357204792,24.490044127320708,1.4442279108287186,Inference_Raw,1784.334611892694,4426.1327819343605,0.1607350362994683,34,0.6649847670302974,0.1420351124561626,0.1836103157322229,0.8867839645555317,52.48042976154983,75,194,3.8921152496678943,755.0703584355715,1.3600675272194402,25,252.10576057434,0.6801135275876565,0.6888399888532637,3.641963066448779,0.5005710571836286,0.8800443458980045,64.0,Female,Healthy,Collagen
01C-0113 +coll veh60x Zstack cell4,NRRD,0.37,0.207160189800746,0.207160189800746,6839.10512924192,2223.6972470296405,14524.964547157258,0.4708517605697309,0.2312921882299871,0.97310529256209,62.65467711042044,14.354863444632658,1.6393914891463466,Inference_Raw,1902.8054237365657,3712.204919670298,0.2000391972009738,28,0.6868625438685872,0.1283342380136936,0.2217262368888991,0.8097536256771455,67.9573365620202,56,144,3.7916376679439097,545.995824183923,1.3451954790950875,13,677.2097110748267,0.6915648466873034,0.7022404417111975,3.771022744545755,0.6891939358316642,0.9376910054306004,64.0,Female,Healthy,Collagen
01C-0113 +coll veh60x Zstack cell5,NRRD,0.37,0.207160189800746,0.207160189800746,15190.05088806147,5788.691925144494,118075.0569820401,0.1286474152654609,0.0766240290556031,0.8974397017865764,98.05423174115153,44.09583268008661,1.6082211317164177,Inference_Raw,4194.5431709289405,10435.319831947116,0.1205317529032404,186,0.6684814619291674,0.1106726175866927,0.186307284755465,0.8620706917557825,22.549173139756647,111,368,3.4941744895384166,1285.8562121501373,1.388549714667162,29,0.0,0.0,,0.0,,,64.0,Female,Healthy,Collagen
01C-0113 no coll veh60x Zstack cell1,NRRD,0.38,0.15935399215442,0.15935399215442,6324.736465363792,2946.3703678922,15093.714414968954,0.4190311471039451,0.1101393242959848,0.9756618684193528,85.31188714012617,18.673691127590985,1.4010762501309182,Inference_Raw,1911.8277984257925,4094.107719183354,0.1819522264123346,47,0.6807245067981693,0.1205793453231703,0.2235737178573555,0.8450965015270765,40.67718720054878,53,147,4.557954588870272,670.01932456393,1.4350394371450443,14,276.0944705037667,0.454964168664042,0.7984579177728821,6.774529356696151,0.6722622274038933,0.7513063571672399,64.0,Female,Healthy,NoCollagen
01C-0113 no coll veh60x Zstack cell2,NRRD,0.37,0.207160189800746,0.207160189800746,9506.05602264401,1881.2056536903287,39261.9537591933,0.2421187717999932,0.1147332496216877,0.946539588913638,93.02895026673876,30.105264514708647,1.938184592686513,Inference_Raw,2995.448970794668,6485.123990565702,0.1549555458758364,79,0.7240301294974699,0.1309746017082302,0.2193224029689323,0.8912436371959737,37.91446263277065,75,207,4.117623863829945,852.3481398127986,1.343589014762822,20,320.1458930969227,0.563259634936663,0.7145454016547773,5.050425747989824,0.5250583230636334,0.7650741851022654,64.0,Female,Healthy,NoCollagen
01C-0113 no coll veh60x Zstack cell3,NRRD,0.37,0.207160189800746,0.207160189800746,4074.516248702989,1035.8295892121878,8583.462524414042,0.4746937773787437,0.1815861356431159,0.9673337406473608,59.25340886424368,15.008915482307309,1.1031935961772177,Inference_Raw,1611.415815353388,3579.79705713714,0.1856795745310928,54,0.7369049153805682,0.1312214416471534,0.2233051981314537,0.9815302653799752,29.835740725199283,41,132,4.099658613870503,541.1549370309064,1.347266322903345,9,553.5942077636699,0.6274673028223945,0.8951004556932014,4.779946555474975,0.9159080398595592,0.975516942275945,64.0,Female,Healthy,NoCollagen
01C-0113 no coll veh60x Zstack cell4,NRRD,0.37,0.207160189800746,0.207160189800746,4298.739051818832,556.9408320017137,7645.223236083962,0.5622777673161489,0.2113518763135131,0.9477212119155574,45.376842447833006,14.419666128924224,1.8759034443399667,Inference_Raw,1352.450466156001,2314.9744116775264,0.2554772159541127,16,0.6851903477547583,0.1342231207370884,0.2924077623090566,0.8482075210107693,84.52815413475008,25,71,4.02268414326946,285.6105741721317,1.3409218455028131,5,434.3612194061264,0.7534904564633219,0.838276944878445,2.8590345617550974,0.5956332459745085,0.9567696128152215,64.0,Female,Healthy,NoCollagen
01C-0113 no coll veh60x Zstack cell5,NRRD,0.37,0.207160189800746,0.207160189800746,13559.501266479445,2671.047037771956,53043.8755989073,0.2556280270508508,0.1089524883688143,0.966773123246611,110.49092692527296,28.22668593026729,2.04566078411006,Inference_Raw,2828.7704944610496,6088.014889586327,0.1588815839634249,90,0.6766489583081102,0.1227991377723401,0.2487158016449617,0.8946545690092084,31.430783271789444,80,268,3.417264770770652,915.8269585665348,1.442538182953135,21,662.7759933471657,0.7383463666223443,0.795468937898635,3.0148059808823984,0.6600604027527259,0.9492620135998726,64.0,Female,Healthy,NoCollagen
01C-0117 +coll 60x VehicleZstack cell1,NRRD,0.37,0.14797156414339,0.14797156414339,9833.997050110142,1414.0603339634629,18402.620140387025,0.5343802662387251,0.1752752869828893,0.972694637048396,80.3670916657448,18.60934432449961,1.571025145636182,Inference_Raw,5348.270693603809,8867.48354629354,0.1667858950796868,43,0.6354543337552309,0.1477895119699594,0.1794513146009011,0.8181916701255856,124.36519995310503,171,492,3.4363193081245647,1690.6690995972858,1.3908165843231772,36,600.1897004185871,0.5669312466808374,0.789075802615687,4.619246276433553,0.6910801782969185,0.8630860126088121,46.0,Female,Healthy,Collagen
01C-0117 +coll 60x VehicleZstack cell2,NRRD,0.37,0.14797156414339,0.14797156414339,6625.483449624487,1926.517834737046,11944.04643409102,0.5547101215810626,0.1946826794896209,0.9700575285928495,71.63148656103628,17.36816734885682,1.3970417826195336,Inference_Raw,2847.484325876032,5283.893795014964,0.1838672043431917,25,0.6267012359946874,0.1388301713818591,0.205482368209326,0.8198157683332464,113.89256788759776,70,209,3.906845081137462,816.5306219577296,1.401965184634207,10,468.5263001188925,0.6021027881990143,0.8083847738485122,5.199806994815045,0.707579376279518,0.9339782619228346,46.0,Female,Healthy,Collagen
01C-0117 +coll 60x VehicleZstack cell3,NRRD,0.37,0.14797156414339,0.14797156414339,4919.076525435139,1839.8173660146213,12596.132134904625,0.3905227789572076,0.20881169527897,0.9024046599166002,56.195337303936206,24.62797698970192,1.0873460982943617,Inference_Raw,1425.216611550774,3817.089959460465,0.1604497259183087,89,0.6827047940108995,0.1406447902754554,0.1973436628984709,0.9268620092140114,16.011394128097418,82,269,3.1507981530454967,847.5647031692387,1.4743256857152065,19,265.1172024863098,0.5385004152659325,0.4816172813076353,6.321397441205583,0.4073401375571285,0.8129390663145831,46.0,Female,Healthy,Collagen
01C-0117 +coll 60x VehicleZstack cell4,NRRD,0.37,0.160589294419182,0.160589294419182,8406.12847847562,4135.602784208802,22149.415881822104,0.3795191946968895,0.1359748229643212,0.956394533354968,83.48199123407849,24.431250680120165,1.3632833471254022,Inference_Raw,3814.842457252885,10321.276034960129,0.1143936198747717,100,0.6394154749215517,0.1550065242386886,0.1593984225131623,0.8504830283798102,38.145943678282286,166,490,3.6804664710258046,1803.4285708026443,1.444651209254332,38,606.2733024568191,0.353309112063001,0.6803233580342088,6.10005216547812,0.6588570445293053,0.8905818818432689,46.0,Female,Healthy,Collagen
01C-0117 +coll 60x VehicleZstack cell5,NRRD,0.37,0.134519603766718,0.134519603766718,4847.395438169958,1242.9982927730148,15255.241545643154,0.3177527818007154,0.1609872321122826,0.874621454309562,57.66556170770183,28.775956751712176,1.2598488733520965,Inference_Raw,1059.7724941895065,3239.9083093568743,0.1551528772342343,50,0.6980550486761294,0.1413794712628799,0.1841895243771458,0.8650420260315522,21.195449883790133,46,153,4.084034267597197,624.8572429423712,1.438426499543418,12,383.8239743146972,0.5132393329697358,0.8034009142143301,6.589525197071591,0.693243768648003,0.8734003447171337,46.0,Female,Healthy,Collagen
01C-0117 -coll 60x VehicleZstack cell1,NRRD,0.37,0.164412849048211,0.164412849048211,7114.899672077862,2492.090592747789,23609.532565666774,0.3013570748293603,0.1259322281137056,0.9354341105697188,76.90974855522262,27.37100338594202,1.283279923868385,Inference_Raw,1411.0479225106722,4422.985123295832,0.1375508108863862,96,0.7149515187937103,0.1477702570095172,0.1893508006044127,0.8904994940614359,14.697582385617428,72,221,4.12359780720736,911.3151153928266,1.4205267358344442,18,581.1579914049739,0.5654255895338524,0.6860842820507241,5.997097543995877,0.6703180597670803,0.912298608712038,46.0,Female,Healthy,NoCollagen
01C-0117 -coll 60x VehicleZstack cell2,NRRD,0.37,0.207160189800746,0.207160189800746,16704.193925857486,4368.093455356609,41667.994165420416,0.4008878819446514,0.1525749466997345,0.9496168918873892,109.08534440966427,34.319452231921936,1.5079556006266075,Inference_Raw,7761.846828460666,14321.35617507816,0.1323762347531918,124,0.7057464488267853,0.1190025010736944,0.1593926609122719,0.8959922444745354,62.58811181591382,229,617,3.6614800813377326,2259.133210185381,1.31341938716361,61,1205.8267593383746,0.5656571114056842,0.7928012910923149,7.570238808892771,0.5529030609385918,0.9789993425208524,46.0,Female,Healthy,NoCollagen
01C-0117 -coll 60x VehicleZstack cell3,NRRD,0.37,0.131114044177687,0.131114044177687,4083.295640913309,1832.6032393583048,9551.205078849842,0.4275162774962655,0.1826168585863183,0.9109738807667724,45.48527923459469,18.986606152328537,1.3600036726326408,Inference_Raw,2452.8180420197937,5183.208161416116,0.169692388158687,40,0.627595978389117,0.1438109876981682,0.1983172554848093,0.8159466069011063,61.31520353053461,83,261,3.4728734139087987,906.4199610301964,1.4858833680852122,19,415.83256353993136,0.5930801763131544,0.7573278183742012,4.57910419916493,0.8111933923773388,0.9162076939247424,46.0,Female,Healthy,NoCollagen
01C-0117 -coll 60x VehicleZstack cell4,NRRD,0.37,0.169803434262906,0.169803434262906,6187.061986689929,1914.0197671309168,14484.030077195232,0.4271643978723375,0.0783712323095168,0.986531468226296,96.76104855353404,15.771004638642848,1.3808721225070852,Inference_Raw,1560.2155386584488,3752.759336341444,0.1733497193847101,49,0.7029990455085162,0.1569607338663561,0.2275783396049906,0.8906208671085576,31.83242463684477,55,158,3.806044999556301,601.3551099298954,1.3706621878986298,10,1658.907855463665,0.0816900390828289,0.0039836035769565,17.04985557650672,0.8098650066231688,0.2383367785800358,46.0,Female,Healthy,NoCollagen
01C-0117 -coll 60x VehicleZstack cell5,NRRD,0.37,0.164412849048211,0.164412849048211,8013.261148448395,2563.1386626161066,18606.337289961462,0.4306737550528942,0.1315826555951176,0.9601587031283,79.37519421076227,22.199905537745728,1.4310100957185967,Inference_Raw,1696.0759822473422,4027.356576143082,0.1707762911756506,62,0.7243253014024024,0.1320207975510532,0.1967579087110934,0.8837332847267299,27.35445105456602,53,169,4.164666448421883,703.8286297832983,1.392395623145092,12,937.428063546174,0.2652088910713234,0.6113540308903552,9.293570310902316,0.5203506204579418,0.8571311483807513,46.0,Female,Healthy,NoCollagen
01C-202 +coll 60x veh 48h-Zstack cell1,NRRD,0.37,0.207160189800746,0.207160189800746,16044.00615692133,7832.620259458791,68056.79719448063,0.235744360861908,0.0900061250471671,0.9045430034096796,103.41765615753036,44.81677081246525,1.934166607866636,Inference_Raw,3736.729145050036,9916.116476874751,0.1174366312249897,234,0.6707532771921676,0.1122940890176476,0.2109205512472812,0.8536203505424081,15.962074353144663,110,370,3.455193456406126,1278.4215788702668,1.3819078397370042,27,766.797208786008,0.7196856751832357,0.8728494633761519,3.3189774841946806,0.7673438699653301,0.980029225523624,78.0,Female,Healthy,Collagen
01C-202 +coll 60x veh 48h-Zstack cell2,NRRD,0.37,0.207160189800746,0.207160189800746,11989.163589477495,7147.776004302467,64084.88366603832,0.1870825521343832,0.0918898657397941,0.9301310273963664,129.86579603876416,48.11296085453415,1.440193287155925,Inference_Raw,3406.4685344695927,9162.34233626484,0.1194943022972136,248,0.696362834891645,0.1056298952634465,0.1884123203888213,0.8355896550700358,13.730317931021368,114,450,3.129766899496292,1408.3951047733312,1.3222488742681036,29,656.3610076904274,0.5984254611412988,0.813679661750026,5.9704049673865045,0.6946705341764102,0.9708756106726796,78.0,Female,Healthy,Collagen
01C-202 +coll 60x veh 48h-Zstack cell3,NRRD,0.37,0.168422918537191,0.168422918537191,9214.429327733757,4167.072038112879,30298.02392546917,0.3041264126796041,0.1751972502896543,0.869619885816325,64.83786598330249,33.0440645111342,1.2543651923776693,Inference_Raw,2758.1500836882024,10706.454435532089,0.0888349197557496,533,0.6365129135715185,0.1247434222580258,0.1763557178323621,0.8826056837905789,5.131759588290931,206,1101,2.2970602766994954,2529.0633646461447,1.4706413133212632,37,279.33835557781794,0.4339581955445518,0.1058592903303863,10.630282088212455,0.1651621500528762,0.3404569185576664,78.0,Female,Healthy,Collagen
01C-202 +coll 60x veh 48h-Zstack cell4,NRRD,0.37,0.207160189800746,0.207160189800746,12472.558164596514,4842.657106121224,38387.85638809192,0.3249089513751947,0.1517939134871065,0.7328629301277053,66.79391145394253,54.65840671306387,1.5076668365806265,Inference_Raw,2930.3463935851946,10273.229661338495,0.096395427735076,371,0.7041564638793886,0.1168642949133799,0.1752317826305773,0.9038543244997408,7.876637168329012,178,663,2.6615142280145005,1764.5839331736138,1.395409239444593,43,950.8152008056608,0.5429035281021479,0.7988551277995358,7.004798423017896,0.7270415861837937,0.9624997990773632,78.0,Female,Healthy,Collagen
01C-202 +coll 60x veh 48h-Zstack cell5,NRRD,0.37,0.207160189800746,0.207160189800746,11444.779014587362,6452.06469073966,49917.32432842239,0.2292746890696388,0.1077715416286875,0.9081051656104911,102.15685435275915,43.446904537451445,1.3458453674809392,Inference_Raw,27707.27577209463,40583.59255438139,0.1091095723342654,214,0.6737361174078537,0.1223641608835181,0.1174956812816132,0.8925263262025958,129.40624918893076,525,1480,3.562316526699727,5272.228459515596,1.2990308718579433,126,690.2778625488257,0.5200623834202308,0.3510477613500523,12.020812199835852,0.2093225089448627,0.8338192419825072,78.0,Female,Healthy,Collagen
01C-202 -coll 60x Veh24h-Zstack cell1,NRRD,0.37,0.207160189800746,0.207160189800746,7460.787105560276,9517.483089352434,49331.276750564415,0.1512384758108843,0.0842726212895704,0.8650423690732245,81.14113417462866,42.13530834867908,1.3433131482212683,Inference_Raw,2727.543926239004,8978.060288466186,0.1051516542501373,170,0.6677153826011123,0.1250260792564496,0.1431407993942792,0.8231189887659724,16.038211373721797,141,475,3.3280124269047886,1580.805902779775,1.400317951907741,40,861.4500045776338,0.6130257849010798,0.8732689824746479,5.309413957839052,0.801029650488868,0.9854503841752494,78.0,Female,Healthy,NoCollagen
01C-202 -coll 60x Veh24h-Zstack cell2,NRRD,0.37,0.156939537727837,0.156939537727837,8926.889620536485,4986.4855871018,17505.427694189068,0.5099498153649664,0.176156095974956,0.9558072669014948,71.86602275167535,21.1448415597755,1.5590694264783451,Inference_Raw,1916.1947502577325,6273.346752130083,0.118926305761037,118,0.6492702021759897,0.1071158856438019,0.1635597780234757,0.8217829189282679,16.23577214302588,79,303,3.463983861744748,1049.5871101086586,1.5380244811573371,19,677.5777202007101,0.5976911297327366,0.8569979736125105,5.976348452883865,0.7106723627741084,0.9874628134296644,78.0,Female,Healthy,NoCollagen
01C-202 -coll 60x Veh24h-Zstack cell3,NRRD,0.37,0.16706466919415,0.16706466919415,13245.198313577072,4533.725970050525,20852.85687297731,0.6351742782419991,0.2786891978219207,0.9529716871451058,90.47105681063036,27.494705032229746,1.4210698504194266,Inference_Raw,2031.1922300122333,5305.195346221159,0.1462009166381984,120,0.7088398436822119,0.0963538842425531,0.2069056435699033,0.8020610414815373,16.922471147422062,52,203,3.70884462744085,752.8954593704925,1.4207603115351888,19,535.0069188426592,0.5793790150842187,0.8616670404328807,6.4973740216339735,0.7125559546746695,0.9870632168578288,78.0,Female,Healthy,NoCollagen
01C-202 -coll 60x Veh24h-Zstack cell4,NRRD,0.37,0.197295418857853,0.197295418857853,4512.035992680733,3672.790959668932,25505.03730773909,0.1769076413509745,0.0861500681978176,0.9354301912140688,84.38754333705238,30.035664373403485,1.361122652992309,Inference_Raw,1810.6877073949568,3976.1616716969993,0.1806823756098462,69,0.7088623553307756,0.123838732689763,0.229412539416922,0.8574201530289887,26.23851113825693,51,156,4.207400731884297,656.3545141739503,1.4421268395686322,15,261.67772254165163,0.6785065900704482,0.6876155080259996,4.764953707809879,0.4354165565693484,0.9541038701885208,78.0,Female,Healthy,NoCollagen
01C-202 -coll 60x Veh24h-Zstack cell5,NRRD,0.37,0.207160189800746,0.207160189800746,17167.581367492618,5266.996234125205,39671.03083133685,0.4327485575174831,0.1615842722959788,0.9419307894308988,102.13547691466182,34.47667122704648,1.6335270604838703,Inference_Raw,2909.259510040273,7855.544236869126,0.1254573628550983,171,0.7160249460076523,0.1191317721477493,0.2629929625591543,0.9501534569498804,17.011170638234933,61,241,4.021751481681728,969.2421070852964,1.4207280184787094,11,682.275009155271,0.5915849689642436,0.7913238290497107,6.814540415181299,0.5542694433703113,0.9808254200146092,78.0,Female,Healthy,NoCollagen
01C-222 +Col 60x veh-Zstack Cell1,NRRD,0.37,0.172633491500621,0.172633491500621,9961.785972118269,8430.205772731106,49495.000690221255,0.2012685288048984,0.0866407431717299,0.9444260080568256,90.19565217644266,29.787275285246977,1.4297887597058987,Inference_Raw,3434.8776936530685,9425.671134985374,0.1168008562661437,181,0.6950597782151962,0.1055546943791106,0.1469060465223418,0.8702711830706751,18.97198554560603,132,396,3.9838298573730735,1577.5966235197377,1.4583420763487471,30,1277.9578566551063,0.6913869608810402,0.8726868055597085,3.800537885054487,0.7640466445489571,0.9886880337140956,66.0,Male,Healthy,Collagen
01C-222 +Col 60x veh-Zstack Cell2,NRRD,0.37,0.131114044177687,0.131114044177687,6820.783689988133,4082.828690075188,13680.968304089813,0.4985600096704497,0.2021669416034312,0.9389336433723304,64.82277646898707,22.42928662579752,1.1914787383975325,Inference_Raw,2267.4883582847383,6461.442796415008,0.1291768424596335,159,0.7062353668044233,0.1075912198974334,0.1510586515964835,0.8777525986890318,14.256492630983978,154,491,3.0474492354393155,1496.297574600704,1.4254858665821613,40,679.4870482329945,0.5494166627437893,0.8568053944055567,7.392669628679821,0.6983583219505997,0.9893037728510308,66.0,Male,Healthy,Collagen
01C-222 +Col 60x veh-Zstack Cell3,NRRD,0.37,0.121858935176909,0.121858935176909,5699.659482830479,4867.460249904929,13268.849164969226,0.4295519085316016,0.2013454121132508,0.9166645539699516,66.00730998508949,26.72088229015786,0.7208900897276134,Inference_Raw,2332.138157220837,7195.837388357593,0.1181877052397722,128,0.689894181572692,0.162515844499729,0.131955684027047,0.9535768338948488,18.212618016247745,227,821,2.6204578846099293,2151.395923264752,1.3018435579100651,46,637.1690162737825,0.4993181817468017,0.8067258019093666,9.794690985082015,0.5976994197075322,0.989454284836695,66.0,Male,Healthy,Collagen
01C-222 +Col 60x veh-Zstack Cell4,NRRD,0.37,0.14797156414339,0.14797156414339,4689.896982543307,5212.635807194367,17475.001580861095,0.2683774854521191,0.0922888169264981,0.9589825545654226,79.37754819375934,22.554418849933587,0.9037543231016076,Inference_Raw,2829.5884083728306,7704.835543529614,0.125565287767993,139,0.720064044923474,0.1230285439872926,0.1495525928550682,0.8939370319994632,20.353254146853097,160,501,3.211483958925372,1608.953463421611,1.4081261753869498,44,653.5209928240073,0.5542508049032223,0.8527625328925582,7.378934993776476,0.6742510234110126,0.9874046782623596,66.0,Male,Healthy,Collagen
01C-222 +Col 60x veh-Zstack Cell5,NRRD,0.37,0.114453143536323,0.114453143536323,2982.962775923905,5357.068577470545,10200.665229326074,0.2924282592225586,0.1741354723707665,0.8291156674866084,54.90591937659954,32.520301961072825,0.7084075531791538,Inference_Raw,881.2057663023804,4620.0972559610345,0.0962094858085719,309,0.6765936433684236,0.1380992323867899,0.1457729839455183,0.9864867466573648,2.844598946504928,118,646,2.3749779709457464,1534.2357692309522,1.4954726119971442,31,363.0319018201022,0.3903502217537051,0.7850966030393545,12.28732707058239,0.6882896767387413,0.8134516388279502,66.0,Male,Healthy,Collagen
01C-222 -Col 60x veh-Zstack Cell1,NRRD,0.37,0.207160189800746,0.207160189800746,4213.931035995469,4193.892671413589,15185.54663658138,0.277496170328454,0.1464004369124851,0.8812634894055988,58.52135007671569,28.39579889357711,0.937622259912258,Inference_Raw,959.6755027770962,4068.889539775545,0.1156354949843046,199,0.6874355181311431,0.1377197341999431,0.2175842973215822,0.9013622856091864,4.811797788993781,79,317,3.010242752833279,954.2469526481494,1.3615169388197417,17,,,,,,,66.0,Male,Healthy,NoCollagen
01C-222 -Col 60x veh-Zstack Cell2,NRRD,0.37,0.163118259685626,0.163118259685626,13484.166126580982,7672.356153192627,40918.84982113569,0.3295343389543673,0.171375998846878,0.8567281196407733,80.43706201745553,43.140811539451065,1.3780826127912744,Inference_Raw,9599.368802390436,19715.1283038244,0.1107931648384236,156,0.6390107437381343,0.1276596120965727,0.1259014924218787,0.8224485475337001,61.52677936943484,378,1049,3.486666087761731,3657.512726062056,1.4642067494711957,107,997.130533346442,0.5072295489460992,0.3262299398877047,9.638400327144788,0.3594225713397584,0.721486525954367,66.0,Male,Healthy,NoCollagen
01C-222 -Col 60x veh-Zstack Cell3,NRRD,0.37,0.138106793200497,0.138106793200497,9553.988456725998,11552.433528601974,34171.45827611261,0.2795897201555681,0.1737416581108829,0.743486757761763,56.37451763123359,44.26086043140182,1.2093653613863589,Inference_Raw,3323.618888854954,11896.683393808304,0.090531357576605,221,0.6444836566069653,0.1229173645965659,0.1151728641118763,0.8237229866549274,15.03609359534066,223,766,3.1496172127256283,2412.606784947832,1.616915851215176,38,866.8346405029228,0.6370066003365888,0.7859416859465185,5.234176444605859,0.6050626365775671,0.9825613950883928,66.0,Male,Healthy,NoCollagen
01C-222 -Col 60x veh-Zstack Cell4,NRRD,0.37,0.113202289508604,0.113202289508604,6898.507479857511,8494.508774905844,19466.134411111856,0.3543850737987114,0.1826261672295075,0.8588508445119212,52.46822646593521,27.89566434438427,1.198418563924518,Inference_Raw,4474.815070324726,10907.062649716929,0.1203999698394815,177,0.6492184552703234,0.0964310945463182,0.13723965011577,0.8407560726042498,25.276967493820788,254,838,2.793762435822769,2341.1729212194805,1.6421459260447364,58,,,,,,,66.0,Male,Healthy,NoCollagen
01C-222 -Col 60x veh-Zstack Cell5,NRRD,0.37,0.152323668971136,0.152323668971136,6865.2443716681855,5684.464346874488,27972.61183391768,0.2454273634664268,0.1064204726924304,0.955664999015054,77.50000994918119,22.874230275871987,1.170794087438653,Inference_Raw,3404.592405553461,10893.96196575938,0.1004635114681801,156,0.6912760517930591,0.1112196714459592,0.1119811581087639,0.8345180617332804,21.821393618756,288,758,3.1871933754531563,2415.8925785934925,1.4623740378914316,98,737.7026093459772,0.3604974116985053,0.8006654753993804,10.86801378535228,0.7185431960636605,0.7527946175141045,66.0,Male,Healthy,NoCollagen
03Asc-0043 +coll 60x veh 48h-Zstack cell1,NRRD,0.37,0.207160189800746,0.207160189800746,11374.91283416744,6654.412254602029,39342.42424964895,0.2891258749584792,0.0785722041795405,0.9801559772424544,127.3765600189842,25.23018789202644,1.3733328775400162,Inference_Raw,18134.41815376276,41262.13178212107,0.0808974588670435,318,0.6409573796877549,0.1301079773617663,0.086318469517901,0.9349433952100024,56.86234258255849,849,2815,2.909437045845083,8190.065284053908,1.2384744365425495,207,872.9144096374481,0.6096503395247618,0.8395435157817547,5.771716622413192,0.6916385569644529,0.9712206066816248,70.0,Male,TAA,Collagen
03Asc-0043 +coll 60x veh 48h-Zstack cell2,NRRD,0.37,0.16706466919415,0.16706466919415,10815.108014691225,6797.91177647674,28011.48875632957,0.3860954377959438,0.212043738869087,0.7924919657190185,73.5379294810508,49.08581519462978,0.9677080476936296,Inference_Raw,11956.160758213951,26106.45506737043,0.0968569340623891,190,0.6816572179010991,0.1128484112637359,0.1030068338513323,0.9079092422677288,62.85226451481611,561,1813,2.9129871043948588,5281.245620267879,1.3129791524299106,137,689.2601731664533,0.5345141141709879,0.7133089763490144,9.279280440598932,0.4613413727171531,0.9673174195979536,70.0,Male,TAA,Collagen
03Asc-0043 +coll 60x veh 48h-Zstack cell3,NRRD,0.37,0.207160189800746,0.207160189800746,9363.195562362638,6110.56058445007,22341.96596145624,0.4190855710064088,0.1309506995336442,0.9571739635536493,113.05776405591271,32.83315369536528,0.9463781630756788,Inference_Raw,1453.6293983459425,7029.374176455049,0.0882815455861294,544,0.7167751677723607,0.1400277302602435,0.2193821947502041,0.9898671525832,2.651534799267255,109,564,2.7216638030985574,1535.0183849475864,1.3628707854647908,16,705.5690288543676,0.4022937954519581,0.880273228116951,10.316264200025344,0.7103218198581475,0.985125634682984,70.0,Male,TAA,Collagen
03Asc-0043 +coll 60x veh 48h-Zstack cell4,NRRD,0.37,0.121858935176909,0.121858935176909,4370.114201080384,5366.174222698957,12594.245296860934,0.3469929398762479,0.1825988359706734,0.7393616835306698,45.93365848904769,36.61400527824774,1.1265996160771083,Inference_Raw,1327.9684027173394,5685.854479104673,0.1027575036692371,368,0.6893320984252754,0.117257058435686,0.1830651204486744,0.9030873222706424,3.6044143744477375,90,537,2.470296386196588,1326.5491593875677,1.6366130990187289,15,558.7701071504847,0.5739439049120072,0.8493983034177854,6.606149818792921,0.7227410312251585,0.9873305891033358,70.0,Male,TAA,Collagen
03Asc-0043 +coll 60x veh 48h-Zstack cell5,NRRD,0.37,0.165728151840596,0.165728151840596,11863.328247070158,7488.891226130258,40411.29826354935,0.2935646405047763,0.1279487827833271,0.8570469354256761,83.95574613737575,44.98296052445036,1.224122691027554,Inference_Raw,21114.64709472629,43089.37515815733,0.0857373019840299,158,0.6139907844157497,0.1236933799343753,0.0873257022519188,0.8226887303704794,133.4705501508092,704,2651,2.929656469519864,7766.519300697159,1.3193696634272307,136,1426.5606994628722,0.6198570990590793,0.8390716683562899,5.350316532463985,0.7170946300303964,0.9745763300217304,70.0,Male,TAA,Collagen
03Asc-0043 -coll 60x veh 48h-Zstack cell1,NRRD,0.37,0.207160189800746,0.207160189800746,15351.378250122016,7834.933331143735,48315.78769683824,0.3177300626131901,0.1491341570641862,0.8893522546739457,81.61958104030637,38.1774909496558,1.215675236610846,Inference_Raw,5140.801191329938,13029.02084112842,0.1105586902036669,396,0.7154140131741485,0.1309024542174974,0.1442515321893586,0.9077402099229052,12.95475526289502,285,907,2.970506044068942,2694.2489819705306,1.3429556505889677,79,969.6314334869352,0.5090936622226515,0.8461656759364352,9.130250108313176,0.65555830254171,0.9859370963575304,70.0,Male,TAA,NoCollagen
03Asc-0043 -coll 60x veh 48h-Zstack cell2,NRRD,0.37,0.201126397864801,0.201126397864801,8613.29566703136,3284.342884002709,22763.932702992563,0.378374676265804,0.1100184485972375,0.959859245877832,80.0120641263408,22.47244370511696,1.2789135016474884,Inference_Raw,2369.6332908685445,6440.463580941215,0.1334610152153976,101,0.6544471112680129,0.1515570548099671,0.1665769222524711,0.8760764899256177,23.45000875186634,167,481,3.087430177258397,1485.0539152612891,1.344402848309502,57,466.3023785513668,0.5999947801965659,0.8373564941597521,6.564522906900835,0.6181821841130927,0.9805803852448696,70.0,Male,TAA,NoCollagen
03Asc-0043 -coll 60x veh 48h-Zstack cell3,NRRD,0.37,0.201126397864801,0.201126397864801,9128.48084347548,5851.917321446507,34491.46870517677,0.2646590935718954,0.1212278057111236,0.8755901268781928,80.36063020297712,39.96993303202225,1.100365925912847,Inference_Raw,8272.717569649356,12347.670219203934,0.1602007584326127,118,0.6960523841790258,0.1284164345956047,0.1809229209341818,0.8767532097141513,70.10130714963174,119,423,4.245045086353619,1795.6540715275803,1.367706117579362,28,627.6186050327224,0.6090089258814668,0.8599838616803676,5.89298962438015,0.6794595585616067,0.9819454852004496,70.0,Male,TAA,NoCollagen
03Asc-0043 -coll 60x veh 48h-Zstack cell4,NRRD,0.37,0.15459715656772,0.15459715656772,8585.672305245716,4627.629687821596,29212.70737272997,0.293901972032227,0.1450480521001654,0.9119317905086084,68.23447879003231,28.38573561612646,1.2035181649135305,Inference_Raw,7452.136717651962,13078.882733692622,0.1410697904465762,171,0.6712705883691338,0.1178006571774381,0.1752377329673144,0.8627468144607325,43.57343777178831,196,620,3.48784671043747,2162.464960471232,1.4495003470361278,36,970.1680860903792,0.5563602478623922,0.873914136939066,6.590201975797352,0.8402267964159511,0.9872309408969836,70.0,Male,TAA,NoCollagen
03Asc-0043 -coll 60x veh 48h-Zstack cell5,NRRD,0.37,0.129475118625466,0.129475118625466,6417.869869619563,3719.47848524424,12799.365576356571,0.5014209361653731,0.1775052357529878,0.9583891724663348,67.17083148092729,19.191411281116725,1.2961343233222586,Inference_Raw,4817.491471767392,6805.197671173921,0.202701680602416,88,0.6482366736818891,0.1063485968266062,0.2320821216828189,0.9111862354635356,54.73872350359466,81,349,3.3743754465517988,1177.6570308465778,1.4532109650759986,11,774.9042659997885,0.575267695300751,0.7732092347598478,7.185845205632933,0.5670174471268933,0.9844219086116824,70.0,Male,TAA,NoCollagen
03Asc-0051 +Col 60x veh-Zstack Cell1,NRRD,0.37,0.109031678842497,0.109031678842497,6864.215871963999,2014.6807358746792,11771.481525864712,0.5831225115446771,0.2678008566486367,0.8710475574063197,47.80532174211223,24.198721681011307,1.2693889282161368,Inference_Raw,3523.240987613852,8041.9975673580575,0.1392350003393697,161,0.6860134633543779,0.1144584168524507,0.1532489672129223,0.8912562724883211,21.87903122946093,176,689,2.693932305256786,1856.119358321925,1.4890201940611851,30,676.5900028048986,0.5936847002372846,0.8162310696603559,6.359271787596774,0.6315383165195737,0.984574222950484,65.0,Female,TAA,Collagen
03Asc-0051 +Col 60x veh-Zstack Cell2,NRRD,0.37,0.207160189800746,0.207160189800746,13640.05379676814,4134.092910090559,51817.12338924395,0.2632344851393179,0.1296455268650702,0.9381075103426464,98.65567825633774,34.386179627292144,1.4413632582803302,Inference_Raw,11867.151832580525,20102.01634385867,0.1251628668295649,74,0.68912778609456,0.1396186719085324,0.131926267953505,0.887479204324163,160.34867763519233,381,870,3.921150999940592,3411.401369948315,1.296018416721288,135,1276.0105133056595,0.5402682618305884,0.7067445133755874,7.470769945705759,0.628777547656478,0.9208986956271906,65.0,Female,TAA,Collagen
03Asc-0051 +Col 60x veh-Zstack Cell3,NRRD,0.37,0.172633491500621,0.172633491500621,8463.401198387051,4558.029138441236,35903.67620189944,0.2357251984669833,0.1235474212864593,0.8610647074670863,67.41733925686593,35.54614205917537,1.401674999102791,Inference_Raw,6704.495847225115,14160.881292552614,0.1214240160865419,56,0.6574906599041953,0.1430654669241437,0.1266171058634444,0.8886967152566501,119.70581220728876,358,1018,3.162456264590626,3219.380477353257,1.332525304726105,107,1625.1495480537233,0.5305708742898493,0.7924680523320576,7.038018822515653,0.6291802074021171,0.972769996929198,65.0,Female,TAA,Collagen
03Asc-0051 +Col 60x veh-Zstack Cell4,NRRD,0.37,0.207160189800746,0.207160189800746,11436.31567955013,8723.029725804046,65086.682653426935,0.1757089962695769,0.0734501032968722,0.9111637194156516,90.14133792143204,37.67241021057174,1.4357622421905183,Inference_Raw,5867.250680923441,13185.793844443688,0.1193074616190062,90,0.651207162067509,0.1646789775546764,0.1393945511727962,0.9343058121507732,65.18179416656471,219,596,4.258760944639663,2538.22152300524,1.353711053281996,52,971.2034225463832,0.6167344329585771,0.7042970927314259,4.308478659799212,0.4653728593536712,0.9453322648061724,65.0,Female,TAA,Collagen
03Asc-0051 +Col 60x veh-Zstack Cell5,NRRD,0.37,0.172633491500621,0.172633491500621,14026.187062263332,8848.841289863962,43464.76972103072,0.3227024358414274,0.1538327762950837,0.7804217232322885,73.34821587025309,50.88030576874496,0.9894918724389208,Inference_Raw,7903.115451335819,19393.27032015524,0.0989384929794658,210,0.6546619048215497,0.1482959405035071,0.1196778690449147,0.9634505722427888,37.62952486673949,433,1223,3.509465161004039,4292.07589190794,1.3331990740725006,114,1567.0269727706734,0.5386427437899275,0.8326500533619147,7.975110660717708,0.6479967219370375,0.984693630083357,65.0,Female,TAA,Collagen
03Asc-0051 -Col 60x veh-Zstack Cell1,NRRD,0.37,0.129475118625466,0.129475118625466,4159.512575715751,4814.404761771253,21252.71027907717,0.1957168060494712,0.0668737077384218,0.9377057441989248,57.679418638783865,20.09056533632453,1.856736445801436,Inference_Raw,1674.871724098909,4873.768065647436,0.1399394943349133,164,0.6748375655014718,0.1239757920380121,0.1764443297688744,0.9400201922609572,10.200945842193322,93,409,2.8001293281569843,1145.2528952162063,1.4284033501430018,21,577.3139744996984,0.6671918713374259,0.5785885116558486,3.576223305523578,0.3361767858580667,0.9304890655265508,65.0,Female,TAA,NoCollagen
03Asc-0051 -Col 60x veh-Zstack Cell2,NRRD,0.37,0.15935399215442,0.15935399215442,4844.622047695167,2768.1008344266947,16038.336372939735,0.3020651229057103,0.0878595332542701,0.9750545800996728,71.6838636661298,15.870612690971344,1.3466113338910783,Inference_Raw,3038.164116221762,6513.666777605558,0.1557397262771711,120,0.7301668089787732,0.104317597190586,0.1709732024407913,0.9139229004458972,25.30840374308921,133,405,3.1250952857590635,1265.6635907324207,1.3563444222004466,31,634.9215987165983,0.6321735822939964,0.762205116326215,5.774562059705,0.5073247643076463,0.9754178815785676,65.0,Female,TAA,NoCollagen
03Asc-0051 -Col 60x veh-Zstack Cell3,NRRD,0.37,0.109031678842497,0.109031678842497,5710.68054421115,6102.20371095769,22380.935637243787,0.2551582577588083,0.1217121486783066,0.7550867455951614,47.14246999263444,35.496563517728795,1.2248665575466808,Inference_Raw,3621.046602560801,11071.467570195866,0.1029994743525696,316,0.6665682426147059,0.0968260944960818,0.1184382988367259,0.8233929882659439,11.456238278383031,342,1363,2.3189770951075155,3160.765780631544,1.5918673850703102,77,922.3928081691907,0.7213613642311826,0.8697456035574355,3.3219007803146403,0.7242096348580571,0.9863259843927128,65.0,Female,TAA,NoCollagen
03Asc-0051 -Col 60x veh-Zstack Cell4,NRRD,0.37,0.207160189800746,0.207160189800746,12535.12015342708,3775.875339152392,61620.692896842775,0.2034238753921791,0.1015053420006799,0.8368155712573225,91.69810951494944,52.88122745878533,1.4259686745587092,Inference_Raw,4977.647781372053,11892.185207737955,0.1185510037293245,119,0.7556851081991636,0.1141377811532771,0.1255847355822589,0.9412440335396928,41.811493064175,297,809,3.1040016186075525,2511.13730945351,1.2690941825256077,93,1002.7861118316616,0.6644683407454818,0.7407238366564409,4.555355726889201,0.5507052694903071,0.9402245116722248,65.0,Female,TAA,NoCollagen
03Asc-0051 -Col 60x veh-Zstack Cell5,NRRD,0.37,0.129475118625466,0.129475118625466,7378.300353884645,5794.169768795171,29534.963266923853,0.2498157958485626,0.1272645107783716,0.8236137581497478,63.39153812863011,38.221389540266735,1.365503746943814,Inference_Raw,6533.902063965752,14881.850836531568,0.1135731290024628,139,0.7049833705755331,0.1173341076203932,0.1195095693065799,0.9515329096878676,46.99644947545101,384,1316,2.6513105100518017,3489.124631228171,1.364680783706438,104,2170.7206405699103,0.5678617528974367,0.805346854950235,7.328920195961804,0.579006053375035,0.9902044280964846,65.0,Female,TAA,NoCollagen
03Asc-0054 -Col 60x veh-Zstack Cell1,NRRD,0.37,0.121858935176909,0.121858935176909,6794.200339531748,7745.982663397013,26089.85094875588,0.260415452463738,0.143550696103843,0.8925951186746146,59.61620715606352,27.430870379591088,1.4028130911542125,Inference_Raw,4976.08628652495,11597.275991274812,0.121540233649046,120,0.6453953890733543,0.1130034325861675,0.1353815808756418,0.8133519429136596,41.46225765914611,280,889,2.997349177284175,2664.643418605632,1.5293271729939495,59,482.5139953190844,0.7050129944374899,0.7936794100935256,3.112802648789099,0.7454556287094831,0.9396030599689724,75.0,Female,TAA,NoCollagen
03Asc-0054 -Col 60x veh-Zstack Cell2,NRRD,0.37,0.138106793200497,0.138106793200497,8713.731193542411,2195.581526356724,16002.087624867623,0.5445371502653857,0.196246722680955,0.9673202689501084,77.88423990131855,19.738555159185275,1.3666332759449749,Inference_Raw,5643.761825561478,10225.853451400097,0.1499099105791307,83,0.6560445826074863,0.1213752319727182,0.1651899522674273,0.8526717555240674,67.98990318574047,250,766,2.9627888562507496,2269.4962638880743,1.3938887422483976,65,820.1866149902278,0.5561679634620589,0.7183892805303465,7.715899706192145,0.5403781248877354,0.9585233692649012,75.0,Female,TAA,NoCollagen
03Asc-0054 -Col 60x veh-Zstack Cell3,NRRD,0.37,0.14797156414339,0.14797156414339,5342.364797786772,2459.073317077085,14850.740943636163,0.3597372560778579,0.1390424574569382,0.9450246434995048,72.32395190736597,23.759262815784247,1.0947979572431992,Inference_Raw,1113.7514941546344,4600.48294211663,0.1129465317365648,92,0.6099260904074624,0.1414799674913122,0.1282753790129985,0.8873483478582117,12.096484202458528,147,556,2.81074331692642,1562.773284211089,1.4235102826799604,36,477.8590737556909,0.379009685674955,0.7242003857408653,13.213357180079091,0.4965051644445017,0.7650874370816252,75.0,Female,TAA,NoCollagen
03Asc-0054 -Col 60x veh-Zstack Cell4,NRRD,0.37,0.138106793200497,0.138106793200497,8990.761184692312,4170.358966314647,26142.953173319303,0.3439076345004514,0.1350053409293216,0.9359315892254668,74.89604590748567,26.54399863485692,1.3790952732299713,Inference_Raw,5886.832618713332,9476.786456105296,0.1663709468529386,79,0.6544840718588487,0.1296794517909442,0.1849233278544743,0.8364223982382304,74.5106153850308,206,591,3.268656700264377,1931.7761098562469,1.4452043612085952,50,834.2657089233331,0.6318970637088444,0.732175694100709,5.771436726731299,0.4904587542486332,0.9652725609955254,75.0,Female,TAA,NoCollagen
03Asc-0054 -Col 60x veh-Zstack Cell5,NRRD,0.37,0.138106793200497,0.138106793200497,6861.423492431586,3858.513376669603,38795.3702926633,0.1768619152406742,0.1145595467860029,0.8925346550463827,69.88907697055521,32.18856428987313,1.2880754020049503,Inference_Raw,5942.817306518507,12704.380025282857,0.1248893967371566,89,0.6808299022430324,0.1289864498900822,0.1319393773166883,0.8586131708672898,66.76291990815871,323,989,2.821715145910159,2790.676279305147,1.447602418331441,77,298.7379074096656,0.6786941350673688,0.5218324831314662,3.630149501377073,0.3843153496670125,0.8256968420231338,75.0,Female,TAA,NoCollagen
03Asc-0055 +Col 60x veh-Zstack Cell1,NRRD,0.37,0.207160189800746,0.207160189800746,11514.24822807308,4788.94931897102,29748.135709762508,0.3870578089468116,0.1228432854025776,0.9691026303066316,102.21001811051728,25.219546317860264,1.345290423667463,Inference_Raw,3462.694931030261,9711.604875218274,0.1139731646924157,124,0.6408731042791346,0.1466757691281544,0.1631987046788292,0.8582970010876171,27.92201388266769,152,417,4.29390307323862,1790.5575815405043,1.3909778408947688,36,579.6034812927226,0.4254547770232642,0.7727100221859186,11.8142753400668,0.5962559970972767,0.7476241192855972,66.0,Female,TAA,Collagen
03Asc-0055 +Col 60x veh-Zstack Cell2,NRRD,0.37,0.138106793200497,0.138106793200497,4204.991340637173,1260.9499430048677,6565.568447112988,0.6404611229795635,0.2436904163036944,0.966557710007141,63.43560861302614,16.2767291101331,0.9000370493598648,Inference_Raw,568.0191040039017,2886.2381498228588,0.1149195517390484,66,0.5917471943470137,0.1663781479132881,0.1324386593529145,0.8755359220276215,8.595122713031122,128,448,2.59787105604883,1163.8462331098758,1.459485981254178,35,409.09824371337567,0.4843641106367674,0.7376537261726486,11.132886600493617,0.5304881893108004,0.9741379310344828,66.0,Female,TAA,Collagen
03Asc-0055 +Col 60x veh-Zstack Cell3,NRRD,0.37,0.152323668971136,0.152323668971136,6986.575117366855,3076.1989661836183,15405.915561534748,0.4534995073457905,0.1542038808902308,0.9357143564947256,68.22474645697758,24.232690572439225,1.0364345978005536,Inference_Raw,946.642515156083,4089.5328459074976,0.1140077638295491,131,0.6636653869636107,0.160741001544562,0.1646462735235822,0.9180379688381022,7.223133120257978,89,312,3.73141714519908,1164.2021493021125,1.420507613752646,20,491.555638379285,0.3918629337964428,0.7920469340413989,12.540716976892927,0.6067948047881693,0.7708400646203554,66.0,Female,TAA,Collagen
03Asc-0055 +Col 60x veh-Zstack Cell4,NRRD,0.37,0.132794993462016,0.132794993462016,4977.687399768199,2497.301101333823,10843.43063290524,0.4590509745746901,0.2047948162059601,0.896227538212018,53.62478433477095,24.26339941909085,0.8433884686282965,Inference_Raw,814.1215030963497,3605.714736170214,0.1169370795986512,170,0.6405266634456885,0.146102873129946,0.1494389083205117,0.9078474898654968,4.770411998603988,112,562,2.3597763409341592,1326.1943036049977,1.4480755279939304,28,471.0034858545546,0.5263596544523022,0.7555746553117366,8.97764363661515,0.5351273989846363,0.9671874162602496,66.0,Female,TAA,Collagen
03Asc-0055 +Col 60x veh-Zstack Cell5,NRRD,0.37,0.207160189800746,0.207160189800746,10071.368694305384,2099.7986585484227,26286.192369460987,0.3831429273874672,0.1252834467120181,0.947829139912844,101.38421042908502,32.462843197428555,1.230724029089417,Inference_Raw,1660.4968070983828,5603.351406204704,0.1210212482980639,86,0.6413542880871117,0.1614476774496752,0.1542647248678939,0.9629876097317016,19.30680995763728,147,438,3.547280254925972,1553.7087516575757,1.4436077917507888,36,719.7169303894018,0.5410602413829241,0.8108777760501256,8.634106900394517,0.5438286724707684,0.9846628432394856,66.0,Female,TAA,Collagen
03Asc-0055 -Col 60x veh-Zstack Cell1,NRRD,0.37,0.138106793200497,0.138106793200497,4866.370010375937,4796.637965540378,24254.693794250303,0.2006362171238597,0.0804763021808925,0.7388580056630228,51.88283555250575,41.47092265029731,0.9421988622815088,Inference_Raw,2003.388023376449,6603.084492192609,0.1163895490276808,183,0.647251947320015,0.1139346471401081,0.2173560814774471,0.8356173137014216,10.94331063859441,84,369,3.207240086569702,1183.47159194422,1.5727087738265055,18,822.8683471679622,0.6552057739555135,0.880795659804761,4.563937094824816,0.7549903827620078,0.9865053513261982,66.0,Female,TAA,NoCollagen
03Asc-0055 -Col 60x veh-Zstack Cell2,NRRD,0.37,0.172633491500621,0.172633491500621,9611.286222934616,6480.862997492206,28421.62137230205,0.3381681184558027,0.2184673287169773,0.8217459018467577,69.07928826190602,41.93627051929579,1.0228583172155912,Inference_Raw,2004.8373937606589,6381.89217531185,0.120481610689902,115,0.6568680757432871,0.1331146503224819,0.1417937368878297,0.8991137328679271,17.426848411559863,184,520,3.2934243580921896,1712.5806662079383,1.3741972108431653,52,976.3512015342604,0.5052226640371951,0.8032179872550496,9.784417363818688,0.5864264422324011,0.9801193283078184,66.0,Female,TAA,NoCollagen
03Asc-0055 -Col 60x veh-Zstack Cell3,NRRD,0.37,0.14797156414339,0.14797156414339,5874.575936064409,3061.221721493262,16135.240878377586,0.3640835597277493,0.1422791059067292,0.9365899220271092,71.91382463139394,25.37183380509847,1.0237106771342557,Inference_Raw,2126.3817378452777,6463.831478643373,0.1237147803522394,104,0.6542921612895223,0.1418935069017642,0.1703485931180565,0.8526190904510094,20.4411485880098,134,451,3.333853039983143,1503.5677210323977,1.440446970889926,26,381.67155518823614,0.5999250857110496,0.6893391652223614,6.7398289673516425,0.4840401185557272,0.967332607847566,66.0,Female,TAA,NoCollagen
03Asc-0055 -Col 60x veh-Zstack Cell4,NRRD,0.37,0.18332760159358,0.18332760159358,11237.425404190866,3450.5047271088697,31191.11389717587,0.3602765018663964,0.1101747702215799,0.9834179399773896,107.73508326755416,19.49411849954609,1.4354581571065284,Inference_Raw,4375.645675378318,10847.10772700041,0.1192701052635365,88,0.618333609920808,0.1531759492051395,0.1492089964950886,0.8980494705192826,49.71660471253417,226,604,3.559765559339382,2150.0983978409868,1.4043226521000922,76,1090.2927367910625,0.5827886625284212,0.8266146168125955,6.526779536397975,0.6742754745361622,0.9804309660393392,66.0,Female,TAA,NoCollagen
03Asc-0055 -Col 60x veh-Zstack Cell5,NRRD,0.37,0.155759541203568,0.155759541203568,6247.324633270749,6055.746863186549,18773.543045528568,0.3327728078882115,0.1505307828073089,0.8967929492057434,62.21500573730933,28.06438270924574,1.1174441249643967,Inference_Raw,1967.1911974679288,5859.91032818993,0.1295659456678823,142,0.6842854638052055,0.119334809314934,0.1766781708518666,0.9006881249468432,13.850488014612072,94,313,3.470277254284536,1086.1967805910597,1.503543643132575,26,598.2264095463555,0.4004073045606695,0.847817248500805,9.766272589350026,0.7146449141253944,0.7207687565568185,66.0,Female,TAA,NoCollagen
03Asc-0056 +Col 60x veh-Zstack Cell2,NRRD,0.37,0.120441970814387,0.120441970814387,4809.831931437557,4143.8913904164765,12039.310436367325,0.3995105830071817,0.1859357571109872,0.9191622867881823,63.92472911728089,25.47424776276531,0.9350294649328996,Inference_Raw,2354.0579318484306,5980.514398649148,0.1430947439029847,172,0.6659051051101195,0.1259672502694278,0.1648071162711249,0.9145559707892436,13.669719670645744,144,773,2.247287441647476,1737.153192393499,1.4175151538183357,30,786.8543742733247,0.5204383673651947,0.7094188778826517,9.83099780600418,0.4666405983114175,0.9600589390962672,44.0,Female,TAA,Collagen
03Asc-0056 +Col 60x veh-Zstack Cell3,NRRD,0.37,0.197295418857853,0.197295418857853,10221.086618851574,3671.592322725729,33609.87189675653,0.3041096571343357,0.1112253124498475,0.94752534607571,105.08150853964054,33.74519788114999,1.248925613905584,Inference_Raw,7116.772787911504,14694.750996866049,0.1217616786799904,84,0.6564626192515738,0.134376058836677,0.1288580503091382,0.9232699890065512,84.69313759613722,342,1084,2.8893978078643308,3132.1072237249346,1.322108572298004,90,537.1241666832713,0.5780617977343206,0.5889720548164016,7.5398333157654704,0.371767504472403,0.9408201540957016,44.0,Female,TAA,Collagen
03Asc-0056 +Col 60x veh-Zstack Cell4,NRRD,0.37,0.13365173535532,0.13365173535532,3124.005022952002,2735.0008629301165,8249.213578921794,0.3787033749416296,0.1712428222081333,0.8626826717351348,49.81127553268339,26.11369102547759,0.7095608782075948,Inference_Raw,928.5572937202222,3802.252025684017,0.121054896760985,173,0.6317705633804521,0.1297327187488784,0.2259867135753042,0.8853179467583362,5.347784729714268,80,393,2.452683835716513,963.9047474365896,1.457409181484714,15,0.0,0.0,,0.0,,,44.0,Female,TAA,Collagen
03Asc-0056 +Col 60x veh-Zstack Cell5,NRRD,0.37,0.161843898281832,0.161843898281832,9345.741360448174,3610.776153723769,22907.29223750501,0.4079810596359721,0.2085273580845989,0.9171053793836428,72.42517422176631,29.226784032495665,1.131758989501941,Inference_Raw,5211.993644479591,9641.95981651125,0.1507722417823772,124,0.6543634447341135,0.1308346000015227,0.1738714663386802,0.8625377893063095,42.01532471098791,219,727,3.0005491336894674,2181.399220192243,1.3971167274493814,56,722.9043112601986,0.5327297034077612,0.8176155768052824,7.790448546090043,0.6901595941089465,0.9614601062458096,44.0,Female,TAA,Collagen
03Asc-0056 +Col 60x veh-Zstack Cell6,NRRD,0.37,0.138106793200497,0.138106793200497,6143.707275390576,2585.662420580621,13528.461392720432,0.454132003414406,0.2497944108443186,0.8155405150286915,54.48726986385565,33.745529431992374,1.1315904947168676,Inference_Raw,3681.954765319794,7614.97967580716,0.1514261945612961,73,0.6215389760840349,0.1328120397156152,0.1674852617333801,0.8742101149452894,50.42516891270427,169,645,2.863017906977519,1846.6465500005,1.4363605119055876,40,554.7798156738237,0.5173981285803748,0.8016176905471492,9.077667648659787,0.6111676530314574,0.9832891379396608,44.0,Female,TAA,Collagen
03Asc-0056 -Col 60x veh-Zstack Cell1,NRRD,0.37,0.143861242917184,0.143861242917184,5443.24061936795,2772.860346470278,12551.24472771512,0.4336813389789477,0.1528927788503563,0.9509334597854744,72.26990351416393,22.44255888995212,0.930709804113808,Inference_Raw,5463.356980019072,11987.132569409958,0.125143568602915,42,0.6894271652913458,0.1702613834924397,0.1267532899460745,0.935494496515776,130.05349134641807,309,984,2.782184412361207,2737.6694617634275,1.3053387903450608,86,559.2685192823335,0.5558549137967133,0.6953379190686937,8.52545609765005,0.4350674184641623,0.9704616120545324,44.0,Female,TAA,NoCollagen
03Asc-0056 -Col 60x veh-Zstack Cell2,NRRD,0.37,0.171206768430368,0.171206768430368,10385.07362930061,5807.907656453112,30236.66309924396,0.3434596468272414,0.1268123427360614,0.9407685746537132,90.34372488437214,30.81068790904844,1.2161097480288836,Inference_Raw,8167.633307809735,15501.422815808744,0.1265251079818283,63,0.6719425642182666,0.1383609515952439,0.1309744444721241,0.8468132363719153,129.6160522057148,340,1071,3.1496234299580625,3373.246693485085,1.2753759340693105,87,889.7959196732729,0.5989851793907977,0.7809718733348457,5.199075732995374,0.6395254913980228,0.9614529894323744,44.0,Female,TAA,NoCollagen
03Asc-0056 -Col 60x veh-Zstack Cell3,NRRD,0.37,0.171206768430368,0.171206768430368,6356.101911841891,5096.157509633912,22709.45857175483,0.2798878666243224,0.1487250190833495,0.8877109478558044,68.1490792891299,32.12033644591833,1.0369225768464918,Inference_Raw,2638.435129275444,6162.453749027524,0.1498401039002033,127,0.681320348745159,0.1409332926938759,0.1778056975322988,0.9007585205582194,20.73537040462889,165,641,2.535112885286793,1625.0073594688342,1.3206511324460026,42,435.9830818934422,0.6003705555699795,0.79448970485105,6.3753344130522605,0.6080672665492762,0.9755624044458464,44.0,Female,TAA,NoCollagen
03Asc-0056 -Col 60x veh-Zstack Cell4,NRRD,0.37,0.191814990556246,0.191814990556246,8323.30481505683,5544.841452583508,25403.415224679546,0.3276451115506193,0.1201993397543974,0.9346495417210106,83.00919475517536,29.739054856801555,0.9924281014816654,Inference_Raw,2899.274413968292,6142.399869110044,0.1600806801702369,45,0.65868274387253,0.1542765237215638,0.1657800744681077,0.90656313464225,64.35601799576332,194,547,2.916150980183508,1595.1345861603786,1.2095293024216478,57,1151.108815346228,0.4875578902664435,0.86168040236555,9.738401487337972,0.6817380426310303,0.9876769611736672,44.0,Female,TAA,NoCollagen
03Asc-0056 -Col 60x veh-Zstack Cell5,NRRD,0.37,0.191814990556246,0.191814990556246,9783.737453413538,5422.069509103572,41915.410953293846,0.2334162359595021,0.0899793544929956,0.9435635493430156,97.09743115612385,32.32559061909675,1.303344174288541,Inference_Raw,10049.648123022887,15385.46623956886,0.1463774015281531,76,0.6944792676390129,0.1143795492522492,0.1513095603420668,0.8426637955131313,132.19620826726066,303,851,3.260597128348866,2774.768156224885,1.290582259920737,78,722.5587780092924,0.6674054057334353,0.7479467292772644,4.5523153324178365,0.510834457904973,0.9668929924415732,44.0,Female,TAA,NoCollagen
03Asc-0057 +Col 60x veh-Zstack Cell1,NRRD,0.37,0.207160189800746,0.207160189800746,9067.248773574798,6278.818262055491,31341.976475715543,0.2893004779261545,0.1741109269483746,0.808098085669489,77.26807303769922,49.06570074163058,0.8304282039785325,Inference_Raw,1782.4450492858823,6071.465531631498,0.1170940131065109,235,0.6887028667670391,0.1545175600585894,0.1679459969778577,0.9593670235516089,7.584872550152693,142,481,3.574809970164042,1719.4835956489042,1.324037998737418,48,,,,,,,73.0,Female,TAA,Collagen
03Asc-0057 +Col 60x veh-Zstack Cell2,NRRD,0.37,0.14797156414339,0.14797156414339,7636.647346068376,2778.710237005875,16036.190877155326,0.4762132980686401,0.2108920836912944,0.9274616290152682,76.58882885395064,28.90569142667874,1.0394447339431891,Inference_Raw,1342.4287523542089,5432.049137545622,0.1083381124936796,208,0.615352048497344,0.1439173746169005,0.1345304414010245,0.873589180068931,6.426486480554173,195,742,2.564456869400136,1902.8269970949004,1.4123564742689152,53,245.51189675622976,0.5603016798992511,0.5092124144236158,8.801617108983145,0.3139465476254306,0.928262933807088,73.0,Female,TAA,Collagen
03Asc-0057 +Col 60x veh-Zstack Cell3,NRRD,0.37,0.207160189800746,0.207160189800746,14022.380590438794,4814.980304236591,33305.86717128743,0.4210183304438118,0.1247801040240433,0.9713305619292788,125.7338010445174,29.918346698446864,1.0800415887680022,Inference_Raw,2740.8661365508938,9037.70121259686,0.1047976060352389,153,0.6939694215762569,0.1594522367388157,0.1172735626532095,0.9524637671738112,17.9141577552346,310,834,3.0451050265412576,2539.617592135409,1.28332653495869,119,554.5310497283916,0.4359246484256104,0.8345348802473977,9.896514012203845,0.6107736204184242,0.8043994011286422,73.0,Female,TAA,Collagen
03Asc-0057 +Col 60x veh-Zstack Cell4,NRRD,0.37,0.138106793200497,0.138106793200497,7133.753395080509,2933.433485162104,20614.90573883041,0.3460483150133115,0.1702976999132042,0.9200267226447252,67.77250561834782,26.85381210983102,1.151390793185159,Inference_Raw,1263.9286041259666,4155.1722729517005,0.136053625306407,182,0.6529817602769237,0.1602219295602649,0.1981352515116849,0.8923432965912312,6.944662660032784,126,445,2.9643765518067173,1319.1475655539891,1.4574848309277186,35,,,,,,,73.0,Female,TAA,Collagen
03Asc-0057 +Col 60x veh-Zstack Cell5,NRRD,0.37,0.14797156414339,0.14797156414339,7163.130604490918,2674.6007921786268,16591.169554359996,0.4317435597907272,0.1254345297205277,0.9869299531915556,100.62531464758672,16.17785576609309,1.169587104134228,Inference_Raw,835.6721060616602,4205.740217708195,0.1020153721993036,116,0.6520708190270192,0.1724110626183696,0.159468927334665,0.9099117209384175,7.2040698798418985,135,486,2.948674173209942,1433.0556481800318,1.443569541918242,33,666.7505235088092,0.5097083186262241,0.7436686830430227,8.827577564200126,0.5556665255600797,0.9214999104263704,73.0,Female,TAA,Collagen
03Asc-0057 -Col 60x veh-Zstack Cell1,NRRD,0.37,0.191814990556246,0.191814990556246,16079.50234118793,3701.4657778450055,48220.81186398526,0.3334556536821241,0.14377672947477,0.9237807681934964,97.19624198090544,37.605737178903645,1.342078679948577,Inference_Raw,3288.930948869661,11229.923489714674,0.095238050620666,157,0.6868919456715998,0.1614638244491764,0.107990718598999,0.9291843233926363,20.94860476987045,393,1137,2.831419213844577,3219.323646141284,1.296821905414353,102,1642.049094777038,0.5313627537551535,0.8085848936324311,8.247166223213219,0.6358585344772357,0.97789956707149,73.0,Female,TAA,NoCollagen
03Asc-0057 -Col 60x veh-Zstack Cell2,NRRD,0.37,0.207160189800746,0.207160189800746,18426.77636146539,7350.9911925969855,54784.55708026869,0.3363498281909449,0.1528466624519255,0.8696340930158284,93.91395923069362,47.88671453383649,1.2267892866333443,Inference_Raw,2720.7954883575344,7277.0351763282015,0.1295170416845799,194,0.7203646370049277,0.1558088667373993,0.1668581459460476,0.9593708775462494,14.02471901215224,150,448,3.690924662995037,1653.5342490217768,1.317678193342852,50,259.3146800994864,0.5843687947756313,0.577546476606016,5.245777790502135,0.347714561522431,0.9297100170578202,73.0,Female,TAA,NoCollagen
03Asc-0057 -Col 60x veh-Zstack Cell3,NRRD,0.37,0.207160189800746,0.207160189800746,17375.576162338195,7087.165209365438,54834.3367338179,0.3168740099234606,0.1197978042362449,0.8801989285604697,101.39962139088772,49.446531514505104,1.2686315196399052,Inference_Raw,7194.279384613012,19110.287333075,0.0943065318309299,227,0.7133995579784995,0.1385472731144446,0.1049131009441022,0.8970084873859295,31.691741523238424,514,1327,3.197803419937458,4243.485138257007,1.3014197049676908,165,1248.6197948455767,0.5644280044694987,0.8426004936293228,6.984304959010736,0.6813253645257364,0.9757292997977444,73.0,Female,TAA,NoCollagen
03Asc-0057 -Col 60x veh-Zstack Cell4,NRRD,0.37,0.207160189800746,0.207160189800746,16518.36576461786,8533.760167703571,57677.08046436292,0.2863939303381367,0.1557049579592452,0.8791658261521857,104.2522211501111,51.07356774889349,1.1131029152334762,Inference_Raw,2733.149099349966,9672.113927481072,0.0977398355041603,285,0.6780899772156311,0.1501479787906167,0.1389086108354047,0.9358183517679826,9.58843682941634,216,696,3.3907036437419653,2359.929736044408,1.320054581167536,50,261.95054054260163,0.5860648829419426,0.5491951693859262,6.707543447834827,0.341041467259897,0.8739206441701541,73.0,Female,TAA,NoCollagen
03Asc-0057 -Col 60x veh-Zstack Cell5,NRRD,0.37,0.207160189800746,0.207160189800746,9028.790616989105,3085.105082864632,40576.427721977096,0.2225131960569045,0.110792535151496,0.7666941827145216,82.658650935819,59.94591345818837,1.058009167841014,Inference_Raw,1367.9480552673292,4816.542840737184,0.1237262265687068,114,0.6746740038451515,0.1490328526375574,0.1484073356810974,0.9170445911994434,11.999544344450255,131,383,3.52982890980725,1351.9244724561768,1.2932246271235617,38,221.1582183837883,0.482904372976716,0.2904109549136213,8.632715757529912,0.2920485386248906,0.7674522257507382,73.0,Female,TAA,NoCollagen
03Asc-024 +coll 60x veh 48h-Zstack cell1,NRRD,0.37,0.160589294419182,0.160589294419182,5415.000162490754,3665.9318078604592,12925.41926672616,0.4189419353251124,0.1523411536433753,0.9664198403456652,76.06784902960487,19.56274534901134,0.9954791924700684,Inference_Raw,640.6527715737558,3092.9826938917968,0.1161952676582061,206,0.6637113498564414,0.139127665767122,0.2537483092012028,0.9055961618526022,3.102044206366925,68,309,2.868636671423052,886.408731469723,1.4094649089380324,13,495.8353408805148,0.5117539827325224,0.6738790095137094,8.590640334074983,0.6162639600485966,0.9465381883094408,62.0,Male,TAA,Collagen
03Asc-024 +coll 60x veh 48h-Zstack cell2,NRRD,0.37,0.207160189800746,0.207160189800746,8666.121625900238,2760.36093556164,28996.259164810097,0.2988703327778728,0.0871833505137429,0.971830902691686,121.07534304168334,28.561199225892626,0.984049612408638,Inference_Raw,1939.072322845452,5699.6189032414495,0.1319373159071388,115,0.644398131030169,0.1439132589535694,0.196059445517105,0.904844139099474,16.856527743132162,85,299,3.840036723398344,1148.170980296105,1.3375526192506464,22,551.9745826721172,0.5688017552564085,0.772353812233316,7.370761840443307,0.5746508943223884,0.9661478599221792,62.0,Male,TAA,Collagen
03Asc-024 +coll 60x veh 48h-Zstack cell3,NRRD,0.37,0.172633491500621,0.172633491500621,13064.082562923286,8689.487895526452,47653.335084517246,0.274148336937027,0.1583310881676561,0.7689781242139867,76.41382294755729,54.99805502751053,1.100512420088827,Inference_Raw,5242.113769054355,12978.644641527626,0.1124412705685379,202,0.6571511864634029,0.1475770494426842,0.1507528939637663,0.915063982825114,25.94892931456584,239,703,3.925119468153635,2759.358986112006,1.3763897258990376,71,1397.4228501319728,0.5052100697177805,0.7909868439216594,7.779034335762259,0.8767740973064643,0.9720196046848754,62.0,Male,TAA,Collagen
03Asc-024 +coll 60x veh 48h-Zstack cell4,NRRD,0.37,0.14797156414339,0.14797156414339,6812.714119346751,5318.601650514882,30639.95627724384,0.2223473838442297,0.1029173420764866,0.8583807027288138,73.31082970671274,39.07837405246863,1.0985777280896534,Inference_Raw,2606.152733977952,7154.279374770986,0.1280122325541829,145,0.6219478974755457,0.1409805923785964,0.2058510865779423,0.8704811774282969,17.970226584480756,147,479,3.241352541332721,1552.607867298373,1.485680062228598,32,1142.843499475592,0.5109491289158885,0.7973374408162255,4.7952933186750695,0.6740105494284718,0.9719415035825046,62.0,Male,TAA,Collagen
03Asc-024 +coll 60x veh 48h-Zstack cell5,NRRD,0.37,0.184964455179237,0.184964455179237,14117.642933008496,6767.453235422123,32725.37725540417,0.4313974082812796,0.1974663373436379,0.9063582046789376,94.80830583547998,40.715989381333934,1.0833306106315026,Inference_Raw,1835.44041854993,8505.090091610109,0.0852377676076405,445,0.6382942656402646,0.1386109849980577,0.1725512317204085,0.9064071410583492,4.110845885154295,167,809,3.0126103341432184,2437.201760321864,1.502348431457086,35,1400.1818715917695,0.4610246487022703,0.7828448122512385,10.296407607972942,0.7485057652469542,0.9696515450361604,62.0,Male,TAA,Collagen
03Asc24- DMSO low-cell-1,NRRD,0.37,0.131114044177687,0.131114044177687,3571.6910676263647,5292.130408168293,27739.115621660952,0.1287600915739829,0.0575732832061596,0.9706276964312536,61.59070992155507,14.767432345229908,1.4484674095657135,Inference_Raw,8314.355083276632,11526.795199965502,0.1721847137299297,198,0.6527557769769193,0.1063951902914337,0.1846203715733313,0.8255802275574096,41.971582468369206,178,707,2.9271899120059675,2069.523267788219,1.457424093844511,30,823.5044384629126,0.665602330657109,0.7437157229551974,4.6013612340554975,0.5694669316434406,0.9696164042957928,62.0,Male,TAA,
03Asc24- DMSO low-cell-2,NRRD,0.37,0.207160189800746,0.207160189800746,6960.688161849951,4379.274539431556,51416.40644073471,0.1353787369382419,0.0599567414559314,0.9769022626581524,113.36033381260218,24.21298199850115,1.2881148492197372,Inference_Raw,7980.670881271334,11618.013379639417,0.1662309370164174,65,0.6695079735399531,0.1359785591829978,0.1722900814378593,0.8811289281893664,122.71286157461272,211,511,3.5310230052803484,1804.352755698258,1.2764963401554856,64,504.62436676025214,0.569227487365363,0.6802260166954347,8.42516520392467,0.4002561911972409,0.9765540976554098,62.0,Male,TAA,
03Asc24- DMSO low-cell-3,NRRD,0.37,0.207160189800746,0.207160189800746,4798.075819015487,4273.2628215966815,57332.80162811261,0.0836881450541707,0.0458405772037294,0.7986910606490736,66.5464719483127,43.5165550752418,1.4564902512652973,Inference_Raw,7617.414379119847,11938.709669215024,0.1568189185094443,44,0.6491297200704406,0.1304052388402902,0.1610556616255947,0.8626195388064986,173.08732704682723,265,657,3.363950079848738,2210.115202460621,1.3270953790674365,78,973.1723785400357,0.5504691927295887,0.4339435448876996,5.888117178341455,0.7368958066134542,0.9197016761956212,62.0,Male,TAA,
03Asc24- DMSO low-cell-4,NRRD,0.37,0.115088994333747,0.115088994333747,3388.779295815305,3734.079465498051,9250.188845175127,0.3663470392372457,0.1588241239040905,0.9429951691177332,42.38284850821936,14.09209793787489,1.5889492736087925,Inference_Raw,4948.540793524765,6338.160215431012,0.2215673080670806,20,0.5419264232257396,0.1437024177623631,0.2339980774378397,0.7448141135767807,247.42164876725525,97,305,3.391988891071987,1034.556611776956,1.4052587172385156,12,907.3879983689897,0.6382205355043811,0.8422536450249222,5.020286308866388,0.6869020398684813,0.9884683145587528,62.0,Male,TAA,
03Asc24- DMSO low-cell-5,NRRD,0.37,0.138106793200497,0.138106793200497,3467.373847961398,1748.6112025298971,7950.833670298201,0.4361019223574516,0.0941573299850061,0.9879310910728848,75.24288325939608,11.53390263339663,1.676159131195686,Inference_Raw,2769.707107543923,4076.8630959694337,0.2339450679051424,34,0.6387131849719351,0.1270763616034451,0.2609012248870995,0.7907201638205843,81.447651806999,54,234,3.110297885726332,727.8097052599617,1.4814315179347548,10,481.71672821044535,0.5652514707605895,0.631240641486799,5.128145267732377,0.5069824219736445,0.9149717779237668,62.0,Male,TAA,
03Asc24-DMSO high cell-1,NRRD,0.37,0.161843898281832,0.161843898281832,4679.596633650299,4691.036585820439,25226.911078788948,0.1855001834760876,0.0746306582123214,0.9638303694987228,92.29124836829044,24.627960459732723,1.203121934810794,Inference_Raw,1663.084054598562,5838.3815975764455,0.1162700289051937,78,0.6487172524495426,0.1464835316725384,0.1362006859395218,0.8527634006746809,21.320844937760384,177,497,3.034941846591765,1508.3660977561071,1.4349212141870946,50,829.434109618876,0.5667859456240069,0.7683760717390011,7.150262508294264,0.6096035806447464,0.9770376121857088,62.0,Male,TAA,
03Asc24-DMSO high cell-2,NRRD,0.37,0.184964455179237,0.184964455179237,7057.555628066098,4959.002698308103,34040.98635121238,0.2073252389120252,0.0831783269092942,0.9712160487901956,94.94360801023493,22.610669848178752,1.3295632994623896,Inference_Raw,1572.7156507117268,4271.701346845063,0.1531028876407205,116,0.7235536487455574,0.1319497059429183,0.221209682016083,0.9046902845786432,13.553092084473628,74,245,3.166192935349694,775.717269160675,1.338736218993937,14,715.6797361617122,0.6279988199034723,0.8137573198370641,5.696023678562839,0.5810637647139664,0.986494974874372,62.0,Male,TAA,
03Asc24-DMSO high cell-3,NRRD,0.37,0.151211817372807,0.151211817372807,5223.804826302993,2547.3363451023765,18844.025372201155,0.2772127888348732,0.1111530545051705,0.9699209182019496,84.02914129828854,20.439266951132364,1.4024382390558767,Inference_Raw,1589.9235301993474,4847.505323385827,0.1358991230675253,58,0.6192119853016589,0.1447050140385112,0.156429668291876,0.913237349862354,27.408973946165062,125,433,2.937007635802418,1271.7243063024473,1.4360456413693203,31,831.9871961305062,0.5547620300484166,0.4450208265899463,6.41945171791307,0.557717532364724,0.8999715906487413,62.0,Male,TAA,
03Asc24-DMSO high cell-4,NRRD,0.37,0.207160189800746,0.207160189800746,11025.724840164146,5873.89383834471,41281.00433349598,0.2670895492534739,0.112684986478574,0.9350359674093178,91.90275823745569,32.82301939961751,1.2158087450760393,Inference_Raw,1570.0359821319526,5217.221060943248,0.125213538715376,272,0.7179974486908679,0.1292002486623901,0.2383802256898393,0.9097080655108816,5.76997276614692,74,296,3.3380667122555154,988.0677468276326,1.3631397192535737,23,782.0566177368137,0.5712570259069343,0.8022847759114927,6.56355632422356,0.6889616720854904,0.964954647190482,62.0,Male,TAA,
03Asc24-DMSO high cell-5,NRRD,0.37,0.177059991282688,0.177059991282688,6821.381896832117,4544.165068342865,28613.960850063384,0.2383934867520099,0.105203604326924,0.9595042288897884,85.56481417278702,24.145197198972287,1.2374835640603796,Inference_Raw,2563.741158529896,7423.200983708982,0.122032550722753,99,0.6712260631103428,0.1458441800273399,0.1596426723873788,0.8814863043747838,25.895086495464728,213,610,2.908350135346418,1774.093582561315,1.381897624682428,57,1447.419913327651,0.5443375433264439,0.7862446023158697,7.630448244405555,0.6576947503761538,0.974958394211912,62.0,Male,TAA,
03Asc46 +coll 60x veh 48h-Zstack cell1,NRRD,0.37,0.14903610777032,0.14903610777032,11360.005694179346,11860.582458242336,35330.031119384075,0.3215396458551829,0.1958763836174255,0.8357415625641026,77.09969347096184,44.631926996509534,1.1344079289199698,Inference_Raw,4859.478501674756,11447.357561176592,0.1212007534324689,164,0.6163709199827532,0.1455849211691641,0.1763984983392394,0.9083990793184862,29.626055507351776,183,635,3.57229431359252,2268.40688913125,1.506382499902716,32,1025.7735705746948,0.5807845084606812,0.7338570699595619,6.64193038362007,0.6190432385483762,0.9715195292432708,75.0,Female,TAA,Collagen
03Asc46 +coll 60x veh 48h-Zstack cell2,NRRD,0.37,0.207160189800746,0.207160189800746,14652.240085601756,9070.894734254276,74571.84498310066,0.1964848809751484,0.1312111739418779,0.9529284628487042,142.79240545003313,43.46288366147892,1.145730558092526,Training_Labels,4201.736211776719,11180.08488512752,0.1126310706841373,217,0.6449789273921512,0.1388299145422071,0.1338563632028544,0.8922849036359303,19.336277658488825,286,841,3.1777148329577494,2672.458174517468,1.3323075462201892,76,920.4710483550994,0.5108740493590214,0.8070267405002135,9.31107712583512,0.6023460007576414,0.979239163485253,75.0,Female,TAA,Collagen
03Asc46 +coll 60x veh 48h-Zstack cell3,NRRD,0.37,0.207160189800746,0.207160189800746,32606.387615203745,12512.846395703777,77093.08519363381,0.4229482778294143,0.2822399416791811,0.8549075694285366,114.6637056583057,61.9532474070198,1.197204476865048,Training_Labels,4337.6735687255705,15236.58413422354,0.0844178760464222,615,0.6709133613343365,0.1363460707473352,0.11358775281582,0.9169399102976724,7.011920649830863,353,1201,3.067836655689609,3684.47182348322,1.344680260958459,95,1227.2312164306595,0.4773334077765242,0.8432119333719927,10.458385197733296,0.6286990540450826,0.9859420844495472,75.0,Female,TAA,Collagen
03Asc46 +coll 60x veh 48h-Zstack cell4,NRRD,0.37,0.207160189800746,0.207160189800746,31613.74797821034,4846.411537943011,58253.95545959456,0.5426884359833369,0.331871632349448,0.8867745862240347,105.77058344710304,50.07905977866932,1.3311759412797963,Training_Labels,3666.98999404906,11564.645759189045,0.0994393492387985,540,0.701318382189347,0.1223261439146174,0.1362179072391904,0.9381664768177468,6.746320724487281,261,895,2.864726951687325,2563.930621760156,1.3390854624408683,71,842.5861358642549,0.5188191538391455,0.7748813482834802,9.681453872754531,0.5077546817807175,0.9804696882910514,75.0,Female,TAA,Collagen
03Asc46 +coll 60x veh 48h-Zstack cell5,NRRD,0.37,0.207160189800746,0.207160189800746,6949.239635467505,5842.463936243424,49828.30846309647,0.1394636874060095,0.0808236795877391,0.9487950510803462,107.84590158974662,34.21695398844511,1.193724330936511,Training_Labels,4874.182319641096,9170.058102987832,0.1516048925870962,49,0.6347301742210262,0.1735391079894784,0.1760890752509605,0.9059312126916752,99.45658177745553,149,392,4.077858486902673,1598.5205268658476,1.3161463440925427,36,686.4193439483619,0.5966343373039846,0.8761902685392958,5.462911715004406,0.8639635100138602,0.9744381579243964,75.0,Female,TAA,Collagen
03Asc46 -coll 60x veh 48h-Zstack cell1,NRRD,0.37,0.127092140982052,0.127092140982052,6124.117021848805,9139.098745108417,32288.77356981204,0.189667068295665,0.1151430638955808,0.8797288193927923,69.66128452459826,34.02192108131944,1.2740973085306202,Training_Labels,2915.248427914525,7443.614878720224,0.1325818096060432,124,0.6686477669469642,0.1322607245013845,0.1557829375280841,0.8562792474373022,23.50394698435948,178,774,2.6644205641325294,2062.2615166385776,1.5182706504449146,25,955.5773577291012,0.6294329629767811,0.8130191658529514,5.345159949415512,0.6415269502751416,0.9751950182667618,75.0,Female,TAA,NoCollagen
03Asc46 -coll 60x veh 48h-Zstack cell2,NRRD,0.37,0.207160189800746,0.207160189800746,22868.185329437176,7068.546452636685,88391.49191379525,0.2587147793787621,0.1395227761523706,0.9293885325679462,131.0356080022162,48.79913294667432,1.5884966268606493,Inference_Raw,7782.504987716647,17297.83646597343,0.1097923150649783,180,0.6360549684281954,0.1518861644962474,0.1285458869913742,0.8693826602745197,43.21928977966294,372,951,3.923071284933096,3730.840791971375,1.345301268284414,122,1097.804117202755,0.6150061882985374,0.7791627423854752,6.047499360717895,0.5902803187541934,0.97289728832163,75.0,Female,TAA,NoCollagen
03Asc46 -coll 60x veh 48h-Zstack cell3,NRRD,0.37,0.207160189800746,0.207160189800746,18195.42403221124,9477.69419053402,55130.87897300706,0.3300405212316677,0.1534063989806312,0.93560585411039,118.59461870274532,42.17584065049043,1.4242511283358736,Inference_Raw,8309.200716018648,19049.49658695532,0.1041454069065685,76,0.6780877978906763,0.1460094252110508,0.1109694462534609,0.8693676270388482,109.32532046970532,394,912,4.528779805567133,4130.247182677225,1.3375970274535764,124,1345.3050613403273,0.557138036806754,0.816195368050205,7.365425402654444,0.6591710773060024,0.9777613645543616,75.0,Female,TAA,NoCollagen
03Asc46 -coll 60x veh 48h-Zstack cell4,NRRD,0.37,0.207160189800746,0.207160189800746,21193.19128990166,10261.228651175865,65142.00661182389,0.3253383245651339,0.177803103672906,0.7937847034520454,94.32145723148224,62.69902550830832,1.2555416571671398,Inference_Raw,7387.364101409887,16268.169916203917,0.1127556798244573,151,0.6372990452459,0.1592713842529758,0.1363307517962825,0.9528067239103826,48.91137382052576,359,1048,3.626139637684785,3800.194340293655,1.343865642310495,98,2021.3873863220144,0.5480739274203144,0.8240134357745882,7.342221455803735,0.7192166349901173,0.9835206860586396,75.0,Female,TAA,NoCollagen
03Asc46 -coll 60x veh 48h-Zstack cell5,NRRD,0.37,0.207160189800746,0.207160189800746,20018.216800689628,11680.649961605975,83668.90861988049,0.2392551442452199,0.1218921890061908,0.8918983650037974,127.40800676341584,58.899258964017285,1.4040643217871696,Inference_Raw,8101.936340332003,16290.84933772644,0.1197474520978798,134,0.6820772497206583,0.132066586256481,0.1299425250949278,0.8697737400146593,60.44491084653919,295,829,3.696223267979607,3064.169089155094,1.367106293359639,83,1680.5039405822697,0.5675802751703718,0.8122667345885027,7.03927182692624,0.6560888613630265,0.9789473684210526,75.0,Female,TAA,NoCollagen
03Asc47 +coll 60x veh 48h-Zstack cell1,NRRD,0.37,0.207160189800746,0.207160189800746,16811.883115768374,9188.070051870563,50472.98276424396,0.3330867762322586,0.132134827141746,0.9412032310091002,117.87397171294782,40.06932303525208,1.1473064753670066,Inference_Raw,7366.40424728391,16449.534009998377,0.1113014674383939,184,0.6457001967429151,0.1320853451066877,0.1860660333207585,0.8594866636377897,40.03359753152585,191,558,4.471956935406875,2495.351969957036,1.373184574216059,46,1319.3910598754835,0.5189347942072016,0.8361133726436583,8.797431322568137,0.6425912123428577,0.9845138510391244,68.0,Male,TAA,Collagen
03Asc47 +coll 60x veh 48h-Zstack cell2,NRRD,0.37,0.207160189800746,0.207160189800746,30725.70118904103,6611.686878399284,84050.06833076457,0.365564261865027,0.1893269162091742,0.9074376145534374,106.17190208435088,45.31463298790378,1.555335993897187,Inference_Raw,7137.576627731299,20375.27105588233,0.0879862048335564,330,0.6331423446938979,0.1373710232305227,0.1521393808033172,0.8821183015354132,21.62613305178548,288,941,3.863311407255581,3635.376034227502,1.394115546042181,67,1038.1320476531946,0.6052715025377268,0.7863549003381246,6.16576096287479,0.5582369768180944,0.9541407595527922,68.0,Male,TAA,Collagen
03Asc47 +coll 60x veh 48h-Zstack cell3,NRRD,0.37,0.207160189800746,0.207160189800746,11991.021394729572,7906.565419471308,50425.61931610096,0.2377962146495804,0.105262974485927,0.9468936793097495,115.4042266469793,37.2855795540448,1.270653192309987,Inference_Raw,4602.037668228133,10109.914786047932,0.1323437416178501,138,0.6637266461032695,0.1404544021457889,0.1888116977331956,0.8651704608197909,33.33958439204992,115,384,4.378521933365086,1681.352422412193,1.3620840069804625,22,1192.393398284908,0.5572729389459441,0.7048603630908908,7.226017810537593,0.6340552527704674,0.931976419484952,68.0,Male,TAA,Collagen
03Asc47 +coll 60x veh 48h-Zstack cell4,NRRD,0.37,0.168422918537191,0.168422918537191,16860.12425782897,6741.333361184417,41389.84000330562,0.4073493460347377,0.2373797556530247,0.7941516792628582,76.7481383793861,50.948033995776015,1.2268221235110075,Inference_Raw,5459.06807821744,13427.425636131558,0.1116615645869646,234,0.6339514361628429,0.146324224366826,0.1569413792655102,0.8898605017482643,23.32145669272284,215,735,3.830695879546438,2815.561471466632,1.4280303235118432,40,1298.7685444665444,0.5422579366319463,0.7550385994554826,7.9982830877858655,0.5322196053279467,0.9775761916129544,68.0,Male,TAA,Collagen
03Asc47 +coll 60x veh 48h-Zstack cell5,NRRD,0.37,0.207160189800746,0.207160189800746,12769.695854186966,6489.839746593618,38459.17282104483,0.3320325144174552,0.1276041137762251,0.8746164684701815,93.88449158279484,46.8917918466316,1.2185246809551622,Inference_Raw,5390.509271621685,10836.48347844914,0.1371983693098334,154,0.6457184659288603,0.1518921140878174,0.1728473000410596,0.9013340646614638,34.99557383648749,161,452,4.361286845556974,1971.3016541917525,1.3341154698379354,42,1181.4371109008748,0.5114321361699576,0.80528255555093,7.919238252546836,0.7151796891861114,0.9689258144707577,68.0,Male,TAA,Collagen
03Asc47 -coll 60x veh 48h-Zstack cell1,NRRD,0.37,0.180139295478909,0.180139295478909,16340.089520344278,4155.209441000246,38816.02215180967,0.4209624947254539,0.1914543116715763,0.9212372095823136,97.93179801335188,38.5141625668458,1.5150305504023962,Inference_Raw,8969.273522129944,13870.063340947643,0.1505141021394491,99,0.6698571336177952,0.1194510664515,0.1675808331347039,0.8449374498911688,90.59180957710844,194,561,3.8151234846740136,2140.284274902121,1.3988324782391024,44,1044.9550462805605,0.5471171362350551,0.7693297480899389,6.816448843063759,0.5488718456900897,0.897838757930572,68.0,Male,TAA,NoCollagen
03Asc47 -coll 60x veh 48h-Zstack cell2,NRRD,0.37,0.175559482881988,0.175559482881988,7076.525749813616,3749.8417229679367,19133.266447878643,0.3698545551064653,0.1370256854154889,0.9429709160120918,90.31876199034602,30.236822725372623,0.9411361731498588,Inference_Raw,1026.6972149764233,4509.322900946583,0.109144296351271,200,0.6371266138614011,0.1302681450498464,0.1700558221683837,0.8946102431463914,5.119345339506848,110,426,2.9969251872823626,1276.6901297822865,1.3911513972692948,27,381.77704749453744,0.4973390356131675,0.8382814774221848,9.28267948448721,0.7026581975836965,0.9792849201240564,68.0,Male,TAA,NoCollagen
03Asc47 -coll 60x veh 48h-Zstack cell3,NRRD,0.37,0.175559482881988,0.175559482881988,9970.472859637644,3826.4991889677904,39130.98417866728,0.2547973956932359,0.1248121344044146,0.8563716048876556,73.73692284919248,39.598083681148005,1.3215628300448856,Inference_Raw,4627.338978998326,9949.955405537205,0.134963769767812,69,0.6375772744456382,0.1414320494328573,0.1494983967998833,0.8627789970839991,67.05528120769824,189,589,3.429335024073769,2019.8783291794496,1.3838650346076933,49,1067.80798193436,0.5149690127537295,0.7379433571807433,8.98201826432052,0.5205252415410935,0.9610660367669712,68.0,Male,TAA,NoCollagen
03Asc47 -coll 60x veh 48h-Zstack cell4,NRRD,0.37,0.17408419310987,0.17408419310987,10939.972522391485,2770.9476914776924,23131.73971357284,0.4729420552822629,0.1664057127419196,0.9754912145277476,104.81903203180816,23.048615853001284,1.368299162764336,Inference_Raw,4996.743143955889,10079.704197272968,0.1402257228129559,58,0.6496401636885232,0.140250320817353,0.1538283549980992,0.863378189489336,86.14513737964464,201,533,3.6332881478886287,1936.542582824639,1.3755260417411035,56,861.1555835569434,0.5047021521226008,0.6194519334389272,8.102261564244873,0.5207371340835041,0.9394753048404976,68.0,Male,TAA,NoCollagen
03Asc47 -coll 60x veh 48h-Zstack cell5,NRRD,0.37,0.207160189800746,0.207160189800746,13494.84329223628,5738.654637740234,41321.56376838672,0.3265811373421589,0.1589555979500991,0.9325132921141082,115.700288538475,42.13425536834319,1.059177212158307,Inference_Raw,5071.125555038435,13221.1111492312,0.1079656847884492,223,0.6568385027970823,0.1387291605026355,0.1624803783482735,0.9090549402257394,22.73378008684228,236,743,3.316962498350549,2464.5031362744576,1.325981756848652,55,665.6500339508034,0.4276204037484771,0.620633783710841,8.388903975892008,0.6610832687825638,0.8730295877939813,68.0,Male,TAA,NoCollagen
03Rt-0045 +coll 60x veh 48h-Zstack cell1,NRRD,0.37,0.158137549466218,0.158137549466218,6671.228148179866,4833.978218892557,40253.29375668509,0.1657312365170598,0.0901957791761011,0.8695859532415723,66.6829769437125,33.96860258815098,1.62235301642189,Inference_Raw,13325.440453646574,26976.6783018969,0.1007588882120091,299,0.6213045127181965,0.1115594924650686,0.10755621867538,0.8451935583943111,44.52104554833702,622,2490,2.487578697444416,6194.070956636596,1.414564535363943,157,903.4403928835892,0.63902826090695,0.836365744185306,5.132654507269603,0.6548934184410768,0.9882591093117408,75.0,Male,TAA,Collagen
03Rt-0045 +coll 60x veh 48h-Zstack cell2,NRRD,0.37,0.207160189800746,0.207160189800746,23753.945589065468,12920.786358769035,109501.47099494906,0.2169280957893356,0.114427941754203,0.7462316278541254,86.16477036839105,66.97077714784102,1.86861831536289,Inference_Raw,29317.13547706593,44143.46022160708,0.1041594731253223,157,0.684976384353222,0.1137132736148111,0.10738091864249,0.9284703745395232,186.67853015243563,785,2082,3.372917835306968,7022.414933109106,1.2794031941502393,205,1872.254848480218,0.645613104595665,0.8396510023200682,4.848627712524218,0.6898696070531513,0.9843716084219664,75.0,Male,TAA,Collagen
03Rt-0045 +coll 60x veh 48h-Zstack cell3,NRRD,0.37,0.14092529918418,0.14092529918418,9874.907497165932,6189.68477370264,24828.528887891185,0.3977242285176993,0.2008049183277159,0.7208716089636281,46.39833591874711,40.05924250642924,1.5017660619199609,Inference_Raw,13823.009937418014,18837.120854218,0.1478670290840207,236,0.6122013354763053,0.0975574584237751,0.1575561153460254,0.8600886490587228,58.53876011521928,349,1462,2.780398777428994,4064.943012601189,1.4462136014900262,69,1206.6295771537048,0.6329812413225889,0.7960312122517699,5.285086230469611,0.6249526839395682,0.9855416914240444,75.0,Male,TAA,Collagen
03Rt-0045 +coll 60x veh 48h-Zstack cell4,NRRD,0.37,0.190055220000684,0.190055220000684,16728.836803180897,6994.570843863996,83185.94186135965,0.201101729797827,0.1027805750598924,0.7669349587785448,73.52999779417573,53.2031018033011,2.019635366673016,Inference_Raw,13623.426723295504,23480.82149527804,0.1174794066191547,73,0.5704287798811607,0.1415921789496862,0.1251722697427882,0.7978226814492316,186.56260013542249,459,1575,2.936471473534478,4624.942570816803,1.3311617406927538,96,1795.66310397422,0.6744176341428396,0.8412108312739652,4.381257455167691,0.6472627271182203,0.9870410367170626,75.0,Male,TAA,Collagen
03Rt-0045 +coll 60x veh 48h-Zstack cell5,NRRD,0.37,0.13903368443003,0.13903368443003,3837.209946131582,3750.888980776672,26402.85173421852,0.145333162673428,0.08091873964016,0.8292332674534837,51.90451271623481,30.66454368508036,1.669872135706299,Inference_Raw,5761.65471923841,8052.811488743027,0.1930047855973886,137,0.6300365370172222,0.1119978205697285,0.2099578468805765,0.8290741066450181,42.031650234346536,125,498,3.201831678077373,1594.5121756825315,1.5049323135548744,22,515.7476802929114,0.6983346938572385,0.8308455091680619,3.897808971731238,0.6495648569845316,0.983631155367617,75.0,Male,TAA,Collagen
03Rt-0045 -coll 60x veh 48h-Zstack cell1,NRRD,0.37,0.165728151840596,0.165728151840596,9956.97235107409,5637.257751747255,34183.95199584917,0.2912762208501558,0.1590624989853533,0.7519028084327375,55.34276565688224,42.12822534837976,1.475770004529537,Training_Labels,22804.12820434541,43456.40740616342,0.0894896110747032,168,0.5483810910988659,0.1311016067394837,0.0934386935722752,0.7839893791786539,135.65253884451556,914,3242,2.667019719474029,8646.477930534802,1.3734119854434723,245,899.5207214355352,0.6056455125640434,0.855668527200217,5.692869862369143,0.7299654342341076,0.9857672647088302,75.0,Male,TAA,NoCollagen
03Rt-0045 -coll 60x veh 48h-Zstack cell2,NRRD,0.37,0.165728151840596,0.165728151840596,15905.861663818154,6196.8159282229935,49607.27801513611,0.3206356466275972,0.2036044495021159,0.9560056241735776,93.44901541769988,27.473376044480684,1.457004674616439,Training_Labels,22664.538116454783,29785.76468985189,0.130028919056479,260,0.6290760552337142,0.1106987716799087,0.1384393126447586,0.8896477258737765,87.1373347355758,460,1583,3.4246861151981003,5421.278120358593,1.397600168636577,91,1372.923797607404,0.5457632154935815,0.7435939881446113,8.380053311437207,0.5136246952860375,0.9869165023011176,75.0,Male,TAA,NoCollagen
03Rt-0045 -coll 60x veh 48h-Zstack cell3,NRRD,0.37,0.207160189800746,0.207160189800746,19027.292060851985,4915.199563625563,96248.69019985171,0.1976888414932559,0.1278408860564487,0.9076528557457668,100.03423259136828,42.61561157496152,2.0244805278015767,Training_Labels,45715.56959152206,65511.95214508505,0.0943784861952004,36,0.5383148765765303,0.1354109002484795,0.0949276188214929,0.792310893381118,1269.7618126869156,686,1922,4.025729562022303,7737.452218206866,1.2952265374619742,129,887.4116420745819,0.6745236636586784,0.8232868362031396,3.501993478420464,0.833519479621199,0.931993662970066,75.0,Male,TAA,NoCollagen
03Rt-0045 -coll 60x veh 48h-Zstack cell4,NRRD,0.37,0.207160189800746,0.207160189800746,16326.66249275202,8949.626133449634,101781.6550254819,0.1604086953455856,0.0767437677265263,0.8167155303782289,74.32425098144907,45.84707188635454,1.648643289802845,Training_Labels,32082.629442214853,41122.37498910837,0.118736954530025,72,0.7169222889590178,0.0999057967793623,0.120165707432776,0.8380971152460677,445.5567896366104,485,1341,3.894763835923681,5222.878303973656,1.2626579388498893,102,1370.7109451293898,0.6696414246238009,0.7635551425683943,4.200713513459328,0.5536160644484526,0.9433801431615758,75.0,Male,TAA,NoCollagen
03Rt-0045 -coll 60x veh 48h-Zstack cell5,NRRD,0.37,0.172633491500621,0.172633491500621,8023.760318756013,5694.168312785668,40907.42419163341,0.1961443546571938,0.1025399080086579,0.719389455484573,65.32136719622096,57.01539953139216,1.2690622958518074,Training_Labels,12015.075385570392,22222.461569150448,0.114158861083905,225,0.6608824686252333,0.1182141184979929,0.1217659515797386,0.8839545035258624,53.34294637044212,435,1389,3.093517185707382,4296.895370947554,1.3517590190282345,124,657.3882699012682,0.5853595317460849,0.6917659154641757,5.990377402653533,0.6897931569733892,0.9330025978903878,75.0,Male,TAA,NoCollagen
