CellName,Specimen,Group,Age,Sex,Collagen_Status,Voxel_Source,Voxel_Z,Voxel_Y,Voxel_X,Actin_Volume,Actin_Skeleton_Length,Actin_Convex_Hull_Volume,Actin_Solidity,Actin_Extent,Actin_Fractional_Anisotropy,Actin_Major_Axis,Actin_Intermediate_Axis,Actin_Minor_Axis,Mito_Volume,Mito_Surface_Area,Mito_Sphericity,Mito_Fragment_Count,Mito_Mean_Fragment_Sphericity,Mito_Std_Fragment_Sphericity,Mito_Min_Fragment_Sphericity,Mito_Max_Fragment_Sphericity,Mito_Mean_Fragment_Volume,Mito_Junction_Count,Mito_Branch_Count,Mito_Mean_Branch_Length,Mito_Total_Network_Length,Mito_Mean_Tortuosity,Mito_Cyclomatic_Number,Nucleus_Volume,Nucleus_Sphericity,Nucleus_Circularity,Nucleus_Elongation,Nucleus_Flatness,Nucleus_Solidity
01ASC-0180 +coll 60x DMSO48h-Zstack cell1,01ASC-0180,TAV-NA,62.0,Male,Collagen,NRRD,0.37,0.193607654019388,0.193607654019388,14386.17323129814,4392.746751550876,24169.212804109822,0.5952272152137227,0.2541904123365739,0.965863945365321,106.70926982786958,27.679468460531865,1.1628143536335154,1457.9008527068033,6606.356236573849,0.09411831192699231,285,0.6700430675865459,0.15769114831294823,0.13440984383336935,0.9673153380514153,5.06853012913442,180,715,2.9307146777498656,2095.460994591154,1.3312167515196294,39,742.5490316110527,0.48602991170505366,0.8281660770216264,9.98873582806585,0.6746445462579784,0.9807297772567408
01ASC-0180 +coll 60x DMSO48h-Zstack cell10,01ASC-0180,TAV-NA,62.0,Male,Collagen,NRRD,0.37,0.207160189800746,0.207160189800746,7392.302370071386,2365.2209152728715,20996.118378639156,0.3520794766327904,0.11702562478319231,0.9145296245392963,77.49331509667631,31.767851382813962,1.023092708099783,919.1054821014372,3665.217760554244,0.12472722110468056,98,0.6578591895966412,0.17936224754068497,0.16877154715880824,0.9197596175418595,9.378627368382014,83,233,4.209638760237411,980.8458311353168,1.3536407732453877,19,644.2455768585182,0.49818551854475757,0.7949089626415411,8.720250418836933,0.7711778040063275,0.9729036280363522
01ASC-0180 +coll 60x DMSO48h-Zstack cell2,01ASC-0180,TAV-NA,62.0,Male,Collagen,NRRD,0.37,0.15935399215442,0.15935399215442,8094.930930955848,3008.433578633492,14284.451896622299,0.5666952424593887,0.16272824990447576,0.9569808370012318,78.38360372775463,22.78371678107525,1.3035386255024313,1377.7712252013032,4970.763100027573,0.12046081549365005,155,0.6877008283281184,0.1493108697482009,0.17742291081181374,0.9128425203069269,8.855325298742537,86,361,3.2868990578254857,1186.5705598750003,1.4465521757574322,14,653.9760115583952,0.5358204678704283,0.6956367754743938,8.345541766341773,0.5352003897121084,0.9737101359529372
01ASC-0180 +coll 60x DMSO48h-Zstack cell3,01ASC-0180,TAV-NA,62.0,Male,Collagen,NRRD,0.37,0.193607654019388,0.193607654019388,7325.771833905009,2515.839981143436,16770.80412308321,0.43681696954661053,0.14209369290265939,0.973989479839652,86.43127499899593,19.575185685521834,1.1471414005854526,1925.1353376889617,6284.796660452262,0.1190786047812898,83,0.6808232531564992,0.15069519189699732,0.1396814847523606,0.896532860321417,23.19440165890315,134,366,3.783944352547181,1384.9236330322683,1.3546116944172104,41,748.2214737838005,0.5172354246792905,0.7227195616982383,8.248701301143056,0.6486678302300968,0.9572546444984651
01ASC-0180 +coll 60x DMSO48h-Zstack cell4,01ASC-0180,TAV-NA,62.0,Male,Collagen,NRRD,0.37,0.193607654019388,0.193607654019388,3448.428769477687,3938.2602147486377,15402.636035309617,0.22388562331618897,0.0752366255144033,0.9540979970587596,92.19059154352,27.707265948225132,0.8940894755769867,843.1967402849677,3450.575985327395,0.12508689385712435,120,0.7496347074843284,0.14704625360252224,0.1580967713853073,0.9286088871588007,7.026639502374731,86,234,3.663033394881288,857.1498144022214,1.360007959305582,21,529.8116465553572,0.5244755849794083,0.7876378701527413,8.27812637260209,0.7003728295159819,0.9774326433487706
01ASC-0180 +coll 60x DMSO48h-Zstack cell5,01ASC-0180,TAV-NA,62.0,Male,Collagen,NRRD,0.37,0.181719464737496,0.181719464737496,5731.584292699707,2231.4300793096145,11311.975377418226,0.5066828826503198,0.15386343658571788,0.981428826459491,93.45547593074377,17.910247087303848,1.002952536401792,686.6220622181503,3064.821929413173,0.12280726155958444,114,0.6605181961991847,0.1562877297486281,0.17343777379421554,0.8987804675157088,6.0230005457732485,79,270,3.385153917290833,913.9915576685249,1.405594815719476,20,531.6473440450269,0.45521447488620026,0.7764319111174841,11.003618578365636,0.700604736329673,0.9736847993913492
01ASC-0180 +coll 60x DMSO48h-Zstack cell6,01ASC-0180,TAV-NA,62.0,Male,Collagen,NRRD,0.37,0.207160189800746,0.207160189800746,6653.689813613868,2134.4146370765416,20919.32909488673,0.31806420671685004,0.06353883114740574,0.9951909340288727,134.9874518202377,13.15483633104402,1.3362450647617525,1585.8670234680121,4500.812548228073,0.14611822161849813,47,0.6592491406778515,0.17208332380093627,0.19163560261901497,0.8762427805459022,33.7418515631492,83,253,3.863084015502167,977.3602559220482,1.3452244275946348,24,673.9387035369849,0.5677211744634171,0.7117965620613239,6.901068409723495,0.5586270681648107,0.9523414185383804
01ASC-0180 +coll 60x DMSO48h-Zstack cell7,01ASC-0180,TAV-NA,62.0,Male,Collagen,NRRD,0.37,0.207160189800746,0.207160189800746,11304.744958877523,7778.490779296619,24650.55098533623,0.4586000923712549,0.13397696170973827,0.9774739076201211,108.59954878690522,22.894621022777677,1.4608085221908655,2133.9989662170337,7465.037490247063,0.10737790699922826,146,0.6862428439222625,0.1386274426289385,0.12588181800221365,0.9354447323565623,14.616431275459135,195,605,3.081952334284191,1864.5811622419355,1.3078464673438603,57,839.1404628753633,0.5673787184072209,0.7664347933476318,7.236789181113214,0.6288442930010991,0.9642733327251163
01ASC-0180 +coll 60x DMSO48h-Zstack cell8,01ASC-0180,TAV-NA,62.0,Male,Collagen,NRRD,0.37,0.207160189800746,0.207160189800746,13076.61480903621,6783.750933078345,46787.467646598685,0.27948968958542986,0.1482983113037681,0.8158570754206358,95.89492723837586,59.37498612151648,1.0086778209563976,1659.9728107452333,7488.5618233805835,0.09053566335855609,352,0.6753154928269061,0.1580934567013472,0.1476010111759353,0.9593708775462492,4.694720425389013,171,635,3.3459244418451024,2124.66202057164,1.312934138817241,43,1069.3495273590052,0.47055252455887936,0.7160287415217437,9.801281026869061,0.6536844986394834,0.955924311894048
01ASC-0180 +coll 60x DMSO48h-Zstack cell9,01ASC-0180,TAV-NA,62.0,Male,Collagen,NRRD,0.37,0.118377251314712,0.118377251314712,5344.895016417194,3201.765716156033,11021.618527782164,0.48494647160435933,0.18794481017421574,0.889433368702224,57.81107671478422,27.025684681941534,0.9735100030277053,523.9678363410776,3069.43571390909,0.1023989102931788,163,0.6771645381754533,0.13893322746827072,0.13317967843818884,0.8885983265162727,3.214526603319495,69,380,2.7066175477070455,1028.5146681286774,1.5795051691298134,8,511.845600361725,0.5203596104318093,0.7758155902064631,8.311002193361267,0.6724656792931994,0.9785688087945204
01ASC-0180 -coll 60x DMSO48H-Zstack cell1,01ASC-0180,TAV-NA,62.0,Male,NoCollagen,NRRD,0.37,0.207160189800746,0.207160189800746,7066.090822219824,5768.0300378130105,73894.8205232618,0.09562362791036817,0.05667094177259874,0.9752434721849524,99.55067913860523,22.011989875819218,1.0907525713238688,636.2427234649635,2678.065626151939,0.13358103217384862,89,0.7286060670746994,0.13927132233241635,0.15202524921788776,0.9622840372180665,7.148794645673749,111,304,2.9169499431194095,886.7527827083005,1.238516548192966,34,852.6532173156709,0.6036243535412852,0.8533941405811486,5.587024279196212,0.7105132290738667,0.9699608027311646
01ASC-0180 -coll 60x DMSO48H-Zstack cell2,01ASC-0180,TAV-NA,62.0,Male,NoCollagen,NRRD,0.37,0.164412849048211,0.164412849048211,9107.8657141618,2302.936718140251,15536.177951282123,0.5862359289860074,0.20319490429032303,0.9503478217160732,80.67911593032602,25.1939296737305,1.206139207308423,1638.8663358969404,5886.5760663590145,0.11419586725855058,75,0.7210268664990155,0.141936184351097,0.12349575392598547,0.9225401767926331,21.851551145292536,194,567,3.084912692477957,1749.1454966350016,1.3280304577921047,55,682.5650900669887,0.4869990648458776,0.7056613918097422,10.881631130949978,0.5320402878680898,0.965890595145425
01ASC-0180 -coll 60x DMSO48H-Zstack cell3,01ASC-0180,TAV-NA,62.0,Male,NoCollagen,NRRD,0.37,0.207160189800746,0.207160189800746,25008.599281310948,4657.5555670951035,42108.04524421678,0.5939149902653268,0.24270358273562004,0.9706276742729473,127.54270353460912,30.701567957551273,1.4250480024900012,7890.622901916477,15451.222214927328,0.12404963148788482,185,0.6944004578427673,0.13091283085709615,0.15624870114455228,0.9293254020354778,42.65201568603501,319,847,3.4953181347709665,2960.5344601510087,1.305308365509373,86,1344.1300392150831,0.46775476498752777,0.774511486434459,11.459374358949164,0.5798905319285479,0.981585843827547
01ASC-0180 -coll 60x DMSO48H-Zstack cell4,01ASC-0180,TAV-NA,62.0,Male,NoCollagen,NRRD,0.37,0.168422918537191,0.168422918537191,11740.607352996974,2953.145476245931,17684.640332202274,0.6638872565374312,0.2501131359312563,0.9128959384668979,71.38385432418981,29.53240093904014,1.2235382129712533,1932.131400213266,6580.401560835333,0.11400472031460902,171,0.6974212480198569,0.1381985779348432,0.1537778909225664,0.9110790727007253,11.299014036334889,144,456,3.2234058383306765,1469.8730622787884,1.356511077638023,38,739.4411108594404,0.48188421489675065,0.7345937820588961,10.705257470460273,0.5855458836377269,0.9779298474522161
01ASC-0180 -coll 60x DMSO48H-Zstack cell5,01ASC-0180,TAV-NA,62.0,Male,NoCollagen,NRRD,0.37,0.191814990556246,0.191814990556246,15827.858521614446,2800.3282910899734,24949.206184948274,0.6344032914026463,0.21518278192761278,0.9437766299304959,84.96688164431679,28.22142227122675,1.3842656030509444,1463.2233866938745,5670.157938610022,0.10992489454712388,180,0.7036430912948434,0.13796751881674588,0.1454341372397095,0.9150433961881277,8.129018814965969,135,455,3.0590433865626228,1391.8647408859933,1.3523768002154686,41,703.4863954708856,0.5435614327251843,0.7952686594336554,8.100705147237488,0.6168009010245579,0.9721574234329144
01ASC-0180 -coll 60x DMSO48h-Zstack cell10,01ASC-0180,TAV-NA,62.0,Male,NoCollagen,NRRD,0.37,0.180139295478909,0.180139295478909,6726.159706908883,1350.9131563559697,9558.817695805072,0.7036602141560548,0.18251375840719147,0.9610659777784607,73.8178660215468,20.42114092760808,1.165675767747645,1295.2918501567174,4049.321289640552,0.14191021008718976,68,0.7019153536443766,0.152679457860857,0.1783400977858932,0.9387023629312802,19.048409561128192,96,264,3.5706294629423514,942.6461782167808,1.3678057123991982,27,522.9697921550967,0.5225979013841676,0.7808825787534527,8.82695740682573,0.6187044235294862,0.9692687703057548
01ASC-0180 -coll 60x DMSO48h-Zstack cell6,01ASC-0180,TAV-NA,62.0,Male,NoCollagen,NRRD,0.37,0.205109098812619,0.205109098812619,28053.89178616047,7781.856680929734,68593.22447786534,0.4089892551299044,0.17900893556311212,0.9525433060213147,119.7223960663679,36.553588532856395,1.7975666865922786,3108.226578675687,10388.20404083254,0.09914833673454981,298,0.6884889080565223,0.1423242106637913,0.19449825408545166,0.9095292390323818,10.429768190029359,138,488,3.7403148029279922,1825.2736238288603,1.3982438119076732,31,1341.6167065601853,0.6443015875961466,0.8104691199394941,4.822668149566616,0.652458039433361,0.9551620195930671
01ASC-0180 -coll 60x DMSO48h-Zstack cell7,01ASC-0180,TAV-NA,62.0,Male,NoCollagen,NRRD,0.37,0.207160189800746,0.207160189800746,25739.19310569754,5047.969921545522,59268.63205432876,0.43428019533340395,0.14520707396178156,0.9767846670892629,129.72665620818617,27.77001904575005,1.624432447516685,2731.1483860015774,9087.532201086458,0.10397645969438286,365,0.7167556716467476,0.14301201194841234,0.1584590206573627,0.9477918130007559,7.481858762976216,184,606,3.2841824861771722,1990.2145866233664,1.3314122362339864,48,1097.6770877838096,0.6390953259548672,0.8181600090049351,5.0828127754609875,0.6364509831638624,0.9617338064426355
01ASC-0180 -coll 60x DMSO48h-Zstack cell8,01ASC-0180,TAV-NA,62.0,Male,NoCollagen,NRRD,0.37,0.207160189800746,0.207160189800746,22920.775508880535,6978.127046229916,42550.078511238,0.538677631413227,0.18720612342297474,0.9661949384656955,122.75662918799961,31.682876220016457,1.4520181220092758,3907.0279598235948,11970.730922427829,0.10021386260676365,236,0.7043853357660727,0.15069680716205022,0.13155125576078466,0.935199331804287,16.555203219591505,298,817,3.3976768246232067,2775.90196571716,1.297578508627934,97,1238.1716251373248,0.5248751608233272,0.8225117198336707,8.485380315157794,0.6478341232067555,0.9803371845966231
01ASC-0180 -coll 60x DMSO48h-Zstack cell9,01ASC-0180,TAV-NA,62.0,Male,NoCollagen,NRRD,0.37,0.180139295478909,0.180139295478909,10805.797144235314,3286.311315904534,24655.653803920693,0.4382685298135147,0.12857058367057256,0.9761546346232671,97.44929879956042,21.12873895072013,1.400740089330992,2113.5630183949834,6603.838038465815,0.12060477753196316,180,0.7146532329668258,0.13531245552317503,0.16491267819905703,0.9159913508768954,11.742016768861017,136,441,3.3275354519073064,1467.443134291122,1.3750013448137952,37,695.0358226754422,0.588693940280718,0.7678547586775311,6.801659799373546,0.5711694452307726,0.9734638280698215
01Asc-230 +Col 60x veh-Zstack Cell1,01ASC-230,TAV-NA,63.0,Female,Collagen,NRRD,0.37,0.160589294419182,0.160589294419182,5013.352925871488,3821.230446825619,15679.58719519314,0.31973755835921636,0.09096449330011962,0.9829862638320418,90.74025528699885,16.63298667043883,1.1840830467547372,2502.602071230795,6836.304586812543,0.1303938935237554,46,0.6315747161279853,0.15595570787936783,0.1766521927903959,0.8102945867927839,54.40439285284336,101,303,4.4401423087628995,1345.3631195551586,1.5092048973409167,19,340.4741096393374,0.47875585823678013,0.8776893960148946,7.353436799752808,0.7148660205911531,0.7736458649551151
01Asc-230 +Col 60x veh-Zstack Cell2,01ASC-230,TAV-NA,63.0,Female,Collagen,NRRD,0.37,0.129475118625466,0.129475118625466,4779.364038258757,3260.202881145444,18822.89428263892,0.25391228184641873,0.07723343603848135,0.9776993561240251,90.56314711276202,18.98923374010505,1.3257992130394454,4616.161007434098,9959.274982235402,0.13462024179154078,74,0.6647189146183448,0.10421049933270106,0.1410722389001876,0.8093763677416106,62.38055415451483,224,720,2.915082522420733,2098.859416142928,1.4790534560605575,44,1042.478587478392,0.6231989131828395,0.8006011998974265,4.509846081305625,0.7675751082736892,0.9455524363006262
01Asc-230 +Col 60x veh-Zstack Cell3,01ASC-230,TAV-NA,63.0,Female,Collagen,NRRD,0.37,0.103580094900373,0.103580094900373,4762.193977832778,5495.914450727421,15115.155798196742,0.3150608595381408,0.1785798019767786,0.8712914566973877,49.56679462130262,25.082214709914428,1.0639775995440375,3956.0851335525376,9373.516504582618,0.1290501940732844,102,0.6433579179871217,0.10233968765365264,0.14099565129537486,0.8064726762952424,38.78514836816213,220,880,2.759964656853281,2428.7688980308876,1.6005812532067856,36,398.39998483657695,0.36290977106874855,0.6629403616815828,12.064627847180326,0.5246456428775291,0.7233642300096582
01Asc-230 +Col 60x veh-Zstack Cell4,01ASC-230,TAV-NA,63.0,Female,Collagen,NRRD,0.37,0.121858935176909,0.121858935176909,9510.289310996412,2621.7258349146414,15257.912655602533,0.6233021203922242,0.31740263674425023,0.9057076785136474,62.42893327873642,26.878298470424834,1.2838998177859937,4797.190184411657,10700.379811158467,0.12855122577472958,100,0.667001597314253,0.139651298751841,0.14732145378261688,0.8764990912407481,47.96618771800487,226,733,3.2186180530968103,2359.247032919962,1.494170746135658,48,646.5918300061013,0.4966445787229524,0.540730811961105,6.983261420943279,0.54954512455832,0.8925925360138097
01Asc-230 +Col 60x veh-Zstack Cell5,01ASC-230,TAV-NA,63.0,Female,Collagen,NRRD,0.37,0.14903610777032,0.14903610777032,6621.287652753956,3769.542302144229,22222.505248324982,0.297954149577849,0.12939512787403398,0.9518165106637182,84.46838223524887,25.98680375142862,1.2469272482880902,4509.434246645409,10153.268691155012,0.13000486890504726,59,0.6813791401701522,0.13050566175323275,0.13813206639338896,0.8888416147186625,76.42677080918524,229,634,3.5579875198151574,2255.76408756281,1.4137216592775903,61,517.7150669258735,0.4960857855098571,0.687898707436678,7.49966414035846,0.4570550007042833,0.8528145560880513
01Asc-230 -Col 60x veh-Zstack Cell1,01ASC-230,TAV-NA,63.0,Female,NoCollagen,NRRD,0.37,0.188327445273405,0.188327445273405,12819.236802660624,2476.0452865439775,47530.344852730865,0.2697063705803113,0.12091612162142086,0.9843156617253997,115.03705596908719,20.23673117686479,1.627840158847767,3750.5304714864624,9221.243436292309,0.12659690918229904,90,0.6783605567653054,0.12732172459780633,0.1481034490967215,0.8529070887056599,41.67256079429403,199,564,3.189079767446074,1798.6409888395856,1.364334776780888,55,1393.0061828991484,0.5919507454375005,0.8567631312810149,6.160089671143824,0.7023929288666977,0.9823520701845306
01Asc-230 -Col 60x veh-Zstack Cell2,01ASC-230,TAV-NA,63.0,Female,NoCollagen,NRRD,0.37,0.121858935176909,0.121858935176909,10443.356655873125,2953.2128792832154,25243.020206173984,0.4137126449440812,0.18143836908370167,0.9517746026952264,69.40570889464907,21.298516661590497,1.8658427486709146,8277.373198406836,13183.62786605029,0.15009891275823078,45,0.6233214160432509,0.11252559059929484,0.15528376462392052,0.7811935265122888,183.94162663126306,315,1039,2.9060769386549263,3019.4139392624684,1.5359725789622691,66,1286.2333046936117,0.5825869626352953,0.7294345261921324,4.657414124093651,0.701183190459092,0.9174818542381915
01Asc-230 -Col 60x veh-Zstack Cell3,01ASC-230,TAV-NA,63.0,Female,NoCollagen,NRRD,0.37,0.164412849048211,0.164412849048211,9823.196328956747,4113.189018754731,32054.928244736937,0.30644886346203587,0.0931516042705685,0.9258914318860197,83.41229366188962,31.820412229102402,1.1511329200189067,8574.735820969174,15581.71864985397,0.13002172754636523,75,0.6259526302562338,0.1356806417521745,0.14391255922682397,0.8824955129757814,114.32981094625568,321,885,3.414420403659971,3021.7620572390742,1.3691975810582155,87,1641.5567895452373,0.6218206520525613,0.7823322039368537,5.485086637139447,0.6048009406495859,0.9766356531004636
01Asc-230 -Col 60x veh-Zstack Cell4,01ASC-230,TAV-NA,63.0,Female,NoCollagen,NRRD,0.37,0.14797156414339,0.14797156414339,5232.170017398116,2366.834230761482,17609.925780977464,0.29711482504088654,0.09595605714829078,0.9657508035929918,79.50243882638507,20.64569108901632,1.0734802285680003,4566.4321646398275,8447.568610080467,0.15756886391851416,33,0.5997858049816,0.13971247785024102,0.1749891226069484,0.791407787094645,138.3767322618129,158,439,3.95103978837589,1734.5064670970157,1.3888363348584776,35,409.8886129807439,0.6106977370961236,0.8185714576956394,4.458563900729549,0.6387566698473048,0.8994986488408477
01Asc-230 -Col 60x veh-Zstack Cell5,01ASC-230,TAV-NA,63.0,Female,NoCollagen,NRRD,0.37,0.115088994333747,0.115088994333747,2118.3478832244514,3389.688329252266,6625.817572628902,0.3197111692261642,0.09609004444333784,0.9760981943100491,62.09465720808094,13.47690992475703,0.9234047319875027,1844.9846903482762,4528.255883469037,0.16065034982426202,90,0.6563286946284417,0.1079639461156634,0.187984272229371,0.8164093646573126,20.499829892758623,101,383,2.816740947579446,1078.8117829229277,1.5316035522764562,14,364.5087612999749,0.4216485500269151,0.7908117291446787,10.096295754760094,0.594598867335268,0.7460379553843685
01C-222 +Col 60x veh-Zstack Cell1,01Asc-0222,TAV-NA,66.0,Male,Collagen,NRRD,0.37,0.172633491500621,0.172633491500621,9961.785972118267,8430.205772731106,49495.000690221255,0.20126852880489848,0.08664074317172996,0.9444260080568257,90.19565217644266,29.787275285246977,1.4297887597058987,3434.8776936530685,9425.671134985374,0.11680085626614374,181,0.6950597782151962,0.1055546943791106,0.14690604652234185,0.8702711830706751,18.97198554560603,132,396,3.9838298573730744,1577.5966235197375,1.4583420763487471,30,1277.9578566551065,0.6913869608810402,0.8726868055597085,3.800537885054487,0.7640466445489571,0.9886880337140955
01C-222 +Col 60x veh-Zstack Cell2,01Asc-0222,TAV-NA,66.0,Male,Collagen,NRRD,0.37,0.131114044177687,0.131114044177687,6820.783689988133,4082.828690075188,13680.968304089813,0.4985600096704497,0.2021669416034312,0.9389336433723305,64.82277646898707,22.429286625797516,1.1914787383975323,2267.4883582847383,6461.442796415008,0.12917684245963357,159,0.7062353668044233,0.1075912198974334,0.15105865159648352,0.8777525986890318,14.256492630983978,154,491,3.0474492354393155,1496.297574600704,1.4254858665821613,40,679.4870482329945,0.5494166627437893,0.8568053944055567,7.392669628679821,0.6983583219505997,0.9893037728510308
01C-222 +Col 60x veh-Zstack Cell3,01Asc-0222,TAV-NA,66.0,Male,Collagen,NRRD,0.37,0.121858935176909,0.121858935176909,5699.659482830479,4867.460249904929,13268.849164969226,0.4295519085316016,0.20134541211325085,0.9166645539699515,66.00730998508949,26.72088229015786,0.7208900897276134,2332.138157220837,7195.837388357593,0.11818770523977223,128,0.689894181572692,0.16251584449972906,0.13195568402704705,0.9535768338948489,18.212618016247742,227,821,2.6204578846099293,2151.395923264752,1.3018435579100651,46,637.1690162737825,0.49931818174680176,0.8067258019093666,9.794690985082017,0.5976994197075322,0.989454284836695
01C-222 +Col 60x veh-Zstack Cell4,01Asc-0222,TAV-NA,66.0,Male,Collagen,NRRD,0.37,0.14797156414339,0.14797156414339,4689.896982543307,5212.635807194367,17475.001580861095,0.2683774854521191,0.09228881692649811,0.9589825545654226,79.37754819375934,22.554418849933587,0.9037543231016075,2829.5884083728306,7704.835543529614,0.125565287767993,139,0.720064044923474,0.1230285439872926,0.14955259285506822,0.8939370319994632,20.353254146853097,160,501,3.211483958925372,1608.9534634216113,1.4081261753869498,44,653.5209928240073,0.5542508049032223,0.8527625328925582,7.378934993776476,0.6742510234110126,0.9874046782623597
01C-222 +Col 60x veh-Zstack Cell5,01Asc-0222,TAV-NA,66.0,Male,Collagen,NRRD,0.37,0.114453143536323,0.114453143536323,2982.962775923905,5357.068577470545,10200.665229326074,0.2924282592225586,0.1741354723707665,0.8291156674866084,54.90591937659954,32.520301961072825,0.7084075531791538,881.2057663023804,4620.0972559610345,0.09620948580857197,309,0.6765936433684236,0.13809923238678998,0.1457729839455183,0.9864867466573648,2.8445989465049277,118,646,2.3749779709457464,1534.2357692309522,1.4954726119971442,31,363.0319018201022,0.39035022175370515,0.7850966030393545,12.28732707058239,0.6882896767387413,0.8134516388279502
01C-222 -Col 60x veh-Zstack Cell1,01Asc-0222,TAV-NA,66.0,Male,NoCollagen,NRRD,0.37,0.207160189800746,0.207160189800746,4213.931035995469,4193.892671413589,15185.546636581379,0.27749617032845403,0.1464004369124851,0.8812634894055988,58.52135007671569,28.39579889357711,0.9376222599122579,959.6755027770962,4068.889539775545,0.11563549498430463,199,0.6874355181311431,0.13771973419994313,0.21758429732158222,0.9013622856091864,4.811797788993781,79,317,3.010242752833279,954.2469526481494,1.3615169388197415,17,,,,,,
01C-222 -Col 60x veh-Zstack Cell2,01Asc-0222,TAV-NA,66.0,Male,NoCollagen,NRRD,0.37,0.163118259685626,0.163118259685626,13484.166126580982,7672.356153192627,40918.84982113569,0.3295343389543673,0.17137599884687804,0.8567281196407733,80.43706201745553,43.140811539451065,1.3780826127912744,9599.368802390436,19715.1283038244,0.11079316483842366,156,0.6390107437381343,0.1276596120965727,0.12590149242187873,0.8224485475337001,61.52677936943484,378,1049,3.486666087761731,3657.5127260620557,1.4642067494711957,107,997.130533346442,0.5072295489460992,0.32622993988770477,9.638400327144787,0.3594225713397584,0.721486525954367
01C-222 -Col 60x veh-Zstack Cell3,01Asc-0222,TAV-NA,66.0,Male,NoCollagen,NRRD,0.37,0.138106793200497,0.138106793200497,9553.988456725998,11552.433528601974,34171.45827611261,0.27958972015556816,0.17374165811088296,0.743486757761763,56.37451763123359,44.26086043140182,1.2093653613863589,3323.618888854954,11896.683393808304,0.09053135757660506,221,0.6444836566069653,0.12291736459656594,0.11517286411187631,0.8237229866549274,15.036093595340661,223,766,3.1496172127256283,2412.6067849478313,1.616915851215176,38,866.8346405029228,0.6370066003365888,0.7859416859465185,5.234176444605859,0.6050626365775671,0.9825613950883929
01C-222 -Col 60x veh-Zstack Cell4,01Asc-0222,TAV-NA,66.0,Male,NoCollagen,NRRD,0.37,0.113202289508604,0.113202289508604,6898.507479857511,8494.508774905844,19466.134411111856,0.3543850737987114,0.18262616722950753,0.8588508445119212,52.46822646593521,27.89566434438427,1.198418563924518,4474.815070324726,10907.062649716929,0.12039996983948154,177,0.6492184552703234,0.09643109454631826,0.13723965011577002,0.8407560726042498,25.276967493820788,254,838,2.793762435822769,2341.1729212194805,1.6421459260447364,58,,,,,,
01C-222 -Col 60x veh-Zstack Cell5,01Asc-0222,TAV-NA,66.0,Male,NoCollagen,NRRD,0.37,0.152323668971136,0.152323668971136,6865.2443716681855,5684.464346874488,27972.61183391768,0.2454273634664268,0.10642047269243049,0.9556649990150541,77.50000994918119,22.874230275871987,1.170794087438653,3404.5924055534615,10893.96196575938,0.10046351146818015,156,0.6912760517930591,0.11121967144595923,0.1119811581087639,0.8345180617332804,21.821393618756,288,758,3.1871933754531563,2415.8925785934925,1.4623740378914316,98,737.7026093459772,0.3604974116985053,0.8006654753993804,10.86801378535228,0.7185431960636605,0.7527946175141045
01Asc-231 +coll Cell 1,01Asc-0231,TAV-NA,60.0,Male,Collagen,Estimated,0.37,0.207,0.207,24573.711250439996,3205.5718041791633,33297.015579074985,0.738015429403318,0.2372947575823917,0.9480519939000303,111.82546940638572,35.73053093386468,1.3425301355108323,5129.1439917299995,10823.45971456197,0.13288662769271528,164,0.7372832295949304,0.137760312513693,0.1623580962686593,0.9515402931832508,31.272754782621956,172,438,4.194747161444534,1837.2992567127058,1.3124388490699828,57,1081.2833742599998,0.4924547748542326,0.7850997547716245,10.322721433208214,0.5885547779001351,0.971759945286675
01Asc-231 +coll Cell 2,01Asc-0231,TAV-NA,60.0,Male,Collagen,Estimated,0.37,0.207,0.207,10602.021375989998,7464.5232280265245,55774.72364580001,0.19008648869904995,0.11102527576886552,0.8462226475012512,101.83999097336832,56.82528330868008,0.7966984637865915,3217.9286202299995,11591.444061435861,0.0909349540536121,192,0.6787182508111335,0.16535123381568753,0.10409859419706921,0.9735667261173008,16.7523655528125,336,937,3.6068441920033085,3379.6130079071,1.2788331380854774,105,791.6918356799998,0.4638085675486852,0.7790103034357472,10.959567737680938,0.6321814969487193,0.9563901710302032
01Asc-231 +coll Cell 3,01Asc-0231,TAV-NA,60.0,Male,Collagen,Estimated,0.37,0.207,0.207,18247.42190241,5091.478057949056,64553.382669329985,0.282671815912128,0.1620171223726837,0.8136186323219208,119.82834031854294,74.74554491068797,1.0549465049289335,14079.513812579999,22501.834075497925,0.12531161062930754,57,0.7273682314670603,0.14995440845641486,0.1369043804490331,0.8813250504253209,246.99677597999997,353,858,4.312802830769569,3700.38482880029,1.2582443471400349,105,2632.1660791199997,0.348456053865458,0.7421585528304113,15.276710763433204,0.5767900702646661,0.9403253106551623
01Asc-231 +coll Cell 4,01Asc-0231,TAV-NA,60.0,Male,Collagen,Estimated,0.37,0.207,0.207,8039.185407359999,4851.306715546993,50756.58498761999,0.1583870429683327,0.05519751809720786,0.9573786967313097,106.2899746016889,30.783748080436713,1.1774648484154266,4842.659862629999,9912.177344035445,0.13964895976884656,56,0.6917010453713828,0.14836045009960258,0.15212971293447383,0.8573486652027666,86.47380409982142,132,319,5.343194714698339,1704.4791139887702,1.3476029168871728,43,891.0021059999999,0.6277458540522864,0.7815573593104762,5.809175611359274,0.5248952623652242,0.9619169875909286
01Asc-231 +coll Cell 5,01Asc-0231,TAV-NA,60.0,Male,Collagen,Estimated,0.37,0.207,0.207,13349.875041719997,2939.8194694210288,77694.86309926499,0.17182442325258812,0.10498443020122043,0.8970607437756247,114.87110844262432,51.77666827182522,1.3991096048684823,4211.12644821,9734.706257632864,0.12954683130062608,122,0.7300233847086378,0.14091226850906488,0.1493770279899441,0.9150021505244228,34.51145211663935,161,406,4.316887517781627,1752.6563322193406,1.3090521412123886,50,816.5511115199998,0.5740261711427964,0.8385585797824577,6.547276392598171,0.7331676736778054,0.9702541303242093
01Asc-231 -coll Cell 1,01Asc-0231,TAV-NA,60.0,Male,NoCollagen,Estimated,0.37,0.207,0.207,15408.819196559998,6381.541388456091,56990.46589659,0.27037538567450065,0.13708955099671152,0.9477118889909386,125.51401986557082,40.25454269007659,0.9254972432764033,5956.507619909999,15206.837707892535,0.10449760765230728,160,0.7050232975535733,0.14283100662306236,0.12453709679645723,0.9258794187101644,37.21400299574999,277,815,3.4850688684325988,2840.331127772568,1.2398058283109787,76,2091.06462222,0.4180205821816906,0.8237410156221975,13.79412575556905,0.6256313207365913,0.9820702595642657
01Asc-231 -coll Cell 2,01Asc-0231,TAV-NA,60.0,Male,NoCollagen,Estimated,0.37,0.207,0.207,13126.141559159998,2670.4968839998446,51267.67193407501,0.25603155095551977,0.11046693458432733,0.9812150494245461,130.38498752079596,25.137419373461988,1.2737869149494743,4398.490556549999,9179.221586401349,0.14143190135364808,87,0.7206379778540102,0.13877671169535727,0.16980261832716867,0.8958414809484951,50.55444701689654,121,326,4.48019673381085,1460.544135222337,1.3130321892979353,39,821.6085789899998,0.5316430940398913,0.810788106372511,7.221379843573394,0.6534950034187139,0.931131159915172
01Asc-231 -coll Cell 3,01Asc-0231,TAV-NA,60.0,Male,NoCollagen,Estimated,0.37,0.207,0.207,31587.086884409997,9662.979864038145,139177.58087722497,0.22695528033551926,0.19075036094377698,0.7108211732731224,123.24060426211679,114.49104589352379,1.2383814792348862,11163.067328429997,27165.46083589053,0.08891794363735576,305,0.6939543775606842,0.1377517050855294,0.13956751193294692,0.901560958623956,36.5976217112459,435,1190,4.030753313682741,4796.596443282462,1.3363876695091652,129,1611.2869401599999,0.49814253320414953,0.7779905442554105,6.5974778018757245,0.5727746679529512,0.9503423608814414
01Asc-231 -coll Cell 4,01Asc-0231,TAV-NA,60.0,Male,NoCollagen,Estimated,0.37,0.207,0.207,12563.224819379999,9508.90980729007,76925.40668091,0.1633169762948776,0.10945340288912143,0.8278563446889231,131.3926037545913,78.17864053857834,0.9125780054974805,4557.99895848,12115.602295277095,0.10972912853823384,365,0.6979571679127665,0.1578930649247013,0.18124198387730228,0.9660981594139252,12.476635642356161,238,743,3.68184719466148,2735.6124656334796,1.2930824065565047,67,1307.0937478499998,0.43691129035425014,0.83812208200286,8.469938495611098,0.7277627011956188,0.9684918777533039
01Asc-231 -coll Cell 5,01Asc-0231,TAV-NA,60.0,Male,NoCollagen,Estimated,0.37,0.207,0.207,19038.241760939996,4172.330878821857,67737.00295223994,0.28106117677458353,0.14628837877453005,0.9498947084073891,129.53307294291648,40.662544930499884,1.2684229739609778,6005.576152259999,13926.945123381534,0.11472675564451629,198,0.6929711071253906,0.14793371668159624,0.14896875506616308,0.9490986450298527,30.325427549999997,200,573,4.171232502062866,2390.116223682022,1.3502027285647142,50,843.9946105499998,0.5313633253255349,0.6904204094479235,7.736957841906836,0.5685505457714014,0.9343243765027993
01Asc-0232 +col Cell 1,01Asc-0232,TAV-NA,49.0,Male,Collagen,Estimated,0.37,0.207,0.207,17512.884205379996,9912.91175765713,128560.37388704991,0.13622303417355025,0.08813171543716003,0.7153349203398409,84.01006739885436,75.24723518358432,1.1057596104427505,2489.6850128099995,6078.884867077129,0.14613575123428396,135,0.76877649725443,0.12956854173762578,0.21981385342244592,0.9371305310942345,18.425435009999998,67,213,4.149516382503095,883.8469894731593,1.330500870859228,12,2289.3522261299995,0.5645623208945926,0.66861751900583,7.310855754222997,0.549858786337252,0.9200387382049174
01Asc-0232 +col Cell 2,01Asc-0232,TAV-NA,49.0,Male,Collagen,Estimated,0.37,0.207,0.207,25223.619601529997,7313.320125781949,155020.528430865,0.16271147993653665,0.12693516607243385,0.7820233305875042,112.2489658931108,77.47889738704141,1.230943406481057,17126.550765539996,27227.69816501269,0.11801026920368837,361,0.7166142648112878,0.13810752768710363,0.1350344218676267,0.9556664045930452,47.38935600498615,372,1183,3.5204954032563935,4164.746062052313,1.2703217699148888,71,4081.5347895899995,0.48865505409586113,0.7436797748315206,10.068531768640517,0.5696258645990492,0.9336609425716721
01Asc-0232 +col Cell 3,01Asc-0232,TAV-NA,49.0,Male,Collagen,Estimated,0.37,0.207,0.207,39240.74741255999,10059.461988042713,119874.40603456504,0.3273488370924246,0.26329981545379766,0.728454813494912,121.37435701183823,101.3810851458891,1.07369660737495,21181.482324989996,47279.16493588264,0.07830423066943731,286,0.7132644824727438,0.14357237848393786,0.10978860280103273,0.9646508247047672,74.04288921755244,1116,2750,3.308155151889018,9097.4266676948,1.2465286664155524,359,6218.100764909999,0.3280223091119827,0.8397684107095974,9.542001236775345,0.6855250920450754,0.9723968480320284
01Asc-0232 +col Cell 4,01Asc-0232,TAV-NA,49.0,Male,Collagen,Estimated,0.37,0.207,0.207,36300.50387928,11455.020023690808,111354.65552335505,0.3259899975324021,0.24357120092047574,0.7292181185041471,125.41864259445394,104.40749483651602,1.0103071981755647,22896.946753379998,45403.36397669423,0.08588443757348799,363,0.6998187872258508,0.15317221924019458,0.149677948351478,0.979051687853759,63.05449552735536,726,1974,3.647109749656369,7199.394645821672,1.289103864699261,162,4292.711801189999,0.28398790285809344,0.49562139629640617,14.449702556398314,0.3737729835697321,0.8142293886549278
01Asc-232 +col Cell 5,01Asc-0232,TAV-NA,49.0,Male,Collagen,Estimated,0.37,0.207,0.207,26853.836372909995,5774.612444268371,123812.67497840995,0.2168908504528529,0.13513905749952446,0.7340202716891909,113.51219781551139,92.56849498850067,1.1233049204881114,12259.348709669997,20337.391642204333,0.126425245244919,276,0.7168590344322697,0.1387133422747952,0.15547937860795066,0.977488938708807,44.380822252499996,251,804,3.8064110812400367,3060.3545093169896,1.2408834868372434,55,3057.3104291999994,0.4644891934054998,0.7492672058373823,11.115678491984289,0.5342392805168872,0.907149375758545
01Asc-0232 -col Cell 1,01Asc-0232,TAV-NA,49.0,Male,NoCollagen,Estimated,0.37,0.207,0.207,27482.452627409995,6741.666544540289,142800.77541087,0.19245310502227167,0.13830250152228277,0.7326786735001699,101.77989212748926,83.45124866833697,1.2365403363556984,17259.788874059996,32037.9838880878,0.10081131161075242,335,0.714766339275146,0.133222664785722,0.12020278564094944,1.0,51.49658052805969,479,1470,3.460273868878375,5086.602587251211,1.2797863030442551,109,5759.155409669999,0.4332247703122646,0.7466170743473775,10.068708620382846,0.5995124942111871,0.954449830787524
01Asc-0232 -col Cell 2,01Asc-0232,TAV-NA,49.0,Male,NoCollagen,Estimated,0.37,0.207,0.207,13510.176150149999,4047.6289146166387,76463.26407611994,0.1766884570439013,0.11359958258413905,0.8300425266569837,101.31380624915784,59.81999695533351,1.2601271467431443,8979.208483319999,15979.860349528672,0.13073840483230914,143,0.691083676197644,0.13345301508085017,0.181755386294725,0.9327626226967195,62.77304188447552,186,638,3.628479592333578,2314.969979908823,1.3193426550907281,34,869.9319672299998,0.5454184870775824,0.4689276020162012,9.500998505770589,0.28974519235949037,0.8696672693247058
01Asc-232 -col Cell 3,01Asc-0232,TAV-NA,49.0,Male,NoCollagen,Estimated,0.37,0.207,0.207,43151.469805529996,8167.4031507205045,153597.20805598496,0.28093915476511544,0.2171551534856765,0.7226963278711345,142.87063239993518,122.67962208856761,1.0351784378926445,24696.929548799995,52785.52736048653,0.07769586419289924,502,0.7085191915483328,0.14400354299583432,0.1010102954892602,0.9414663858353696,49.16618368458166,1007,3033,3.2770154970510483,9939.18800255583,1.2654040319992133,220,2380.0854121199995,0.45866410350891235,0.714110832857101,6.408389486212004,0.5568100625058783,0.9377987507826698
01Asc-232 -col Cell 4,01Asc-0232,TAV-NA,49.0,Male,NoCollagen,Estimated,0.37,0.207,0.207,38165.71056551999,18688.626689108816,110171.79209583004,0.34641998500235477,0.2880972805710762,0.711294548181695,129.54398352527906,119.8448664529013,0.9353692763295902,20100.658720499996,50224.03894663661,0.07118350187483768,457,0.7041751738651847,0.15415450370747508,0.13816234630844992,0.9271448011314855,43.96763080831509,967,2861,3.4414024982103735,9845.852547379878,1.2940916979646069,227,9317.075847749999,0.24960184620763917,0.7927706744842998,9.479469202894999,0.7128172786465299,0.9519300390239316
01Asc-232 -col Cell 5,01Asc-0232,TAV-NA,49.0,Male,NoCollagen,Estimated,0.37,0.207,0.207,37171.29196952999,11044.572596606722,110362.17113122504,0.3368118947690132,0.22447265826953783,0.7749705840561006,122.65893313041947,86.61264993288714,1.046280668740721,22305.381600689998,48166.73817699173,0.07955668144141927,418,0.7108254677436988,0.13058877547353867,0.11638849947997454,0.9438181202715596,53.34660623777511,931,2526,3.3861176588301327,8553.333206204916,1.2880947330643466,262,5591.6406720899995,0.38931984179924,0.7483341492466589,10.15007159935846,0.5769841887892426,0.9619299235623043
01C-0083 +coll 60x vehicleZstack cell1,01C-0083,TAV-NA,,,Collagen,NRRD,0.37,0.207160189800746,0.207160189800746,32219.789457321054,5876.8470859578065,77067.59197711927,0.4180718331888045,0.2405143067112344,0.7347011224274894,89.51332172820217,72.72680837222272,1.7603595322002354,13992.099952697705,24183.376573138587,0.11611521174811712,90,0.6741542167768072,0.1394687131119282,0.1254078451367604,0.8626198022479477,155.46371936798045,449,1019,4.149414577139891,4228.253454105548,1.3049333633628122,154,2036.0751628875662,0.52264349790652,0.7592196083259167,8.293401285131774,0.590511637416297,0.9533818598184346
01C-0083 +coll 60x vehicleZstack cell2,01C-0083,TAV-NA,,,Collagen,NRRD,0.37,0.207160189800746,0.207160189800746,28808.90665054311,3919.975337761601,57317.63219833361,0.5026185755695028,0.23976218227758433,0.9309649658223615,113.35680278339248,41.724851516120886,1.732486748263399,12230.471849441485,16654.38793466385,0.15414079319501856,103,0.7074404206030621,0.12548352566650922,0.16865686644074138,0.9241752374246571,118.73735779697415,270,680,3.9632368756916363,2695.0010754703126,1.2878411746598013,77,1985.4856967925955,0.48818503454084927,0.577231050636752,9.116273081754104,0.46551397626415353,0.93476777509894
01C-0083 +coll 60x vehicleZstack cell3,01C-0083,TAV-NA,,,Collagen,NRRD,0.37,0.207160189800746,0.207160189800746,29271.055555343526,3409.8886580142835,73856.26180171946,0.39632462896547604,0.11721334720328809,0.9743211084968654,123.68539117502633,27.799430654804056,2.1283272612104707,10292.54279136654,17416.08513600132,0.1313858836497856,68,0.6956831081475142,0.1575866550541799,0.150283865854044,0.9066968454782641,151.32893253775154,285,946,3.5800783646170586,3386.7541329277374,1.3021890320841027,61,2255.4708480834884,0.5724964993416727,0.5359399192624099,4.510740097934909,0.5246030275304878,0.8823200523530271
01C-0083 +coll 60x vehicleZstack cell4,01C-0083,TAV-NA,,,Collagen,NRRD,0.37,0.207160189800746,0.207160189800746,37730.43680191027,3686.7072615823126,75363.05301189404,0.5006489956816841,0.29126883612102766,0.8571486370205471,105.57208402812054,56.539570556938415,1.6185762607535241,9228.163290023771,18087.53645568334,0.11762913014363313,256,0.7090873073054821,0.14934925311254438,0.14979262969636906,0.9491957011336367,36.0468305647372,330,862,4.11198970802663,3544.535128318955,1.3329575327876277,91,1737.4448776245056,0.5194546906308337,0.7414480681775659,7.696796020340219,0.7762215750832527,0.9655893670349843
01C-0083 +coll 60x vehicleZstack cell5,01C-0083,TAV-NA,,,Collagen,NRRD,0.37,0.207160189800746,0.207160189800746,19767.143154144218,5021.9916032705605,58022.38082885723,0.3406813521225433,0.15608994613463328,0.7879645682496893,99.36276300888542,67.27648163536217,1.5414797044542954,7913.122987747165,16904.06233260061,0.11360348371654179,102,0.6512015491093127,0.15001497846905562,0.1385826964899294,0.8482528127330072,77.57808040170083,286,734,4.083254233290154,2997.1086072349726,1.3607712087556572,80,920.1058387756316,0.5572433558075645,0.7733321195377261,6.288616799670397,0.8936264913210418,0.9594979467479136
01C-0083 -coll 60x vehicleZstack cell1,01C-0083,TAV-NA,,,NoCollagen,NRRD,0.37,0.205109098812619,0.205109098812619,22418.619078662185,6175.498981732614,52106.559749864835,0.4302456194821102,0.23514283773758402,0.7494164503636417,85.8750486018647,66.03626059856137,1.2392864611156844,7149.887767425566,18721.62954082476,0.0958679175439212,169,0.7106160493735667,0.15201266175072667,0.11492179370317927,0.9460946848134898,42.305370313260816,391,997,4.031881125493575,4019.785482117094,1.3445335105198928,115,1294.2810944862842,0.5112350015164634,0.7119129144450328,9.000897653396866,0.6045610937460605,0.9586163159411935
01C-0083 -coll 60x vehicleZstack cell2,01C-0083,TAV-NA,,,NoCollagen,NRRD,0.37,0.207160189800746,0.207160189800746,14640.759801864573,1421.965803614282,32467.854094505234,0.45093093492564185,0.21546793355829533,0.9844366274664224,111.75743403691894,19.547970415661176,1.964460920919898,7036.445331573462,8138.940243868056,0.21818177795445834,19,0.770690146368295,0.16123532943928073,0.22183053436507486,0.9152056123187134,370.3367208179662,137,568,3.3231733259279874,1887.562449127097,1.2445901492901905,38,2466.6572570800695,0.4379095195677488,0.31517956362275484,5.301706411811147,0.6212792350833622,0.8479324653026183
01C-0083 -coll 60x vehicleZstack cell3,01C-0083,TAV-NA,,,NoCollagen,NRRD,0.37,0.207160189800746,0.207160189800746,14154.47530746455,1882.0336653340362,29623.953866958527,0.477805068527734,0.20804137050293217,0.8317771647553981,67.78184560857501,39.756142556783935,1.4287338394229654,6976.9002914428465,12630.269481066793,0.13980193588691314,19,0.6691245539306728,0.18061750737362553,0.14259014095533498,0.8520013304914693,367.1977570182386,324,710,3.820238070535603,2712.369030080278,1.3058237569065676,117,1597.0932483673039,0.4916046344522367,0.7682449926164712,9.983323007226351,0.6084730723633365,0.968559212680315
01C-0083 -coll 60x vehicleZstack cell4,01C-0083,TAV-NA,,,NoCollagen,NRRD,0.37,0.207160189800746,0.207160189800746,20193.42212676995,5208.719586492105,37664.0004158019,0.5361465033942018,0.2925746751782735,0.7719164097445285,81.88163431794229,58.37344714719088,1.1675132891585647,8662.660074233978,19921.116447627686,0.10239324317664604,104,0.6725952977440564,0.15993115658628398,0.11489966919039928,0.8778752422088573,83.28809050413248,414,1020,3.9163996973724498,3994.727691319899,1.3496689525265517,136,1385.2875709533644,0.4410447808526636,0.6844122750104221,10.824050152716083,0.6923304567819004,0.9385085416756316
01C-0083 -coll 60x vehicleZstack cell5,01C-0083,TAV-NA,,,NoCollagen,NRRD,0.37,0.207160189800746,0.207160189800746,30602.64143943776,2772.083481798195,69556.44299983958,0.43996846474033097,0.20766033970770134,0.8692918722049264,109.05241298091443,55.67752367276549,1.5800263353451074,7630.133199691746,13935.887129526809,0.1344944151170589,140,0.7383506639340504,0.12231186704332066,0.15071156823658585,0.8949628531202207,54.49539388929076,296,703,3.707584063121181,2606.43159637419,1.3277777785016678,107,2583.6037158965974,0.4808373166933666,0.7085589626960587,9.0061395185562,0.6465726370460402,0.92840758661615
01C-0096 +coll 60x vehicleZstack cell1,01C-0096,TAV-NA,53.0,Male,Collagen,NRRD,0.37,0.186630801622293,0.186630801622293,17609.76378982113,5477.903039682754,48749.93874146006,0.3612263778055717,0.13334432156363107,0.7860553436700237,70.95389110725957,48.28447742160841,1.831615814016789,4249.727403795352,5112.331595496345,0.24818326377140495,49,0.7094495916275557,0.13671911925645625,0.3051523679207725,0.9063850453764528,86.69967356795877,77,191,4.20941184894409,803.9976631483212,1.2718382024832497,17,1784.7628206819911,0.6438982712727755,0.7858808827973156,4.469618882143488,0.7763389193089696,0.9599356752710233
01C-0096 +coll 60x vehicleZstack cell2,01C-0096,TAV-NA,53.0,Male,Collagen,NRRD,0.37,0.186630801622293,0.186630801622293,16978.598929740107,6044.643754528304,53392.59285110553,0.3179954001688561,0.13161250311187195,0.7390691331032772,71.68965933515899,57.24323628155677,1.439783783297442,2010.9511710501793,2173.7132041556088,0.3544455796749049,30,0.7874755409242319,0.09742455269456873,0.44364950717582136,0.9293828409494831,67.02526195629152,15,42,4.745312961922532,199.30314440074636,1.3294634712444715,2,1935.4047002018904,0.6013381594758284,0.7776321118353292,5.33332947367577,0.7509882117668384,0.959935815475886
01C-0096 +coll 60x vehicleZstack cell3,01C-0096,TAV-NA,53.0,Male,Collagen,NRRD,0.37,0.191814990556246,0.191814990556246,6873.014164559592,2538.346858424834,41037.2895100477,0.16748216674682623,0.06228361707377252,0.9014004000952726,89.91403724749185,39.607191073597576,1.8314564666373985,1625.0187232170474,2402.636960191471,0.27820710498378803,48,0.7853517981842021,0.15214964120137361,0.34979096781942526,0.9688676236841928,33.833853011268424,26,148,2.9854500220106175,441.84660325757136,1.3644478546523922,3,716.2421573827252,0.5743489149944523,0.3322668579035982,5.687158783912708,0.25624238103220515,0.8676000131921772
01C-0096 +coll 60x vehicleZstack cell4,01C-0096,TAV-NA,53.0,Male,Collagen,NRRD,0.37,0.119745774451298,0.119745774451298,3438.3286562774715,1967.0567174664545,6060.536057747714,0.5673307812238746,0.2905175814520612,0.9201335365584196,53.485477577121095,21.178838673562247,0.9024671448507924,821.4797579786828,2376.170530850923,0.1785135130121615,58,0.6673260900499269,0.1427670585734442,0.19719423960776697,0.8493387393074648,14.126123015782115,57,300,2.3357596621216277,700.7278986364884,1.4320454542638985,14,0.0,0.0,,0.0,,
01C-0096 +coll 60x vehicleZstack cell5,01C-0096,TAV-NA,53.0,Male,Collagen,NRRD,0.37,0.119745774451298,0.119745774451298,8881.252127201258,2723.2292829578496,16485.45003908377,0.538732767752506,0.2835801098009028,0.7170758343031249,46.83393470498826,41.36977216166392,1.2652020041756846,2476.7585257817086,4234.331674347513,0.20906838400380223,26,0.6099208063057917,0.15034856929890394,0.21960527658459114,0.8058469160413806,95.24076206174443,88,363,2.8032300743430856,1017.57251698654,1.4503160574595533,23,1275.291922114016,0.5095647174424424,0.6881533085355558,10.069856209679296,0.47475433901818176,0.9727802509105624
01C-0096 -coll 60x vehicleZstack cell1,01C-0096,TAV-NA,53.0,Male,NoCollagen,NRRD,0.37,0.18332760159358,0.18332760159358,15101.431717335856,3637.732476741951,28912.11933924951,0.5223218519589803,0.25928265808082523,0.805029691177212,72.43780205018004,46.441825573210295,1.131072678120236,4033.5869563195934,7981.086559364292,0.15353817922639545,67,0.7518874009454634,0.12517903441250047,0.16100902705391745,0.9124537401185298,60.19499510913237,155,446,3.718778186753763,1658.5750712921783,1.3364370739598832,39,1368.0110402315863,0.4771196310085634,0.6755799211243892,9.789172962679299,0.552145200023724,0.927110459383612
01C-0096 -coll 60x vehicleZstack cell2,01C-0096,TAV-NA,53.0,Male,NoCollagen,NRRD,0.37,0.144867265594927,0.144867265594927,9952.333178798319,3260.4598556122605,22481.513469922924,0.44268964329795363,0.22425655435954142,0.7386104035499701,51.69602264035206,41.33246131319596,1.2213283845070044,3067.6620071502693,5959.793690406859,0.17131336149318477,84,0.6890015540711042,0.12913830952731667,0.19531643566220858,0.864424184825977,36.50499529632768,121,447,3.1166573297962987,1393.1458264189455,1.3710211349544976,29,1830.609843132681,0.5383478611657618,0.616186448891567,7.9982771820931715,0.5483768984056904,0.9481658146952007
01C-0096 -coll 60x vehicleZstack cell3,01C-0096,TAV-NA,53.0,Male,NoCollagen,NRRD,0.37,0.144867265594927,0.144867265594927,10962.903176060938,2870.7638033985654,20250.614560713024,0.5413615050147365,0.22503777638927847,0.7796088587897892,53.09843892152516,36.88779681560158,1.3418948188148712,3439.248992712457,5310.698405646978,0.20747935940659065,81,0.7295128454023869,0.13599477920004524,0.2351444105715606,0.8989972393024183,42.45535848208582,121,363,3.3877242295396313,1229.7438953228861,1.3843680314646403,32,1849.8515481149832,0.4180707257492945,0.6260679271295073,7.782622567014186,0.5663570942427615,0.9258525270611214
01C-0096 -coll 60x vehicleZstack cell4,01C-0096,TAV-NA,53.0,Male,NoCollagen,NRRD,0.37,0.150116079565757,0.150116079565757,10228.297886190268,3608.6792978278386,35462.39891064207,0.2884265644849202,0.12151990797682144,0.7380195858735404,59.251492818368504,47.443241008586085,1.7032178550404802,2364.5505111924713,4078.842743491203,0.21043253802914272,74,0.7449670271090133,0.13809790843245628,0.2457623094729391,0.9189921362177457,31.938737642111022,78,285,2.9992728456117446,854.7927609993471,1.3686775383215517,15,,,,,,
01C-0096 -coll 60x vehicleZstack cell5,01C-0096,TAV-NA,53.0,Male,NoCollagen,NRRD,0.37,0.186630801622293,0.186630801622293,21097.221890011126,4233.729746717921,52518.34414026705,0.40171148263289186,0.2232227740188338,0.857425180141593,87.16000460064923,46.62864042433712,1.359657680778043,5961.598576726076,9536.41670635248,0.16672755865260716,107,0.7292802356569921,0.11786782309656285,0.18232081904943945,0.9322105627644612,55.702143951207276,177,479,3.6807176619386865,1763.063760068631,1.3327003744037118,43,2436.7280908532784,0.5049251876089494,0.7396782628274117,8.928059047077785,0.5977362372019313,0.9605569977799341
01C-0097 +coll 60x VehicleZstack cell1,01C-0097,TAV-NA,57.0,Female,Collagen,NRRD,0.37,0.158137549466218,0.158137549466218,10491.36348582315,1702.448655529387,23341.97340961307,0.44946343232069774,0.17704621000048723,0.9525173408854025,81.25419863556472,24.80342097765153,1.4198977964155977,5408.872834772368,8622.928338996353,0.1728093334139354,78,0.6966728867651601,0.13069802035949532,0.1809508319578867,0.9305481465713037,69.32198472574898,138,424,3.5775236219398887,1516.8700157025128,1.3026637243795678,25,1029.8794851485857,0.5594125919818457,0.7314628362081357,7.080080194128318,0.5410037907496166,0.9648216738831795
01C-0097 +coll 60x VehicleZstack cell2,01C-0097,TAV-NA,57.0,Female,Collagen,NRRD,0.37,0.158137549466218,0.158137549466218,6792.800283801512,1394.8270198124842,29792.783630039234,0.22800153111414942,0.06574409864287953,0.9798705831089746,91.73706237579765,18.234295642833466,1.8164538933355248,4039.148386594068,6359.244785788109,0.19287315619740789,20,0.6715442888621277,0.14710216307221496,0.19692296378598526,0.8832786912665599,201.9287357449232,90,310,3.2710054152558827,1014.0116787293236,1.3183134191889052,18,708.4845440710409,0.582519391095827,0.7245926855458676,3.571660686486312,0.5046176476720371,0.9287917087967643
01C-0097 +coll 60x VehicleZstack cell3,01C-0097,TAV-NA,57.0,Female,Collagen,NRRD,0.37,0.190055220000684,0.190055220000684,12202.017135305372,1431.5345168328322,23789.059061281903,0.5129255891909098,0.10203568682497674,0.9836869313855096,101.57085073752003,18.193645498736316,1.7557549754782156,7125.023548956789,10717.263772645647,0.16707997727688056,34,0.6236505308805158,0.16052038716099407,0.1767967116881329,0.9360971666952511,209.5465444620529,176,450,3.778948123642383,1700.5266556390725,1.2903811155567766,51,1464.8718039662867,0.5691434369154658,0.7250714434242478,6.973951512594962,0.5791462137395463,0.9649254257607278
01C-0097 +coll 60x VehicleZstack cell4,01C-0097,TAV-NA,57.0,Female,Collagen,NRRD,0.37,0.14797156414339,0.14797156414339,6865.786168040038,1811.1404865810307,15628.735374431159,0.4393052926900641,0.1407153146798807,0.9495172783422183,67.32476490581848,21.16568977296285,1.4957172359926727,4855.877769236646,8112.79380571207,0.17093284348417037,27,0.6744779681471663,0.14449755725791946,0.1737517823927046,0.8870748381666858,179.81221886719106,171,559,2.8965871530687544,1619.1922185654337,1.3376844292992496,42,803.6555076131989,0.5860150840983397,0.7580264323957334,6.273705447726876,0.5390386295918962,0.9675442467029466
01C-0097 +coll 60x VehicleZstack cell5,01C-0097,TAV-NA,57.0,Female,Collagen,NRRD,0.37,0.18332760159358,0.18332760159358,12525.402637905496,1719.4937306428938,26478.55980337059,0.47303942249574593,0.1615165422311165,0.9459381010294,88.78964697882058,28.917339656881524,1.4980416900969848,6935.135761230749,11210.493964640042,0.1568782321800222,63,0.6925210985852657,0.13489526921018202,0.16844473223881876,0.917250423455955,110.07500627340762,168,458,4.133967730765599,1893.3572206906447,1.332045467435632,46,962.818132905834,0.5445026129047287,0.6940338026735252,8.197231668590472,0.5435877324429119,0.9653994339222702
01C-0097 -coll 60x VehicleZstack cell1,01C-0097,TAV-NA,57.0,Female,NoCollagen,NRRD,0.37,0.15459715656772,0.15459715656772,1952.5396555668501,1759.0141413695037,10279.806147813377,0.18993934588758524,0.051401925727269336,0.9747890126739843,62.86470666962081,14.008674914741523,0.9743737035612761,362.37271173569684,1178.32191956702,0.20860457318661924,27,0.6108860078776883,0.17753229992536657,0.2607578720946894,0.8570883089856769,13.35406946057737,37,150,2.2120301735935546,331.8045260390332,1.291363565109323,5,0.0,0.0,,0.0,,
01C-0097 -coll 60x VehicleZstack cell2,01C-0097,TAV-NA,57.0,Female,NoCollagen,NRRD,0.37,0.191814990556246,0.191814990556246,11620.96195750759,1497.636777418471,28483.818281334454,0.4079846965293571,0.11921594422704686,0.9239471900486979,70.97685098380886,27.39085697604489,1.6732285477896622,5577.644080291525,10687.462835752893,0.14231260620821168,43,0.6453901558119459,0.15047093153805366,0.16126286294688624,0.89360581292916,129.68574280783926,193,513,3.6194162350419212,1856.7605285765055,1.297771301834079,53,778.1831570613483,0.5670774946922874,0.45390185972436736,7.509519541684213,0.2722352078256834,0.914514450404291
01C-0097 -coll 60x VehicleZstack cell3,01C-0097,TAV-NA,57.0,Female,NoCollagen,NRRD,0.37,0.15459715656772,0.15459715656772,6861.594239011965,1065.6103961391602,17033.008988436046,0.4028409920801662,0.15749853853398724,0.8865378550666032,56.948662102745516,26.959732450853362,1.3521792832629422,2024.6109523760144,4921.840509264861,0.1572477026866704,49,0.6761253020722526,0.1539687039610761,0.17619128182497276,0.8537470560597836,41.29982182796135,90,321,3.258301086649449,1045.9146488144731,1.2671593926380238,21,1076.0730984322872,0.6158905636235875,0.8087395326197481,5.658773651231707,0.6405402552899371,0.9833032965079161
01C-0097 -coll 60x VehicleZstack cell4,01C-0097,TAV-NA,57.0,Female,NoCollagen,NRRD,0.37,0.193607654019388,0.193607654019388,12444.866579248728,1304.9130976221254,32360.3325654805,0.3845716527809714,0.16357352233451464,0.9698988599155406,85.65314448493683,20.812153475654757,1.79045907086169,6052.92573892675,9212.806691446734,0.17434214956569755,73,0.7121777182836789,0.13517792695083947,0.19287904965897856,0.9497876129820747,82.89380251593053,164,438,3.5115831790328373,1538.0734324163827,1.3376925148523489,44,1237.6603106451014,0.6409869369921479,0.673124940221706,5.175486468764893,0.526355006082127,0.9467324421812009
01C-0097 -coll 60x VehicleZstack cell5,01C-0097,TAV-NA,57.0,Female,NoCollagen,NRRD,0.37,0.152323668971136,0.152323668971136,8192.181896585796,1792.9312665730474,24640.64074016328,0.33246626915966765,0.1289250972762646,0.9406534097044638,67.36793008564477,22.947701223508812,1.676693433999882,3369.188174656885,6358.711949839966,0.17092220405496367,89,0.6823141887703504,0.14373148080871573,0.18434347753841338,0.9194616818496609,37.8134116605148,170,531,2.9855801566194384,1585.343063164922,1.2973574507291776,36,1638.6389835482842,0.6037686402212038,0.7357942374621725,5.26400269560729,0.6501278360857411,0.9546608450958105
01C-0113 +coll veh60x Zstack cell1,01C-0113,TAV-NA,64.0,Female,Collagen,NRRD,0.37,0.207160189800746,0.207160189800746,15586.620855331366,13435.08970118247,81331.54349327073,0.19164299834812534,0.06623716731513307,0.9695441073798472,126.83531240130814,31.05179312075932,1.9978874765372063,1779.3804645538269,5318.4931267784705,0.1335184865704324,100,0.6451465634611026,0.13118528182888728,0.2550904818748248,0.8976884146841851,17.79078769683832,37,175,3.4544733021718588,604.5328278800753,1.3795117513880524,3,0.0,0.0,,0.0,,
01C-0113 +coll veh60x Zstack cell2,01C-0113,TAV-NA,64.0,Female,Collagen,NRRD,0.37,0.207160189800746,0.207160189800746,8452.998018264741,5010.330777997634,50028.31099033342,0.16896428943799538,0.08737230997492156,0.9598350524043541,92.53455221286956,25.994754691174887,1.5201364037619869,3597.441387176501,8493.735553146424,0.1336742861615493,121,0.6670300139948685,0.12686329481000186,0.18913467900049016,0.8390899589618929,29.72816475166752,84,271,4.235438729472925,1147.8038956871626,1.3743053182714335,25,,,,,,
01C-0113 +coll veh60x Zstack cell3,01C-0113,TAV-NA,64.0,Female,Collagen,NRRD,0.37,0.207160189800746,0.207160189800746,5027.268648147566,1784.4820191051203,18047.93493747706,0.27855090710174807,0.1332315806882064,0.8938639531617294,53.58205357204792,24.490044127320708,1.4442279108287186,1784.334611892694,4426.1327819343605,0.1607350362994683,34,0.6649847670302974,0.1420351124561626,0.18361031573222295,0.8867839645555317,52.48042976154983,75,194,3.8921152496678943,755.0703584355715,1.3600675272194402,25,252.10576057433994,0.6801135275876565,0.6888399888532637,3.641963066448779,0.5005710571836286,0.8800443458980045
01C-0113 +coll veh60x Zstack cell4,01C-0113,TAV-NA,64.0,Female,Collagen,NRRD,0.37,0.207160189800746,0.207160189800746,6839.10512924192,2223.6972470296405,14524.964547157258,0.47085176056973094,0.23129218822998715,0.9731052925620899,62.65467711042044,14.354863444632658,1.6393914891463466,1902.8054237365657,3712.204919670298,0.20003919720097388,28,0.6868625438685872,0.1283342380136936,0.22172623688889911,0.8097536256771455,67.9573365620202,56,144,3.7916376679439097,545.995824183923,1.3451954790950877,13,677.2097110748267,0.6915648466873034,0.7022404417111975,3.771022744545755,0.6891939358316642,0.9376910054306004
01C-0113 +coll veh60x Zstack cell5,01C-0113,TAV-NA,64.0,Female,Collagen,NRRD,0.37,0.207160189800746,0.207160189800746,15190.05088806147,5788.691925144494,118075.0569820401,0.1286474152654609,0.07662402905560319,0.8974397017865764,98.05423174115151,44.09583268008661,1.6082211317164175,4194.5431709289405,10435.319831947116,0.12053175290324049,186,0.6684814619291674,0.11067261758669272,0.18630728475546504,0.8620706917557825,22.549173139756647,111,368,3.4941744895384166,1285.8562121501373,1.388549714667162,29,0.0,0.0,,0.0,,
01C-0113 no coll veh60x Zstack cell1,01C-0113,TAV-NA,64.0,Female,Unknown,NRRD,0.38,0.15935399215442,0.15935399215442,6324.736465363792,2946.3703678921993,15093.714414968954,0.4190311471039451,0.1101393242959848,0.9756618684193527,85.31188714012617,18.673691127590985,1.4010762501309182,1911.8277984257925,4094.1077191833547,0.18195222641233466,47,0.6807245067981693,0.12057934532317033,0.22357371785735553,0.8450965015270765,40.67718720054878,53,147,4.557954588870272,670.01932456393,1.4350394371450443,14,276.0944705037667,0.45496416866404205,0.7984579177728821,6.774529356696151,0.6722622274038933,0.7513063571672399
01C-0113 no coll veh60x Zstack cell2,01C-0113,TAV-NA,64.0,Female,Unknown,NRRD,0.37,0.207160189800746,0.207160189800746,9506.05602264401,1881.2056536903292,39261.953759193304,0.24211877179999325,0.11473324962168777,0.946539588913638,93.02895026673876,30.105264514708647,1.938184592686513,2995.4489707946673,6485.123990565702,0.15495554587583646,79,0.7240301294974699,0.13097460170823025,0.21932240296893238,0.8912436371959737,37.91446263277065,75,207,4.117623863829945,852.3481398127986,1.343589014762822,20,320.1458930969227,0.563259634936663,0.7145454016547773,5.050425747989824,0.5250583230636334,0.7650741851022654
01C-0113 no coll veh60x Zstack cell3,01C-0113,TAV-NA,64.0,Female,Unknown,NRRD,0.37,0.207160189800746,0.207160189800746,4074.516248702989,1035.8295892121878,8583.462524414042,0.4746937773787437,0.18158613564311596,0.9673337406473608,59.25340886424368,15.008915482307307,1.1031935961772177,1611.4158153533879,3579.7970571371397,0.18567957453109285,54,0.7369049153805682,0.1312214416471534,0.2233051981314537,0.9815302653799751,29.835740725199283,41,132,4.099658613870503,541.1549370309064,1.347266322903345,9,553.5942077636699,0.6274673028223945,0.8951004556932014,4.779946555474975,0.9159080398595593,0.975516942275945
01C-0113 no coll veh60x Zstack cell4,01C-0113,TAV-NA,64.0,Female,Unknown,NRRD,0.37,0.207160189800746,0.207160189800746,4298.739051818832,556.9408320017137,7645.223236083962,0.5622777673161489,0.2113518763135131,0.9477212119155574,45.376842447833006,14.419666128924225,1.8759034443399667,1352.450466156001,2314.9744116775264,0.25547721595411277,16,0.6851903477547583,0.13422312073708845,0.2924077623090566,0.8482075210107693,84.52815413475008,25,71,4.02268414326946,285.6105741721317,1.3409218455028131,5,434.3612194061264,0.7534904564633219,0.838276944878445,2.8590345617550974,0.5956332459745085,0.9567696128152215
01C-0113 no coll veh60x Zstack cell5,01C-0113,TAV-NA,64.0,Female,Unknown,NRRD,0.37,0.207160189800746,0.207160189800746,13559.501266479445,2671.0470377719553,53043.8755989073,0.25562802705085086,0.1089524883688143,0.966773123246611,110.49092692527296,28.226685930267294,2.04566078411006,2828.7704944610496,6088.014889586327,0.15888158396342497,90,0.6766489583081102,0.12279913777234011,0.2487158016449617,0.8946545690092084,31.430783271789444,80,268,3.417264770770652,915.8269585665347,1.442538182953135,21,662.7759933471657,0.7383463666223443,0.795468937898635,3.0148059808823984,0.6600604027527259,0.9492620135998726
01C-0117 +coll 60x VehicleZstack cell1,01C-0117,TAV-NA,46.0,Female,Collagen,NRRD,0.37,0.14797156414339,0.14797156414339,9833.997050110142,1414.0603339634627,18402.620140387022,0.5343802662387251,0.17527528698288936,0.972694637048396,80.3670916657448,18.609344324499606,1.571025145636182,5348.270693603809,8867.48354629354,0.16678589507968689,43,0.6354543337552309,0.1477895119699594,0.17945131460090114,0.8181916701255856,124.36519995310503,171,492,3.4363193081245647,1690.6690995972858,1.3908165843231772,36,600.1897004185871,0.5669312466808374,0.789075802615687,4.619246276433553,0.6910801782969185,0.8630860126088121
01C-0117 +coll 60x VehicleZstack cell2,01C-0117,TAV-NA,46.0,Female,Collagen,NRRD,0.37,0.14797156414339,0.14797156414339,6625.483449624487,1926.517834737046,11944.04643409102,0.5547101215810626,0.19468267948962098,0.9700575285928497,71.63148656103628,17.36816734885682,1.3970417826195336,2847.484325876032,5283.893795014964,0.1838672043431917,25,0.6267012359946874,0.1388301713818591,0.20548236820932606,0.8198157683332464,113.89256788759776,70,209,3.906845081137462,816.5306219577296,1.401965184634207,10,468.52630011889244,0.6021027881990143,0.8083847738485122,5.199806994815045,0.707579376279518,0.9339782619228346
01C-0117 +coll 60x VehicleZstack cell3,01C-0117,TAV-NA,46.0,Female,Collagen,NRRD,0.37,0.14797156414339,0.14797156414339,4919.076525435139,1839.8173660146213,12596.132134904625,0.39052277895720766,0.20881169527897,0.9024046599166002,56.195337303936206,24.62797698970192,1.0873460982943617,1425.216611550774,3817.0899594604653,0.16044972591830878,89,0.6827047940108995,0.1406447902754554,0.1973436628984709,0.9268620092140114,16.011394128097418,82,269,3.1507981530454967,847.5647031692387,1.4743256857152063,19,265.1172024863098,0.5385004152659325,0.48161728130763537,6.321397441205583,0.4073401375571285,0.8129390663145831
01C-0117 +coll 60x VehicleZstack cell4,01C-0117,TAV-NA,46.0,Female,Collagen,NRRD,0.37,0.160589294419182,0.160589294419182,8406.12847847562,4135.602784208802,22149.415881822104,0.37951919469688955,0.13597482296432123,0.9563945333549679,83.48199123407849,24.431250680120165,1.3632833471254022,3814.842457252885,10321.276034960127,0.11439361987477172,100,0.6394154749215517,0.15500652423868863,0.15939842251316236,0.8504830283798102,38.145943678282286,166,490,3.6804664710258046,1803.4285708026443,1.444651209254332,38,606.2733024568191,0.35330911206300103,0.6803233580342088,6.10005216547812,0.6588570445293053,0.8905818818432689
01C-0117 +coll 60x VehicleZstack cell5,01C-0117,TAV-NA,46.0,Female,Collagen,NRRD,0.37,0.134519603766718,0.134519603766718,4847.395438169958,1242.9982927730148,15255.241545643154,0.3177527818007154,0.16098723211228266,0.874621454309562,57.665561707701826,28.775956751712176,1.2598488733520965,1059.7724941895065,3239.9083093568743,0.1551528772342343,50,0.6980550486761294,0.14137947126287995,0.1841895243771458,0.8650420260315522,21.195449883790133,46,153,4.084034267597197,624.8572429423712,1.438426499543418,12,383.8239743146972,0.5132393329697358,0.8034009142143301,6.589525197071591,0.693243768648003,0.8734003447171337
01C-0117 -coll 60x VehicleZstack cell1,01C-0117,TAV-NA,46.0,Female,NoCollagen,NRRD,0.37,0.164412849048211,0.164412849048211,7114.899672077862,2492.090592747789,23609.532565666774,0.30135707482936036,0.1259322281137056,0.9354341105697187,76.90974855522262,27.37100338594202,1.283279923868385,1411.0479225106722,4422.985123295832,0.1375508108863862,96,0.7149515187937103,0.14777025700951724,0.1893508006044127,0.8904994940614359,14.697582385617428,72,221,4.12359780720736,911.3151153928266,1.4205267358344442,18,581.1579914049739,0.5654255895338524,0.6860842820507241,5.997097543995877,0.6703180597670803,0.9122986087120379
01C-0117 -coll 60x VehicleZstack cell2,01C-0117,TAV-NA,46.0,Female,NoCollagen,NRRD,0.37,0.207160189800746,0.207160189800746,16704.193925857486,4368.093455356609,41667.994165420416,0.40088788194465147,0.1525749466997345,0.9496168918873892,109.08534440966427,34.319452231921936,1.5079556006266077,7761.846828460666,14321.35617507816,0.13237623475319182,124,0.7057464488267853,0.11900250107369448,0.1593926609122719,0.8959922444745354,62.58811181591382,229,617,3.6614800813377326,2259.133210185381,1.31341938716361,61,1205.8267593383746,0.5656571114056842,0.7928012910923149,7.570238808892771,0.5529030609385918,0.9789993425208523
01C-0117 -coll 60x VehicleZstack cell3,01C-0117,TAV-NA,46.0,Female,NoCollagen,NRRD,0.37,0.131114044177687,0.131114044177687,4083.2956409133094,1832.6032393583046,9551.205078849842,0.42751627749626553,0.18261685858631832,0.9109738807667725,45.48527923459469,18.986606152328537,1.3600036726326408,2452.8180420197937,5183.208161416116,0.16969238815868704,40,0.627595978389117,0.14381098769816827,0.19831725548480933,0.8159466069011063,61.31520353053461,83,261,3.4728734139087987,906.4199610301964,1.4858833680852122,19,415.83256353993136,0.5930801763131544,0.7573278183742012,4.57910419916493,0.8111933923773388,0.9162076939247424
01C-0117 -coll 60x VehicleZstack cell4,01C-0117,TAV-NA,46.0,Female,NoCollagen,NRRD,0.37,0.169803434262906,0.169803434262906,6187.061986689929,1914.0197671309168,14484.030077195233,0.42716439787233756,0.07837123230951683,0.986531468226296,96.76104855353405,15.771004638642848,1.3808721225070852,1560.2155386584488,3752.759336341444,0.17334971938471017,49,0.7029990455085162,0.1569607338663561,0.2275783396049906,0.8906208671085576,31.83242463684477,55,158,3.8060449995563004,601.3551099298954,1.3706621878986298,10,1658.9078554636653,0.08169003908282899,0.003983603576956529,17.04985557650672,0.8098650066231688,0.23833677858003588
01C-0117 -coll 60x VehicleZstack cell5,01C-0117,TAV-NA,46.0,Female,NoCollagen,NRRD,0.37,0.164412849048211,0.164412849048211,8013.261148448395,2563.1386626161066,18606.337289961462,0.43067375505289424,0.13158265559511764,0.9601587031282999,79.37519421076227,22.199905537745728,1.4310100957185967,1696.0759822473422,4027.356576143082,0.17077629117565069,62,0.7243253014024024,0.13202079755105323,0.19675790871109347,0.8837332847267299,27.35445105456602,53,169,4.164666448421883,703.8286297832983,1.392395623145092,12,937.428063546174,0.26520889107132345,0.6113540308903552,9.293570310902316,0.5203506204579418,0.8571311483807513
01C-202 +coll 60x veh 48h-Zstack cell1,01C-202,TAV-NA,78.0,Female,Collagen,NRRD,0.37,0.207160189800746,0.207160189800746,16044.00615692133,7832.620259458791,68056.79719448063,0.235744360861908,0.09000612504716715,0.9045430034096795,103.41765615753036,44.81677081246525,1.9341666078666357,3736.7291450500356,9916.116476874751,0.11743663122498971,234,0.6707532771921676,0.11229408901764763,0.2109205512472812,0.8536203505424081,15.962074353144665,110,370,3.4551934564061266,1278.4215788702668,1.3819078397370042,27,766.797208786008,0.7196856751832357,0.8728494633761519,3.3189774841946806,0.7673438699653301,0.9800292255236239
01C-202 +coll 60x veh 48h-Zstack cell2,01C-202,TAV-NA,78.0,Female,Collagen,NRRD,0.37,0.207160189800746,0.207160189800746,11989.163589477497,7147.776004302467,64084.88366603832,0.1870825521343832,0.09188986573979417,0.9301310273963665,129.86579603876416,48.11296085453415,1.4401932871559253,3406.4685344695927,9162.34233626484,0.11949430229721368,248,0.696362834891645,0.10562989526344652,0.18841232038882133,0.8355896550700358,13.730317931021368,114,450,3.1297668994962917,1408.3951047733312,1.3222488742681036,29,656.3610076904274,0.5984254611412988,0.813679661750026,5.9704049673865045,0.6946705341764102,0.9708756106726795
01C-202 +coll 60x veh 48h-Zstack cell3,01C-202,TAV-NA,78.0,Female,Collagen,NRRD,0.37,0.168422918537191,0.168422918537191,9214.429327733755,4167.072038112879,30298.02392546917,0.3041264126796041,0.1751972502896543,0.869619885816325,64.83786598330249,33.0440645111342,1.2543651923776693,2758.1500836882024,10706.454435532087,0.08883491975574968,533,0.6365129135715185,0.1247434222580258,0.17635571783236215,0.8826056837905789,5.131759588290931,206,1101,2.2970602766994954,2529.0633646461447,1.4706413133212632,37,279.33835557781794,0.43395819554455184,0.10585929033038635,10.630282088212455,0.16516215005287624,0.3404569185576664
01C-202 +coll 60x veh 48h-Zstack cell4,01C-202,TAV-NA,78.0,Female,Collagen,NRRD,0.37,0.207160189800746,0.207160189800746,12472.558164596514,4842.6571061212235,38387.85638809192,0.3249089513751947,0.15179391348710652,0.7328629301277053,66.79391145394253,54.65840671306387,1.5076668365806265,2930.3463935851946,10273.229661338497,0.09639542773507609,371,0.7041564638793886,0.11686429491337992,0.17523178263057732,0.9038543244997409,7.876637168329012,178,663,2.6615142280145005,1764.5839331736138,1.395409239444593,43,950.8152008056608,0.5429035281021479,0.7988551277995358,7.0047984230178955,0.7270415861837937,0.9624997990773633
01C-202 +coll 60x veh 48h-Zstack cell5,01C-202,TAV-NA,78.0,Female,Collagen,NRRD,0.37,0.207160189800746,0.207160189800746,11444.779014587362,6452.06469073966,49917.32432842239,0.22927468906963883,0.10777154162868754,0.9081051656104911,102.15685435275915,43.446904537451445,1.3458453674809392,27707.27577209463,40583.59255438139,0.10910957233426542,214,0.6737361174078537,0.12236416088351815,0.11749568128161322,0.8925263262025958,129.40624918893076,525,1480,3.562316526699727,5272.228459515596,1.2990308718579433,126,690.2778625488257,0.5200623834202308,0.35104776135005233,12.020812199835852,0.20932250894486273,0.8338192419825072
01C-202 -coll 60x Veh24h-Zstack cell1,01C-202,TAV-NA,78.0,Female,NoCollagen,NRRD,0.37,0.207160189800746,0.207160189800746,7460.787105560276,9517.483089352434,49331.276750564415,0.15123847581088432,0.08427262128957042,0.8650423690732245,81.14113417462866,42.13530834867908,1.3433131482212683,2727.543926239004,8978.060288466186,0.10515165425013738,170,0.6677153826011123,0.1250260792564496,0.14314079939427923,0.8231189887659724,16.038211373721797,141,475,3.3280124269047886,1580.8059027797747,1.400317951907741,40,861.4500045776338,0.6130257849010798,0.8732689824746479,5.309413957839052,0.801029650488868,0.9854503841752494
01C-202 -coll 60x Veh24h-Zstack cell2,01C-202,TAV-NA,78.0,Female,NoCollagen,NRRD,0.37,0.156939537727837,0.156939537727837,8926.889620536485,4986.4855871018,17505.427694189068,0.5099498153649664,0.17615609597495602,0.9558072669014949,71.86602275167535,21.1448415597755,1.5590694264783453,1916.1947502577323,6273.346752130083,0.118926305761037,118,0.6492702021759897,0.1071158856438019,0.16355977802347574,0.8217829189282679,16.23577214302588,79,303,3.463983861744748,1049.5871101086586,1.5380244811573371,19,677.5777202007101,0.5976911297327366,0.8569979736125105,5.976348452883865,0.7106723627741084,0.9874628134296644
01C-202 -coll 60x Veh24h-Zstack cell3,01C-202,TAV-NA,78.0,Female,NoCollagen,NRRD,0.37,0.16706466919415,0.16706466919415,13245.198313577073,4533.725970050525,20852.85687297731,0.6351742782419991,0.2786891978219207,0.9529716871451058,90.47105681063036,27.494705032229746,1.4210698504194266,2031.1922300122337,5305.195346221159,0.14620091663819845,120,0.7088398436822119,0.0963538842425531,0.2069056435699033,0.8020610414815373,16.922471147422062,52,203,3.70884462744085,752.8954593704925,1.4207603115351888,19,535.0069188426592,0.5793790150842187,0.8616670404328807,6.4973740216339735,0.7125559546746695,0.9870632168578287
01C-202 -coll 60x Veh24h-Zstack cell4,01C-202,TAV-NA,78.0,Female,NoCollagen,NRRD,0.37,0.197295418857853,0.197295418857853,4512.035992680733,3672.7909596689315,25505.037307739094,0.17690764135097456,0.08615006819781766,0.9354301912140688,84.38754333705238,30.035664373403485,1.361122652992309,1810.6877073949574,3976.1616716969993,0.1806823756098462,69,0.7088623553307756,0.12383873268976305,0.229412539416922,0.8574201530289887,26.23851113825693,51,156,4.207400731884297,656.3545141739503,1.4421268395686322,15,261.67772254165163,0.6785065900704482,0.6876155080259996,4.764953707809879,0.4354165565693484,0.9541038701885207
01C-202 -coll 60x Veh24h-Zstack cell5,01C-202,TAV-NA,78.0,Female,NoCollagen,NRRD,0.37,0.207160189800746,0.207160189800746,17167.581367492618,5266.996234125205,39671.030831336844,0.4327485575174831,0.16158427229597885,0.9419307894308987,102.13547691466182,34.47667122704648,1.6335270604838703,2909.259510040273,7855.544236869126,0.12545736285509831,171,0.7160249460076523,0.11913177214774935,0.2629929625591543,0.9501534569498805,17.011170638234933,61,241,4.0217514816817275,969.2421070852963,1.4207280184787094,11,682.275009155271,0.5915849689642436,0.7913238290497107,6.814540415181299,0.5542694433703113,0.9808254200146092
02Asc-0017 +col Cell 1,02Asc-0017,BAV-ATAA,73.0,Male,Collagen,Estimated,0.37,0.207,0.207,32384.438644499995,19497.564684701578,143130.57302313004,0.22625801015459246,0.1777867871077532,0.7698610756230251,141.99663378079322,101.94650536138667,1.039571128126744,34107.06913965,53283.6338211089,0.09545233508223479,317,0.7374180578066067,0.1443761108923736,0.13824407411151618,0.9755359991312327,107.57527335283909,721,1970,3.8021299103864754,7490.195923461357,1.2870971334898573,161,9180.904725179998,0.2933524535822961,0.6464372114730861,17.18264380135083,0.3786542694731245,0.9175381361942464
02Asc-0017 +col Cell 2,02Asc-0017,BAV-ATAA,73.0,Male,Collagen,Estimated,0.37,0.207,0.207,47598.775228349994,20893.223580732447,147968.33131723505,0.32168217891368345,0.22110991573903402,0.7656387824888048,137.38483299879582,100.00890614814585,1.0242528676663711,43453.39585724999,82308.99970565215,0.07261939314706911,360,0.7300520077577288,0.14448564061454858,0.10497820234789422,0.971690173062152,120.68996097825,1484,3868,3.604708595588469,13943.012847736198,1.2698570424056295,409,11569.979429009998,0.2851739597155117,0.522478595603201,15.013662808258413,0.6821281473700692,0.744440295780018
02Asc-0017 +col Cell 3,02Asc-0017,BAV-ATAA,73.0,Male,Collagen,Estimated,0.37,0.207,0.207,16522.651099709998,12551.003149707922,162890.53705934994,0.1014340759014742,0.08314847331313835,0.7971187709449343,141.78376062613057,93.27794616422425,1.0936532811284772,10711.589268419999,25025.805891841846,0.09389994266533702,388,0.6886803426070719,0.13829301263856122,0.13339050102576172,0.9354716936392661,27.538419504201027,509,1721,2.894948243509765,4982.205927080306,1.3417688818361972,122,2834.3696531399996,0.49456215848618057,0.8657232897806219,5.3030417605303075,0.7725897528559269,0.9532923890227786
02Asc-0017 +col Cell 4,02Asc-0017,BAV-ATAA,73.0,Male,Collagen,Estimated,0.37,0.207,0.207,12493.450793249998,6317.971862435048,130533.89070474009,0.09571039923654343,0.068587586180005,0.7640410862628987,103.50524602917419,75.7298239989656,1.197103015515959,8494.214792489998,16019.27083617982,0.1256773089853547,178,0.7552140259004816,0.14155950123671604,0.14518978552622433,0.9679515851886974,47.68191945202248,272,758,3.512299181027434,2662.322779218795,1.3126054076981113,70,2146.25284875,0.5460133869394281,0.7923529904964574,6.946252743949609,0.6661795525119868,0.9518904209763953
02Asc-0017 +col Cell 5,02Asc-0017,BAV-ATAA,73.0,Male,Collagen,Estimated,0.37,0.207,0.207,22903.177426469996,11811.406482233095,184234.61141455508,0.1243152806664241,0.0922062313384727,0.8140078627449687,131.0091010514243,81.60743372118644,1.4373613718344886,12393.617336639998,28846.773030794902,0.08978124198085195,323,0.7087597440151814,0.1469887066895894,0.12449631631584542,0.9431721914107529,38.333715652198144,673,2132,2.8850406812020863,6150.906732322848,1.2847077886345268,151,4558.046520869999,0.3726948125366994,0.8175825024999664,3.902337028229921,0.6292974485768114,0.9548293579711511
02Asc-0017 +col Cell 6,02Asc-0017,BAV-ATAA,73.0,Male,Collagen,Estimated,0.37,0.207,0.207,17195.690626469997,13199.066636390864,80527.34346857994,0.21353853096096967,0.12980320904867856,0.7489788185898449,116.34635377486774,89.65088042286251,0.6912029252295991,12754.473189569999,34657.03275729039,0.07617300659593584,482,0.7385876619781673,0.12838377577441284,0.11824382297555361,0.9632253607095526,26.44172852526971,917,2554,2.947837906639285,7528.778013556734,1.2358002411892879,281,4161.392042399999,0.31279104224030596,0.7701983298170432,8.362789549928689,0.8937676015699038,0.9467599577549789
02Asc-0017 -col Cell 1_0001,02Asc-0017,BAV-ATAA,73.0,Male,NoCollagen,Estimated,0.37,0.207,0.207,15266.750337629997,9779.696415658396,73702.64255102999,0.20713979593146414,0.11825076725689448,0.8787831221103499,128.0212183716059,62.837652911270396,0.7016164175518214,9295.387397909999,24591.70810355668,0.08693748894596023,646,0.7365550371367974,0.14101021528936503,0.1371974628551656,0.9872445199060093,14.377143542321978,464,1495,3.199485476518547,4783.230787395228,1.3006191177937778,114,1898.2466931599997,0.3955534184013766,0.7288480218643868,11.78167663435578,0.5889962382227825,0.8399146309915371
02Asc-0017 -col Cell 2,02Asc-0017,BAV-ATAA,73.0,Male,NoCollagen,Estimated,0.37,0.207,0.207,10104.804150929998,7096.459010033106,93237.25334107505,0.10837732546630473,0.087173735000796,0.9266580762412705,128.60141159505903,48.83124307718404,0.9507245598327366,627.8394021299999,3215.381561709489,0.11027675701058275,218,0.712543821749509,0.14914298019426492,0.2581312191234136,0.9582509663551037,2.871706565642201,50,302,3.0272106330982447,914.2176111956699,1.3537573545070845,12,628.1564847299999,0.5144305732040909,0.8217542571866755,7.2926279532991884,0.7601938825969996,0.9146966478899251
02Asc-0017 -col Cell 3,02Asc-0017,BAV-ATAA,73.0,Male,NoCollagen,Estimated,0.37,0.207,0.207,23946.109660259997,16555.554047889444,106513.63127846995,0.2248173250018594,0.18075935102883336,0.7748332617873669,136.26934982250214,96.27465790010251,0.8236730770184502,8406.985369229998,24450.22594003332,0.08177642277050443,680,0.7120532577583942,0.15112540460562837,0.14044406831201145,0.9975670231729669,12.340155345088233,601,1965,2.9762733475115657,5848.377127860226,1.295203780863791,146,3428.3446335899994,0.3343998601172464,0.8326630298732395,8.454879269533317,0.729694585294587,0.9406408987315544
02Asc-0017 -col Cell 4,02Asc-0017,BAV-ATAA,73.0,Male,NoCollagen,Estimated,0.37,0.207,0.207,17442.143077319997,13123.165173338151,91111.97286395999,0.19143634507138813,0.15047265991081307,0.7825357782437268,121.20895823725373,83.54039101484713,0.8804202505378049,5029.564201199999,13413.672411096211,0.10583354239910196,372,0.7286965684655418,0.14981892846702585,0.1676018600243897,0.9843341071472963,13.499493364596773,306,966,3.155071673775666,3047.799236867293,1.3220378756340627,74,1998.2862534599997,0.3972152824406414,0.7325942678231157,11.153583435386018,0.5037227968862854,0.9590837957035141
02Asc-0017 -col Cell 5,02Asc-0017,BAV-ATAA,73.0,Male,NoCollagen,Estimated,0.37,0.207,0.207,11073.665889359998,13785.142462167365,80214.34594941001,0.1380509403684971,0.1114540768456003,0.7094905518231799,120.64653429464317,113.77884864939934,0.7293104145957063,9473.651235629999,24231.601254198536,0.08935391911912188,510,0.743334696168752,0.14691900518004128,0.14180367472125424,0.9802573214943369,18.54252415005882,583,1814,2.9930710120970616,5429.43081594407,1.2821989176885837,150,5484.878960669999,0.2517034898323115,0.8121803030749587,17.41416313451008,0.6514552958560457,0.9851416798414732
02Asc-0021 -col Cell 1,02Asc-0021,BAV-ATAA,61.0,Male,NoCollagen,Estimated,0.37,0.207,0.207,18270.394536779997,6885.952439839822,77372.64111878995,0.23613507659289443,0.11443884147661482,0.7512180733447943,111.04312245366965,84.87721416621079,1.0321662140298742,4884.276953879999,10702.079004471569,0.13008168674301263,123,0.7269017085831128,0.15233131835994848,0.1963099434274976,0.9458590762445898,39.705572974390236,148,433,3.930601807305884,1701.9505825634478,1.3239088246163253,31,3125.3880634199995,0.4563186932281454,0.7889215555519453,7.556396079319271,0.6065895292899623,0.9805709856607674
02Asc-0021 -col Cell 2,02Asc-0021,BAV-ATAA,61.0,Male,NoCollagen,Estimated,0.37,0.207,0.207,13699.522024739998,4733.956498988873,92559.07971854991,0.14800840788820477,0.08009789373846407,0.9688145854593039,105.07944760336824,26.046012439070783,1.4083635159926484,3199.7756413799993,7379.077414249832,0.14230770338206172,125,0.7389268643327207,0.1350057751293627,0.16625088997950413,0.9572424361347167,25.587677988719992,144,412,3.5068846732678374,1444.836485386349,1.2505774154362648,35,2893.9970360699995,0.5650996547666345,0.7768777676400355,7.091401300845856,0.6379079077864608,0.9793442746084801
02Asc-0021 -col Cell 3,02Asc-0021,BAV-ATAA,61.0,Male,NoCollagen,Estimated,0.37,0.207,0.207,15335.398720529998,6735.701895959144,46960.46681571002,0.32655975888637756,0.18235480422819586,0.9337017791280305,96.0230530200779,34.65129472504688,1.1134299804865702,2128.2742653299997,6941.063550654417,0.11527713283988257,118,0.6650084976552546,0.156753405012985,0.13761775261688244,0.9345164597194,18.030445235084745,174,465,3.970999649495008,1846.5148370151787,1.29633359405579,52,608.3071139699999,0.4164765129478528,0.7769419835531203,11.160500788483933,0.6643398902909508,0.7676256402048656
02Asc-0021 -col Cell 4,02Asc-0021,BAV-ATAA,61.0,Male,NoCollagen,Estimated,0.37,0.207,0.207,26080.360932599997,8853.487649529769,128798.80414812,0.20248915434499923,0.15749595015337714,0.7378005074295021,123.6055186608279,99.2834024506635,1.141145238244513,26167.637918249995,53943.73595137074,0.07901680250218059,410,0.6579898892450491,0.1526637666889298,0.12427687951716654,0.9423372124001219,63.74079496141462,1183,3416,3.249783167750681,11101.259301036327,1.293048724406146,293,3937.341477239999,0.4182452283025613,0.7072882245637837,8.534552464505143,0.5430947319594438,0.965601984067338
02Asc-0021 -col Cell 5,02Asc-0021,BAV-ATAA,61.0,Male,NoCollagen,Estimated,0.37,0.207,0.207,19437.242650649998,4689.460044156831,62456.15343289499,0.31121421320853565,0.14919549153994432,0.9590084574696447,116.67851503215572,33.15146289851327,1.1123297735710782,13817.825542799997,18872.58426648969,0.14755226757426976,107,0.7604006252558804,0.12350892882960816,0.15482080171969634,0.9790516878537587,129.12344319196265,217,619,4.1749028512720665,2584.264864937409,1.2594392855957672,30,3793.6237887899993,0.38154893285552294,0.676720611678025,16.545577173844553,0.5255127764265569,0.9620930251491936
02Asc-0021 -col Cell 6,02Asc-0021,BAV-ATAA,61.0,Male,NoCollagen,Estimated,0.37,0.207,0.207,20435.386967189996,4245.180558502781,86173.45364663999,0.23714248532949217,0.12340667736413384,0.917402765240188,115.83638517303947,46.68407362811337,1.2118815880242402,14553.282779369998,18868.47260716756,0.15277584372016015,109,0.7495825222240681,0.15056407359339893,0.16852471446693562,0.9896158816951253,133.50486516605503,196,567,4.282133218331807,2427.9695347941342,1.2789739047430844,29,4048.9069900499994,0.4605178641928294,0.7822165628255136,10.967026015973373,0.650287639908478,0.9773557033623929
02Asc-29 +col Cell 1,02Asc-0029,BAV-ATAA,64.0,Female,Collagen,Estimated,0.37,0.207,0.207,11203.320964499999,1164.7948718229923,72175.85019670495,0.15522257006972484,0.08323174502217275,0.9502998536110501,145.09093370828518,45.36574811982767,1.3381038556928626,2332.3803349499995,7643.441551999453,0.11127427062108744,97,0.680190182460957,0.16141259697014332,0.14242114168554573,0.9386329443683007,23.998086036185562,206,673,2.7990793266533798,1883.7803868377246,1.3031722077330194,50,1220.30824023,0.5615303821874291,0.779339786560314,7.829688116359515,0.5220368525221327,0.9777447505811517
02Asc-29 +col Cell 2,02Asc-0029,BAV-ATAA,64.0,Female,Collagen,Estimated,0.37,0.207,0.207,12528.472566419998,1723.357881149118,74756.69909936999,0.16758996474371596,0.08940028812307974,0.8427433463056584,118.51540413768775,66.94882087630067,1.404132073300222,2218.6269522,5140.130416735882,0.16004158457617415,99,0.7405065649113824,0.12276843167966771,0.19576878408526394,0.9265441013951081,22.386511988181812,101,278,3.1449844058212135,874.3056648182974,1.304999162739509,29,1102.4644919399998,0.550370085730362,0.6335630656282519,8.890686609478784,0.3753814198996548,0.9580744271916892
02Asc-29 +col Cell 3,02Asc-0029,BAV-ATAA,64.0,Female,Collagen,Estimated,0.37,0.207,0.207,21641.252094989995,2239.16847943632,94008.02565222002,0.23020643125780754,0.16336092750104356,0.7099789692897658,107.67416193565967,100.89203686500036,1.205100028052058,8124.987958919999,17263.442927320677,0.11321531915058855,257,0.7064425920318993,0.13753337276291988,0.13594734678930645,0.9364750243728396,31.587534192957193,339,1052,3.1678001670797995,3332.525775767949,1.2992141779528525,86,2272.8480767999995,0.4485315690594374,0.7457343387250326,12.546219260304845,0.551566283445966,0.9742042458343525
02Asc-29 +col Cell 4,02Asc-0029,BAV-ATAA,64.0,Female,Collagen,Estimated,0.37,0.207,0.207,13818.538978649998,1598.1662396042439,59482.626796034994,0.23231218463222134,0.11638134085063108,0.909448374653706,97.20307792961562,41.03809101995132,1.1084496116883724,2801.9321031599998,8546.152916929994,0.11246529753176857,126,0.7147705571383903,0.14579402027243216,0.13084427068196977,0.9320716551098908,22.212265262142846,223,653,2.8566105663308488,1865.3666998140443,1.2867715732373377,61,1736.8040873699997,0.4787661785614545,0.7224957577688663,11.05051738421624,0.5572681878619583,0.9667822756435713
02Asc-29 +col Cell 5,02Asc-0029,BAV-ATAA,64.0,Female,Collagen,Estimated,0.37,0.207,0.207,13607.663195519997,1779.8442919633005,46051.33022734499,0.29548903643699426,0.15391148167488194,0.920336818076178,94.6652344420593,37.44696019243311,1.387183445089243,6763.7840653799985,11405.370397093273,0.1516472550033175,92,0.6949437886254712,0.1598385740511178,0.16633466609184128,0.9116667188877938,73.47872272499998,180,510,3.437699761449928,1753.2268783394632,1.2496164695608372,41,1691.8417746899997,0.4792092499150024,0.6967530740129656,11.286585622343093,0.5194133449019454,0.9605995139076424
02Asc-29 -col Cell 1,02Asc-0029,BAV-ATAA,64.0,Female,NoCollagen,Estimated,0.37,0.207,0.207,9069.672149099999,2029.7096851466063,37503.95389461004,0.24183242584466452,0.09490464245899029,0.9238389140488947,97.22095177650387,37.611283840435924,1.0724690849435727,8757.837266129998,13720.238688342462,0.14975696790942225,81,0.7741269419130854,0.12926256565898642,0.15441820041318,0.992156848857125,108.08014870000002,177,445,4.162467856269114,1852.2981960397558,1.2492721970403733,38,2077.7788612799995,0.4155078038982446,0.6699283534620722,13.848419020268787,0.4752299146104604,0.9038594168114983
02Asc-29 -col Cell 2,02Asc-0029,BAV-ATAA,64.0,Female,NoCollagen,Estimated,0.37,0.207,0.207,9688.712509079998,3833.5168285870004,21628.500089759982,0.44796044426895426,0.15161459987297557,0.96322286574622,88.3234315254664,23.731957750268737,1.6664879286945107,4501.621672199999,9148.46981038562,0.14411692725754816,52,0.6849558024668141,0.1756775531616116,0.15725801664660272,0.9124304373870225,86.52421936211537,166,553,3.12772540111776,1729.6321468181213,1.2789295289821436,41,1402.0124241599997,0.5461700123175205,0.5661825244478841,9.26904249290138,0.3274309253581025,0.9338120380147834
02Asc-29 -col Cell 3,02Asc-0029,BAV-ATAA,64.0,Female,NoCollagen,Estimated,0.37,0.207,0.207,9508.022989469999,3692.1490483501143,58883.705327024996,0.16147120730030282,0.0958838558254352,0.9244410241814637,97.29962452504931,37.49755132228155,0.892913178002818,3171.6662688899996,9560.719985651063,0.10919058212686474,209,0.7411279645745836,0.14521448361079728,0.1546400868903751,0.941151332357648,15.125143448325353,231,839,2.673403467403998,2242.9855091519544,1.285292526770229,55,1352.6902257299998,0.4179830743108739,0.8633712214081514,12.904322703419682,0.7422251774902233,0.9845601726306559
02Asc-29 -col Cell 4,02Asc-0029,BAV-ATAA,64.0,Female,NoCollagen,Estimated,0.37,0.207,0.207,18141.659001179996,1008.0079938000586,63824.79555576,0.28424155288254216,0.13133917554763583,0.9663603600937389,110.10676699925949,28.334316045591386,1.5688803489678147,7438.250463839999,15520.155170115471,0.11873222256183612,94,0.6978275795258231,0.1554034725420588,0.1254397117720867,0.9537818882830579,79.09962778914891,276,778,3.4018062400522706,2646.6052547606664,1.2612090757850456,67,3084.9758860499996,0.4867317557616252,0.7164030930880916,10.053838782894253,0.5899896294916871,0.9639334674821327
02Asc-29 -col Cell 5,02Asc-0029,BAV-ATAA,64.0,Female,NoCollagen,Estimated,0.37,0.207,0.207,11231.47789938,887.7313776064801,109895.74791133497,0.10220120535001656,0.0799787844980522,0.9115830139655818,105.80221401095439,44.12111490029103,1.4687378824992787,2332.3327725599997,5750.100153315834,0.14791165342934245,95,0.7095508371514324,0.13623936259177075,0.1728627391510981,0.9286663464662273,24.519329915684207,97,327,3.2581717171457414,1065.4221515066574,1.2655001088699473,28,1488.2747454899998,0.5305895143112471,0.6756730964703888,9.825410239220465,0.41146405792417146,0.9771719442883018
02Asc-0047 +col Cell 1,02Asc-0047,TAV-ATAA,40.0,Male,Collagen,Estimated,0.37,0.207,0.207,18365.67785808,10857.09636660587,163876.24645325993,0.11207040834510557,0.09242330822364599,0.7147275467753814,120.07004932970959,108.03383153855316,1.2507843114941926,25212.600981179996,40854.59136244903,0.10177825970604572,244,0.6520975269299887,0.15498528847304713,0.14133215382713252,0.9385820328485879,103.29550478483606,681,2075,3.2751563292372445,6795.949383167283,1.2927981228938477,152,7985.566739699999,0.3779849911338971,0.6750435517114789,8.245859890084587,0.5344066927140596,0.9418903522763523
02Asc-0047 +col Cell 2,02Asc-0047,TAV-ATAA,40.0,Male,Collagen,Estimated,0.37,0.207,0.207,25651.443299579994,3816.279795715561,143056.991363445,0.17930926028222513,0.11915828588750335,0.7943584734001642,127.62974937520362,84.68888986472209,1.6099652813714704,12746.990040209997,29373.87813381441,0.08983824652763789,322,0.7089330262437483,0.1344914070595478,0.11227300943903198,0.9547771742404702,39.51710833499999,669,1955,3.029563457059436,5922.796558551197,1.27801608487681,207,1691.6673792599997,0.6169457827965019,0.7935436915854122,4.7689290377306754,0.662971728515518,0.9548803363811836
02Asc-0047 +col Cell 3,02Asc-0047,TAV-ATAA,40.0,Male,Collagen,Estimated,0.37,0.207,0.207,28723.260257729995,3432.69092380021,108791.41263205498,0.2640213925236484,0.14058058168353324,0.9277695987702135,128.73615244530706,48.474624818209726,1.9372310958884664,18666.922182209997,32850.76409860943,0.1035906266522173,160,0.7147263609572607,0.13296954159469898,0.12111654530126681,0.8973214335149357,116.60405441231248,526,1409,3.465022995537942,4882.217400712961,1.2577804077407304,126,1719.5230856699998,0.5447493303905724,0.7821246904395575,5.029697663842024,0.6448175380599231,0.9274331116645229
02Asc-0047 +col Cell 4,02Asc-0047,TAV-ATAA,40.0,Male,Collagen,Estimated,0.37,0.207,0.207,21037.38413742,4829.6484318573475,129009.71163950996,0.16306822075693392,0.10254066206078809,0.8286635762401482,131.46639027733627,77.98670907262743,1.679342990618725,18974.191075739996,32636.04193528249,0.10541331922306575,208,0.742178043146004,0.1239301370820757,0.11680880278215537,0.9774889387088068,91.17405275884614,519,1383,3.5476676285875763,4906.424330336618,1.2433382159313933,131,3228.4557625499997,0.4929372651089085,0.8412731431515215,5.379503508790292,0.7069507755245968,0.9384393143873102
02Asc-0047 +col Cell 5,02Asc-0047,TAV-ATAA,40.0,Male,Collagen,Estimated,0.37,0.207,0.207,17794.802345039996,2792.5531308661525,92374.75167610489,0.19263707909531605,0.08439335564959263,0.9860433702056777,149.4336798096031,24.79950533478998,2.0738532336814917,13027.306912739998,22244.595603740163,0.12036384133693193,419,0.7027633205046795,0.11199067209611653,0.13377577287321318,0.9263274315554607,31.050408200047727,356,1122,3.1959387438435503,3585.8432705924633,1.288001149602619,91,1732.9356796499997,0.6227263712140156,0.588904673803773,5.792724281269142,0.3554767947312288,0.9160758187264535
02Asc-0047 +col Cell 6,02Asc-0047,TAV-ATAA,40.0,Male,Collagen,Estimated,0.37,0.207,0.207,13462.597906019997,5714.466153668491,100894.59202738498,0.13343230430394085,0.07198147978611222,0.9106154776629645,128.60579863621209,53.94455241763684,1.3115084399304489,19302.00692175,34075.795035815085,0.10211897300398191,321,0.7529326556899734,0.10605594500855832,0.10651061802922959,0.9931042338171517,60.09554896822429,573,1552,3.4382756045137888,5336.2037382054,1.239855508306777,150,3200.0293074599995,0.532954319095157,0.7854786137731734,6.348522990269206,0.9222680313509901,0.9433544274216917
02Asc-0047 -col Cell 1,02Asc-0047,TAV-ATAA,40.0,Male,NoCollagen,Estimated,0.37,0.207,0.207,22062.956098859995,8219.012021359047,129948.31841319006,0.16978254407808138,0.09516811308605148,0.8315932586058566,122.0702582526343,71.70139976954998,1.3144308652535426,4365.767632229999,11364.419937931849,0.11366949456236917,185,0.6585835547458035,0.15233035256173114,0.14011323801537712,0.931942957088281,23.434032401999993,262,838,3.0445346021345325,2551.3199965887384,1.2057457449270017,55,2425.6184734799995,0.5603169429755487,0.8654173475350913,3.986494504437396,0.7506814572966836,0.973832804156444
02Asc-0047 -col Cell 2,02Asc-0047,TAV-ATAA,40.0,Male,NoCollagen,Estimated,0.37,0.207,0.207,17082.904345649997,2095.8670130059545,165029.23277280002,0.10351441413515186,0.07715970258527845,0.9743643379332072,137.30315450565664,30.866846087689492,1.9169975724202946,11121.117300449998,20177.27054658049,0.11941365413275197,127,0.7245573718504322,0.1259182985114725,0.12594589148223803,0.9347578472269572,87.52703149559052,335,931,3.302856065989135,3074.9589974358846,1.2563347285223547,95,1957.9057843499997,0.5688288808863989,0.7373107011903749,5.931794161820931,0.49493260829005026,0.9303769161962925
02Asc-0047 -col Cell 3,02Asc-0047,TAV-ATAA,40.0,Male,NoCollagen,Estimated,0.37,0.207,0.207,32802.06813695999,9313.799270950938,146782.36312258503,0.22347417931652594,0.1523749820669639,0.7595558521166078,119.92615418874928,89.07135456750017,1.3076718679289823,34538.44416281999,59490.80173167408,0.08621234989925701,158,0.6766057236689604,0.14886708230991993,0.10622540428424958,0.9483315899007153,218.55289472601257,1074,2928,3.3128534580963938,9700.034925306241,1.2540949675725015,277,7302.840339509999,0.4060031948726055,0.7229163156739778,7.292507818322412,0.5519130996486531,0.934349875501614
02Asc-0047 -col Cell 4,02Asc-0047,TAV-ATAA,40.0,Male,NoCollagen,Estimated,0.37,0.207,0.207,19554.880295249997,2264.3041781054626,143349.55555139997,0.1364139583135179,0.0984078422136353,0.7432968750643589,114.68485475886231,90.16196868295206,1.7922005526470093,11143.550894399998,19182.025673813034,0.1257782044031802,99,0.7118015653909285,0.14444470402258636,0.15619663366765918,0.9252498371969112,112.52989231363638,325,914,3.2521834008541393,2972.4956283806832,1.2729047186807196,85,1414.8859777199998,0.5927435382032326,0.6593250569292677,6.111141760586486,0.46402206422743864,0.9024190449222306
02Asc-0047 -col Cell 5,02Asc-0047,TAV-ATAA,40.0,Male,NoCollagen,Estimated,0.37,0.207,0.207,22073.277137489997,6087.749636641978,144007.81110193496,0.15327833239452252,0.1211797143156551,0.7136456461604542,117.56470908888966,106.5938251511058,1.4062693652752976,22282.678486529996,38068.11351417527,0.10059298558536517,166,0.6821303178715225,0.16405407085926035,0.12702203083271252,0.8773014317628985,134.20005308240962,596,1633,3.42028139941509,5585.319525244842,1.2637702339116006,138,3297.3419573999995,0.4467313189665854,0.6254022490181103,7.972434774821745,0.39734694633001044,0.9359919892028387
02Asc-0049 + col Cell 1,02Asc-0049,BAV-ATAA,58.0,Female,Collagen,Estimated,0.37,0.207,0.207,15643.127383829997,4393.0176956328205,136635.545527155,0.11448797839154583,0.049719388007052175,0.8892487872241667,108.6416958054814,50.81383317717432,2.175054312740271,5287.653583469999,7632.391183492609,0.19230865624801846,103,0.7204080592023302,0.11857211029957002,0.2289252060018521,0.929046833496458,51.324282594174754,103,313,3.5334787909287244,1105.9788615606908,1.3001941716426422,20,2111.9445114299997,0.6286828561981164,0.6729750912653876,4.026737663509275,0.5624691116308754,0.8679315354995082
02Asc-0049 + col Cell 2,02Asc-0049,BAV-ATAA,58.0,Female,Collagen,Estimated,0.37,0.207,0.207,13839.561555029997,2482.713671337314,102999.72190526998,0.13436503807028138,0.06148659285579198,0.9645723528565538,133.34926442071733,35.21775796861849,1.773009924094168,1835.1631098899998,3941.7008201078925,0.18390078389495956,23,0.8115232843436444,0.18536293692648953,0.18813174883686445,0.9859024016734564,79.78625387999998,61,165,4.745935299227935,783.0793243726093,1.2490686293702455,18,1113.7684866299999,0.516922437866883,0.4780406379598343,7.1646295179804245,0.2849004361959861,0.801636743982897
02Asc-0049 + col Cell 3,02Asc-0049,BAV-ATAA,58.0,Female,Collagen,Estimated,0.37,0.207,0.207,13098.380977529998,3256.347506095621,70492.81539122997,0.1858115739148017,0.06867110786615624,0.9533830725039862,110.30669549492745,33.37741894470011,1.7185155132634622,6724.767051449999,10885.204050378068,0.15828230998346043,120,0.7198255947931326,0.1306628356075055,0.16910603645112246,0.9290470160299419,55.98819950624999,154,459,3.7705088472552233,1730.6635608901474,1.2998443025679027,35,1892.3172485399998,0.5860762778371081,0.6362274234994387,6.899654869397156,0.45640735558861706,0.9269156396337629
02Asc-0049 + col Cell 4,02Asc-0049,BAV-ATAA,58.0,Female,Collagen,Estimated,0.37,0.207,0.207,15622.295057009998,5047.321266624461,104529.66658911001,0.14945321808419068,0.09187777416001762,0.8012938182949484,116.56897852820781,75.65205633562782,1.5046597947643026,8913.271156649998,13816.363911688386,0.15046948686911313,139,0.7030525684912415,0.15346490387109457,0.20280984270931848,0.9723635680894418,64.10520515784172,198,609,3.5783840780738942,2179.2359035470017,1.341921448812833,32,2519.7761515499997,0.5261853632525842,0.6892346546498532,9.318616722159492,0.46628332335934086,0.9521284880725591
02Asc-0049 + col Cell 5,02Asc-0049,BAV-ATAA,58.0,Female,Collagen,Estimated,0.37,0.207,0.207,21595.338534509996,3057.1111883146605,113409.62293392004,0.19041892544773623,0.1192987185604492,0.7994998580635406,106.77351861888104,69.67997240140444,1.6932178650764471,10358.882438309998,13229.477717604695,0.17370675002011657,143,0.754125933151492,0.1206076827803919,0.2014953892938567,0.9732704443179192,72.42488101321678,138,403,4.182634501888284,1685.6017042609783,1.2334831322467863,27,4928.002644419999,0.43523307091265717,0.7967839169523891,7.599247863419443,0.738388682871735,0.9583074051026758
02Asc-0049 -col Cell 1,02Asc-0049,BAV-ATAA,58.0,Female,NoCollagen,Estimated,0.37,0.207,0.207,35727.86855781,9076.085163304473,84436.35361550994,0.42313372176753045,0.2571974148061105,0.7713454216322098,109.72564155177655,78.3770684270718,1.3876082657918356,27819.939492719997,44792.032173763066,0.09912597653347394,174,0.6827181084823004,0.164167323919786,0.12762066525315996,0.9644354730315606,159.85127027017242,770,1960,3.7614011755590506,7372.3463040957395,1.2524169836179555,235,3476.2875227099994,0.4170930268301464,0.8106625276355304,9.517439878180737,0.7257865223407611,0.9728416273703222
02Asc-0049 -col Cell 2,02Asc-0049,BAV-ATAA,58.0,Female,NoCollagen,Estimated,0.37,0.207,0.207,22572.523691189996,3714.6538290548688,117394.90994263497,0.19227855536683883,0.12728318697204216,0.7445065650665583,117.28563696009962,91.80074317276065,1.7499489571785727,12473.189215109998,17984.11186211719,0.14462614256073053,45,0.6954541351382485,0.1934903863982699,0.1561037880555597,0.9264149176410515,277.1277262019999,229,640,3.7296323019459523,2386.9646732454094,1.2560124056298068,65,2109.2334551999998,0.5575102715926851,0.7572324971918337,7.5688981850010695,0.5340708356885147,0.9758749299761182
02Asc-0049 -col Cell 3,02Asc-0049,BAV-ATAA,58.0,Female,NoCollagen,Estimated,0.37,0.207,0.207,28885.035800249996,9192.226720620853,125708.08113994505,0.2297786708564393,0.14536085122733647,0.7533440265252038,115.07272781147684,87.29755232820861,1.2918540838215185,52121.62558061999,72453.9611737439,0.09313236363888686,150,0.7283385357981911,0.11638446134477698,0.09696987110932845,0.9372869654159222,347.44875504839996,544,1376,5.041270938910143,6936.788811940357,1.2133602547091213,99,7244.195912639999,0.4362805398422581,0.8073592048068959,8.632770371396731,0.61412462554287,0.9853211172178528
02Asc-0049 -col Cell 4,02Asc-0049,BAV-ATAA,58.0,Female,NoCollagen,Estimated,0.37,0.207,0.207,36378.85498973999,12883.966100882386,131845.093314615,0.27592118959581646,0.19971566647437217,0.7475413695899427,140.07361033472998,108.47803047691372,1.2362888927681357,48945.853092059995,77152.1890590988,0.08387125465429902,121,0.6973509514012523,0.16064804932580212,0.11045996612557103,0.913799485064877,404.46034454231403,882,2264,4.026822355593149,9116.725813062889,1.2270263688698375,213,10384.803940859998,0.27756533155911284,0.3078111151292352,7.880927810592226,0.6867050731524644,0.8641352429388242
02Asc-0049 -col Cell 5,02Asc-0049,BAV-ATAA,58.0,Female,NoCollagen,Estimated,0.37,0.207,0.207,32215.417764569997,7965.951717526966,137051.11134036002,0.23506133915663416,0.17685888221099863,0.7545403901095474,119.89866279301938,90.56932657121307,1.6196893385051958,29353.668028919994,42952.33353220858,0.10713686812006556,124,0.7072382387325743,0.1619620834473744,0.11832833623946044,0.9448000918218624,236.68605105822576,571,1437,4.005130208244241,5755.372109246974,1.1993917203895947,151,5853.725295119999,0.38124977173878577,0.7321280465408538,10.766584097414762,0.5010925692640407,0.9713696800343917
02Asc-0049 -col Cell 6,02Asc-0049,BAV-ATAA,58.0,Female,NoCollagen,Estimated,0.37,0.207,0.207,16860.518464139997,2461.970735013487,131832.806363865,0.12789319236369845,0.07832192738232466,0.9436788249467846,119.50753556512075,39.74777168095369,1.5610932279119254,28828.975596569995,50224.04667856262,0.09052986988509086,691,0.6509281444383924,0.13281745653900456,0.10781852220289438,0.9144534061160315,41.63186702383501,1169,4134,2.6912169830084856,11125.491007757078,1.2720603571536568,317,3541.8126419999994,0.6143614462281569,0.7647377838701659,6.253343306933065,0.5144563547827437,0.9824096184206476
02Asc-77 +col Cell 1,02Asc-0077,BAV-ATAA,,Male,Collagen,Estimated,0.37,0.207,0.207,17891.655225209997,3549.083964018898,75926.80523695498,0.23564346174415088,0.12455996282573016,0.8786884075824658,129.16747431011422,63.42369933425583,0.8592334485270934,1486.1027296799998,6095.175076255151,0.10332303653301718,210,0.7373078409139879,0.1626074687194497,0.13912856381903438,0.9709700655484726,7.033722522428571,149,605,2.7537093722117945,1665.9941701881357,1.2966935433529785,35,1355.8927599899998,0.5522047768037152,0.7570772229849897,7.918043398090042,0.583524814867148,0.9742324998576066
02Asc-77 +col Cell 2,02Asc-0077,BAV-ATAA,,Male,Collagen,Estimated,0.37,0.207,0.207,9243.560246939998,3186.5111077078573,33265.66932171,0.2778708631275735,0.1082586898395722,0.8295411993480869,84.6302187767525,50.0632684908312,0.7817198275212555,868.8697405199998,2827.893463356506,0.15571275746186522,98,0.7884749779054279,0.15481525287529066,0.18088879079706877,0.9751626480415576,8.825573551224487,72,188,3.123669805925442,587.249923513983,1.2041961963865808,20,908.6953150799999,0.5834468696171305,0.8323593759895337,6.152531221326752,0.7051222650232452,0.9447796129627798
02Asc-77 +col Cell 3,02Asc-0077,BAV-ATAA,,Male,Collagen,Estimated,0.37,0.207,0.207,9017.401082489998,4630.342041323683,70507.98515128499,0.1278919127123243,0.06233527712896912,0.810985234708252,137.8194720811025,86.7203362689864,0.6495000077182128,1742.7810943799998,6733.429278214378,0.10401030777513963,150,0.7039465488128176,0.16638122928947627,0.13620437474119457,0.9508918000698869,11.570132685599997,184,571,2.903982730564423,1658.1741391522855,1.1859850584931935,44,2194.1798837399997,0.3921146513438412,0.7902024048760933,6.735601112619267,0.6938055866437345,0.8630195022618251
02Asc-77 +col Cell 4,02Asc-0077,BAV-ATAA,,Male,Collagen,Estimated,0.37,0.207,0.207,13192.094739959997,2310.267974109902,34672.06541281499,0.3804819408042569,0.11759461928428973,0.9505182733624682,115.38550361675247,36.00614963467788,0.8124839853101089,1450.7955821699998,5737.91162569734,0.10801094167350299,50,0.6952617019264251,0.16368078785038206,0.11432777055301248,0.9473306420997047,28.981349639999994,139,403,3.284647898927867,1323.7131032679304,1.1940104678980377,35,2626.0622390699996,0.3650862041776576,0.8526123051513715,13.125675133779923,0.9329535598764638,0.8668522773064826
02Asc-77 +col Cell 5,02Asc-0077,BAV-ATAA,,Male,Collagen,Estimated,0.37,0.207,0.207,8491.789110599999,3308.3483382120853,51736.39136046001,0.16413570578271763,0.09333619116824458,0.8823364291673405,106.981492916193,51.69468989394238,0.771127754361258,2636.6369437799995,6700.353044179535,0.13774843075872525,93,0.6589978156669319,0.1678176294014043,0.15155755616022237,1.0,28.30405438741935,114,350,3.692223824810217,1292.2783386835758,1.1758112657052493,30,1289.2102892099997,0.5045125914364851,0.8197941081603659,8.86791091969429,0.6427562978135001,0.9605353303881499
02Asc-77 +col Cell 6,02Asc-0077,BAV-ATAA,,Male,Collagen,Estimated,0.37,0.207,0.207,6897.957567569999,2135.3286562044786,20724.592721940007,0.3328392340500619,0.09541308264635347,0.8454469244925358,69.49399919195736,38.88061574417779,0.7327923818050054,967.8312199799999,3196.702579536237,0.14801815204010557,134,0.7582559742413094,0.13790648027019187,0.17149895869612705,0.9426096571661636,7.184523806865672,70,206,3.308664589300169,681.5849053958348,1.1960175797629848,17,913.2771586499998,0.530083277678679,0.7437252958030837,8.339522716477699,0.5576699575746296,0.9373148901545972
02Asc-77 -col Cell 1,02Asc-0077,BAV-ATAA,,Male,NoCollagen,Estimated,0.37,0.207,0.207,11959.245882899999,2015.7441582609113,30992.136874965003,0.38588000340694495,0.10659021528586746,0.9549249523140788,111.72101249723937,33.278957469411345,0.9710527197595397,2426.0782432499996,6248.52909979928,0.1397363933925905,116,0.7027546742370478,0.17327476090465307,0.16091406801780703,0.9597377848535236,20.86567516241379,113,326,3.47927554006157,1134.2438260600718,1.1958337624798028,22,1114.7197344299998,0.5012539585241415,0.8160385099294377,8.812657066530743,0.6142788065645095,0.870778376370054
02Asc-77 -col Cell 2,02Asc-0077,BAV-ATAA,,Male,NoCollagen,Estimated,0.37,0.207,0.207,10057.46371875,1838.8590718856667,60825.89702618997,0.1653483830155358,0.07558110926797454,0.7949197086172346,90.2617582187275,59.79093333709515,1.01396117187774,2149.8834445199996,5997.599700532453,0.13431254919746582,58,0.7339758171870954,0.1657305205239703,0.13977842997223672,0.9265556462340252,36.995612355,131,342,3.5738990894860523,1222.27348860423,1.1874173106621562,37,1946.1895822799997,0.474978899614109,0.8212330426497236,9.7554674494805,0.6278923334747226,0.8900070327057067
02Asc-77 -col Cell 3,02Asc-0077,BAV-ATAA,,Male,NoCollagen,Estimated,0.37,0.207,0.207,13632.522471359998,4546.530236900355,61577.63909662505,0.2213875470277192,0.09038728940305657,0.8720998805612312,102.23726886508243,51.614682159565184,1.0032289757107693,1981.9406454299997,7087.660862354468,0.10765683928887,295,0.7457180807751125,0.1588454540071211,0.13490251656228328,0.9858697032957625,6.676523471288133,160,586,2.8374258504087257,1662.7315483395132,1.2394784066077837,33,2003.8351989599996,0.5106056859128256,0.6378018070294647,10.099905232718642,0.35766368013491373,0.8935327885077624
02Asc-77 -col Cell 4,02Asc-0077,BAV-ATAA,,Male,NoCollagen,Estimated,0.37,0.207,0.207,7940.556864629999,2690.4495769511736,22254.212396114985,0.3568114082534872,0.07421875231539522,0.9810892853960482,125.39436795573582,24.276549913885674,0.7269387468375529,807.1496124299998,4246.885850064922,0.09871494280699661,166,0.6961157163164126,0.1669027321156701,0.14092567581481377,0.9290470160299419,4.823284778674697,115,384,2.8884830953149994,1109.1775086009598,1.1748782042466928,25,2035.9398122099997,0.4669621076670436,0.8308525759260451,10.909536275685467,0.6429533185463064,0.9862602337833895
02Asc-77 -col Cell 5,02Asc-0077,BAV-ATAA,,Male,NoCollagen,Estimated,0.37,0.207,0.207,12821.567867729998,1843.0613613694902,37592.58376601998,0.3410664174490566,0.10294179045582413,0.9244583414969559,100.76710855993308,38.82758962060121,0.9856152504016436,4019.4817247699993,7511.12655830012,0.16276427338870134,211,0.6540846948139362,0.15717490090454822,0.21519545219617955,0.9433764043244917,18.983254378436015,114,435,3.156393290426467,1373.0310813355131,1.1816247736640644,23,1282.9161995999998,0.5234160625472668,0.8331653032276796,7.853185232529092,0.7156412770137255,0.920099605444188
02Asc-77 -col Cell 6,02Asc-0077,BAV-ATAA,,Male,NoCollagen,Estimated,0.37,0.207,0.207,14865.751827539998,2413.6715418674994,43136.77302701991,0.34461900565043246,0.13284341852297343,0.9418612037643972,108.67395115967476,36.7352201771191,1.0610582885078483,2135.63058165,5655.259679458823,0.1418128745307059,191,0.7311982815174833,0.13074286183389883,0.17238554483791374,0.9489573448137504,11.139891993612567,99,341,3.325450738957731,1133.9787019845862,1.2363408023651934,29,1857.5649955799997,0.46448616823844696,0.8320700551205256,10.127952267010478,0.6578348201339864,0.9163759796023714
03Asc-0043 +coll 60x veh 48h-Zstack cell1,03ASC-0043,TAV-ATAA,70.0,Male,Collagen,NRRD,0.37,0.207160189800746,0.207160189800746,11374.91283416744,6654.412254602029,39342.424249648946,0.2891258749584792,0.07857220417954058,0.9801559772424544,127.3765600189842,25.230187892026436,1.3733328775400162,18134.418153762756,41262.13178212107,0.08089745886704354,318,0.6409573796877549,0.13010797736176632,0.08631846951790105,0.9349433952100024,56.86234258255849,849,2815,2.909437045845083,8190.065284053908,1.2384744365425495,207,872.9144096374481,0.6096503395247618,0.8395435157817547,5.771716622413192,0.6916385569644529,0.9712206066816247
03Asc-0043 +coll 60x veh 48h-Zstack cell2,03ASC-0043,TAV-ATAA,70.0,Male,Collagen,NRRD,0.37,0.16706466919415,0.16706466919415,10815.108014691225,6797.91177647674,28011.48875632957,0.38609543779594385,0.21204373886908703,0.7924919657190185,73.5379294810508,49.08581519462978,0.9677080476936295,11956.160758213951,26106.45506737043,0.09685693406238917,190,0.6816572179010991,0.11284841126373593,0.10300683385133234,0.9079092422677288,62.85226451481611,561,1813,2.9129871043948588,5281.245620267879,1.3129791524299106,137,689.2601731664533,0.5345141141709879,0.7133089763490144,9.279280440598933,0.4613413727171531,0.9673174195979535
03Asc-0043 +coll 60x veh 48h-Zstack cell3,03ASC-0043,TAV-ATAA,70.0,Male,Collagen,NRRD,0.37,0.207160189800746,0.207160189800746,9363.195562362638,6110.56058445007,22341.965961456237,0.41908557100640886,0.13095069953364422,0.9571739635536493,113.05776405591273,32.83315369536528,0.9463781630756788,1453.6293983459423,7029.374176455049,0.08828154558612947,544,0.7167751677723607,0.14002773026024357,0.21938219475020412,0.9898671525832001,2.651534799267255,109,564,2.7216638030985574,1535.0183849475864,1.3628707854647908,16,705.5690288543676,0.40229379545195815,0.880273228116951,10.316264200025344,0.7103218198581475,0.985125634682984
03Asc-0043 +coll 60x veh 48h-Zstack cell4,03ASC-0043,TAV-ATAA,70.0,Male,Collagen,NRRD,0.37,0.121858935176909,0.121858935176909,4370.114201080384,5366.174222698957,12594.245296860934,0.3469929398762479,0.18259883597067345,0.7393616835306698,45.93365848904769,36.61400527824774,1.1265996160771083,1327.9684027173394,5685.854479104673,0.10275750366923715,368,0.6893320984252754,0.11725705843568601,0.18306512044867446,0.9030873222706425,3.6044143744477375,90,537,2.470296386196588,1326.5491593875677,1.6366130990187289,15,558.7701071504847,0.5739439049120072,0.8493983034177854,6.606149818792921,0.7227410312251585,0.9873305891033358
03Asc-0043 +coll 60x veh 48h-Zstack cell5,03ASC-0043,TAV-ATAA,70.0,Male,Collagen,NRRD,0.37,0.165728151840596,0.165728151840596,11863.328247070158,7488.891226130258,40411.29826354935,0.2935646405047763,0.12794878278332716,0.8570469354256761,83.95574613737575,44.982960524450355,1.224122691027554,21114.64709472629,43089.37515815733,0.08573730198402997,158,0.6139907844157497,0.12369337993437532,0.08732570225191882,0.8226887303704794,133.4705501508092,704,2651,2.929656469519864,7766.519300697159,1.3193696634272307,136,1426.5606994628722,0.6198570990590793,0.8390716683562899,5.350316532463985,0.7170946300303964,0.9745763300217304
03Asc-0043 -coll 60x veh 48h-Zstack cell1,03ASC-0043,TAV-ATAA,70.0,Male,NoCollagen,NRRD,0.37,0.207160189800746,0.207160189800746,15351.378250122016,7834.933331143735,48315.78769683824,0.31773006261319015,0.1491341570641862,0.8893522546739457,81.61958104030637,38.1774909496558,1.2156752366108459,5140.801191329938,13029.02084112842,0.11055869020366697,396,0.7154140131741485,0.13090245421749747,0.14425153218935868,0.9077402099229052,12.95475526289502,285,907,2.970506044068942,2694.2489819705306,1.3429556505889677,79,969.6314334869351,0.5090936622226515,0.8461656759364352,9.130250108313176,0.65555830254171,0.9859370963575304
03Asc-0043 -coll 60x veh 48h-Zstack cell2,03ASC-0043,TAV-ATAA,70.0,Male,NoCollagen,NRRD,0.37,0.201126397864801,0.201126397864801,8613.29566703136,3284.342884002709,22763.932702992563,0.378374676265804,0.1100184485972375,0.9598592458778321,80.0120641263408,22.47244370511696,1.2789135016474884,2369.6332908685445,6440.463580941215,0.13346101521539766,101,0.6544471112680129,0.15155705480996712,0.1665769222524711,0.8760764899256177,23.45000875186634,167,481,3.087430177258397,1485.0539152612891,1.344402848309502,57,466.3023785513668,0.5999947801965659,0.8373564941597521,6.564522906900835,0.6181821841130927,0.9805803852448697
03Asc-0043 -coll 60x veh 48h-Zstack cell3,03ASC-0043,TAV-ATAA,70.0,Male,NoCollagen,NRRD,0.37,0.201126397864801,0.201126397864801,9128.480843475481,5851.917321446507,34491.46870517677,0.26465909357189543,0.12122780571112361,0.8755901268781928,80.36063020297712,39.96993303202225,1.1003659259128473,8272.717569649356,12347.670219203934,0.16020075843261275,118,0.6960523841790258,0.12841643459560478,0.1809229209341818,0.8767532097141513,70.10130714963174,119,423,4.245045086353619,1795.6540715275805,1.367706117579362,28,627.6186050327224,0.6090089258814668,0.8599838616803676,5.89298962438015,0.6794595585616067,0.9819454852004497
03Asc-0043 -coll 60x veh 48h-Zstack cell4,03ASC-0043,TAV-ATAA,70.0,Male,NoCollagen,NRRD,0.37,0.15459715656772,0.15459715656772,8585.672305245716,4627.629687821596,29212.707372729972,0.293901972032227,0.14504805210016544,0.9119317905086083,68.23447879003231,28.38573561612646,1.2035181649135305,7452.1367176519625,13078.882733692622,0.14106979044657622,171,0.6712705883691338,0.11780065717743811,0.1752377329673144,0.8627468144607325,43.57343777178831,196,620,3.48784671043747,2162.4649604712313,1.4495003470361278,36,970.1680860903793,0.5563602478623922,0.873914136939066,6.590201975797352,0.8402267964159511,0.9872309408969837
03Asc-0043 -coll 60x veh 48h-Zstack cell5,03ASC-0043,TAV-ATAA,70.0,Male,NoCollagen,NRRD,0.37,0.129475118625466,0.129475118625466,6417.869869619563,3719.4784852442394,12799.365576356573,0.5014209361653731,0.1775052357529878,0.9583891724663347,67.17083148092729,19.191411281116725,1.2961343233222586,4817.491471767392,6805.197671173921,0.202701680602416,88,0.6482366736818891,0.10634859682660627,0.23208212168281897,0.9111862354635355,54.73872350359466,81,349,3.3743754465517988,1177.6570308465778,1.4532109650759986,11,774.9042659997885,0.575267695300751,0.7732092347598478,7.185845205632933,0.5670174471268933,0.9844219086116823
03Asc-0051 +Col 60x veh-Zstack Cell1,03ASC-0051,TAV-ATAA,65.0,Female,Collagen,NRRD,0.37,0.109031678842497,0.109031678842497,6864.215871963999,2014.6807358746792,11771.481525864712,0.5831225115446771,0.26780085664863673,0.8710475574063197,47.80532174211223,24.198721681011307,1.2693889282161368,3523.2409876138513,8041.9975673580575,0.13923500033936972,161,0.6860134633543779,0.11445841685245071,0.15324896721292233,0.8912562724883211,21.879031229460935,176,689,2.693932305256786,1856.1193583219253,1.4890201940611851,30,676.5900028048986,0.5936847002372846,0.8162310696603559,6.359271787596774,0.6315383165195737,0.9845742229504839
03Asc-0051 +Col 60x veh-Zstack Cell2,03ASC-0051,TAV-ATAA,65.0,Female,Collagen,NRRD,0.37,0.207160189800746,0.207160189800746,13640.053796768141,4134.092910090559,51817.12338924395,0.26323448513931796,0.1296455268650702,0.9381075103426463,98.65567825633774,34.386179627292144,1.4413632582803302,11867.151832580525,20102.01634385867,0.12516286682956493,74,0.68912778609456,0.13961867190853247,0.13192626795350504,0.887479204324163,160.34867763519233,381,870,3.9211509999405916,3411.401369948315,1.296018416721288,135,1276.0105133056595,0.5402682618305884,0.7067445133755874,7.470769945705759,0.628777547656478,0.9208986956271906
03Asc-0051 +Col 60x veh-Zstack Cell3,03ASC-0051,TAV-ATAA,65.0,Female,Collagen,NRRD,0.37,0.172633491500621,0.172633491500621,8463.401198387051,4558.029138441236,35903.67620189944,0.2357251984669833,0.12354742128645932,0.8610647074670863,67.41733925686593,35.54614205917537,1.401674999102791,6704.495847225115,14160.881292552614,0.12142401608654195,56,0.6574906599041953,0.14306546692414374,0.12661710586344446,0.8886967152566501,119.70581220728877,358,1018,3.162456264590626,3219.3804773532574,1.332525304726105,107,1625.1495480537233,0.5305708742898493,0.7924680523320576,7.038018822515653,0.6291802074021171,0.972769996929198
03Asc-0051 +Col 60x veh-Zstack Cell4,03ASC-0051,TAV-ATAA,65.0,Female,Collagen,NRRD,0.37,0.207160189800746,0.207160189800746,11436.31567955013,8723.029725804046,65086.682653426935,0.17570899626957692,0.07345010329687228,0.9111637194156516,90.14133792143205,37.67241021057174,1.4357622421905185,5867.250680923441,13185.793844443688,0.11930746161900624,90,0.651207162067509,0.1646789775546764,0.13939455117279623,0.9343058121507731,65.18179416656471,219,596,4.258760944639663,2538.2215230052393,1.353711053281996,52,971.2034225463833,0.6167344329585771,0.7042970927314259,4.308478659799212,0.46537285935367123,0.9453322648061724
03Asc-0051 +Col 60x veh-Zstack Cell5,03ASC-0051,TAV-ATAA,65.0,Female,Collagen,NRRD,0.37,0.172633491500621,0.172633491500621,14026.187062263332,8848.841289863962,43464.76972103072,0.3227024358414274,0.1538327762950837,0.7804217232322885,73.34821587025309,50.880305768744954,0.9894918724389207,7903.115451335819,19393.270320155236,0.09893849297946587,210,0.6546619048215497,0.14829594050350714,0.11967786904491472,0.9634505722427887,37.629524866739494,433,1223,3.509465161004039,4292.07589190794,1.3331990740725006,114,1567.0269727706734,0.5386427437899275,0.8326500533619147,7.975110660717708,0.6479967219370375,0.984693630083357
03Asc-0051 -Col 60x veh-Zstack Cell1,03ASC-0051,TAV-ATAA,65.0,Female,NoCollagen,NRRD,0.37,0.129475118625466,0.129475118625466,4159.512575715751,4814.404761771253,21252.71027907717,0.19571680604947128,0.06687370773842183,0.9377057441989249,57.679418638783865,20.09056533632453,1.8567364458014362,1674.871724098909,4873.768065647436,0.13993949433491334,164,0.6748375655014718,0.1239757920380121,0.17644432976887445,0.9400201922609572,10.200945842193322,93,409,2.8001293281569843,1145.2528952162065,1.4284033501430018,21,577.3139744996984,0.6671918713374259,0.5785885116558486,3.576223305523578,0.33617678585806676,0.9304890655265509
03Asc-0051 -Col 60x veh-Zstack Cell2,03ASC-0051,TAV-ATAA,65.0,Female,NoCollagen,NRRD,0.37,0.15935399215442,0.15935399215442,4844.622047695167,2768.1008344266947,16038.336372939737,0.30206512290571036,0.0878595332542701,0.9750545800996729,71.6838636661298,15.870612690971344,1.3466113338910783,3038.164116221762,6513.666777605558,0.15573972627717111,120,0.7301668089787732,0.10431759719058604,0.17097320244079134,0.9139229004458972,25.308403743089215,133,405,3.1250952857590635,1265.6635907324207,1.3563444222004466,31,634.9215987165983,0.6321735822939964,0.762205116326215,5.774562059705,0.5073247643076463,0.9754178815785675
03Asc-0051 -Col 60x veh-Zstack Cell3,03ASC-0051,TAV-ATAA,65.0,Female,NoCollagen,NRRD,0.37,0.109031678842497,0.109031678842497,5710.68054421115,6102.20371095769,22380.935637243787,0.25515825775880835,0.12171214867830661,0.7550867455951614,47.14246999263444,35.496563517728795,1.2248665575466808,3621.046602560801,11071.467570195866,0.1029994743525696,316,0.6665682426147059,0.09682609449608182,0.1184382988367259,0.8233929882659439,11.456238278383031,342,1363,2.3189770951075155,3160.7657806315437,1.5918673850703102,77,922.3928081691907,0.7213613642311826,0.8697456035574355,3.3219007803146403,0.7242096348580571,0.9863259843927129
03Asc-0051 -Col 60x veh-Zstack Cell4,03ASC-0051,TAV-ATAA,65.0,Female,NoCollagen,NRRD,0.37,0.207160189800746,0.207160189800746,12535.12015342708,3775.8753391523924,61620.692896842775,0.2034238753921791,0.10150534200067993,0.8368155712573225,91.69810951494945,52.88122745878533,1.4259686745587092,4977.647781372053,11892.185207737957,0.1185510037293245,119,0.7556851081991636,0.11413778115327719,0.12558473558225894,0.9412440335396928,41.811493064175,297,809,3.1040016186075525,2511.13730945351,1.2690941825256077,93,1002.7861118316615,0.6644683407454818,0.7407238366564409,4.555355726889201,0.5507052694903071,0.9402245116722248
03Asc-0051 -Col 60x veh-Zstack Cell5,03ASC-0051,TAV-ATAA,65.0,Female,NoCollagen,NRRD,0.37,0.129475118625466,0.129475118625466,7378.300353884645,5794.169768795171,29534.963266923853,0.24981579584856262,0.1272645107783716,0.8236137581497478,63.39153812863011,38.221389540266735,1.365503746943814,6533.902063965752,14881.850836531568,0.11357312900246284,139,0.7049833705755331,0.11733410762039323,0.1195095693065799,0.9515329096878675,46.99644947545101,384,1316,2.6513105100518017,3489.124631228171,1.3646807837064379,104,2170.7206405699103,0.5678617528974367,0.805346854950235,7.328920195961804,0.579006053375035,0.9902044280964846
03Asc-0054 -Col 60x veh-Zstack Cell1,03ASC-0054,TAV-ATAA,75.0,Female,NoCollagen,NRRD,0.37,0.121858935176909,0.121858935176909,6794.200339531748,7745.982663397013,26089.85094875588,0.26041545246373804,0.14355069610384308,0.8925951186746146,59.61620715606352,27.430870379591088,1.4028130911542123,4976.08628652495,11597.275991274813,0.12154023364904602,120,0.6453953890733543,0.11300343258616755,0.13538158087564184,0.8133519429136596,41.46225765914611,280,889,2.997349177284175,2664.6434186056317,1.5293271729939495,59,482.5139953190844,0.7050129944374899,0.7936794100935256,3.112802648789099,0.7454556287094831,0.9396030599689723
03Asc-0054 -Col 60x veh-Zstack Cell2,03ASC-0054,TAV-ATAA,75.0,Female,NoCollagen,NRRD,0.37,0.138106793200497,0.138106793200497,8713.731193542411,2195.5815263567238,16002.087624867623,0.5445371502653857,0.19624672268095508,0.9673202689501084,77.88423990131855,19.738555159185275,1.3666332759449749,5643.761825561478,10225.853451400095,0.14990991057913078,83,0.6560445826074863,0.1213752319727182,0.1651899522674273,0.8526717555240674,67.98990318574047,250,766,2.9627888562507496,2269.4962638880743,1.3938887422483976,65,820.1866149902278,0.5561679634620589,0.7183892805303465,7.715899706192145,0.5403781248877354,0.9585233692649011
03Asc-0054 -Col 60x veh-Zstack Cell3,03ASC-0054,TAV-ATAA,75.0,Female,NoCollagen,NRRD,0.37,0.14797156414339,0.14797156414339,5342.364797786772,2459.0733170770854,14850.740943636165,0.3597372560778579,0.13904245745693822,0.9450246434995048,72.32395190736597,23.759262815784247,1.0947979572431992,1113.7514941546344,4600.48294211663,0.11294653173656484,92,0.6099260904074624,0.14147996749131228,0.12827537901299857,0.8873483478582117,12.096484202458528,147,556,2.8107433169264193,1562.773284211089,1.4235102826799604,36,477.8590737556909,0.379009685674955,0.7242003857408653,13.213357180079093,0.4965051644445017,0.7650874370816252
03Asc-0054 -Col 60x veh-Zstack Cell4,03ASC-0054,TAV-ATAA,75.0,Female,NoCollagen,NRRD,0.37,0.138106793200497,0.138106793200497,8990.761184692312,4170.358966314647,26142.953173319303,0.3439076345004514,0.13500534092932168,0.9359315892254669,74.89604590748567,26.543998634856916,1.3790952732299713,5886.832618713332,9476.786456105296,0.16637094685293863,79,0.6544840718588487,0.12967945179094423,0.18492332785447432,0.8364223982382304,74.5106153850308,206,591,3.268656700264377,1931.7761098562469,1.4452043612085952,50,834.2657089233331,0.6318970637088444,0.732175694100709,5.771436726731299,0.4904587542486332,0.9652725609955254
03Asc-0054 -Col 60x veh-Zstack Cell5,03ASC-0054,TAV-ATAA,75.0,Female,NoCollagen,NRRD,0.37,0.138106793200497,0.138106793200497,6861.423492431586,3858.513376669603,38795.3702926633,0.1768619152406742,0.11455954678600294,0.8925346550463827,69.88907697055521,32.18856428987313,1.2880754020049503,5942.817306518507,12704.380025282855,0.12488939673715667,89,0.6808299022430324,0.1289864498900822,0.13193937731668837,0.8586131708672898,66.76291990815871,323,989,2.821715145910159,2790.676279305147,1.4476024183314413,77,298.7379074096656,0.6786941350673688,0.5218324831314662,3.630149501377073,0.3843153496670125,0.8256968420231338
03Asc-0055 +Col 60x veh-Zstack Cell1,03ASC-0055,TAV-ATAA,66.0,Female,Collagen,NRRD,0.37,0.207160189800746,0.207160189800746,11514.24822807308,4788.94931897102,29748.135709762508,0.3870578089468116,0.12284328540257765,0.9691026303066316,102.21001811051727,25.219546317860264,1.345290423667463,3462.694931030261,9711.604875218274,0.11397316469241575,124,0.6408731042791346,0.1466757691281544,0.16319870467882924,0.8582970010876171,27.92201388266769,152,417,4.29390307323862,1790.5575815405045,1.3909778408947688,36,579.6034812927226,0.4254547770232642,0.7727100221859186,11.8142753400668,0.5962559970972767,0.7476241192855972
03Asc-0055 +Col 60x veh-Zstack Cell2,03ASC-0055,TAV-ATAA,66.0,Female,Collagen,NRRD,0.37,0.138106793200497,0.138106793200497,4204.991340637173,1260.9499430048677,6565.568447112988,0.6404611229795635,0.2436904163036944,0.966557710007141,63.43560861302614,16.2767291101331,0.9000370493598648,568.0191040039017,2886.2381498228588,0.11491955173904844,66,0.5917471943470137,0.16637814791328814,0.1324386593529145,0.8755359220276215,8.595122713031122,128,448,2.59787105604883,1163.8462331098758,1.459485981254178,35,409.09824371337567,0.4843641106367674,0.7376537261726486,11.132886600493617,0.5304881893108004,0.9741379310344829
03Asc-0055 +Col 60x veh-Zstack Cell3,03ASC-0055,TAV-ATAA,66.0,Female,Collagen,NRRD,0.37,0.152323668971136,0.152323668971136,6986.575117366855,3076.1989661836183,15405.915561534748,0.4534995073457905,0.15420388089023088,0.9357143564947257,68.22474645697758,24.232690572439225,1.0364345978005536,946.642515156083,4089.5328459074976,0.11400776382954914,131,0.6636653869636107,0.16074100154456208,0.16464627352358224,0.9180379688381022,7.2231331202579785,89,312,3.7314171451990785,1164.2021493021125,1.420507613752646,20,491.555638379285,0.3918629337964428,0.7920469340413989,12.540716976892927,0.6067948047881693,0.7708400646203554
03Asc-0055 +Col 60x veh-Zstack Cell4,03ASC-0055,TAV-ATAA,66.0,Female,Collagen,NRRD,0.37,0.132794993462016,0.132794993462016,4977.687399768199,2497.301101333823,10843.43063290524,0.4590509745746901,0.20479481620596013,0.896227538212018,53.62478433477095,24.263399419090852,0.8433884686282965,814.1215030963497,3605.714736170214,0.11693707959865121,170,0.6405266634456885,0.14610287312994608,0.14943890832051174,0.9078474898654968,4.770411998603988,112,562,2.3597763409341592,1326.1943036049975,1.4480755279939304,28,471.0034858545546,0.5263596544523022,0.7555746553117366,8.97764363661515,0.5351273989846363,0.9671874162602497
03Asc-0055 +Col 60x veh-Zstack Cell5,03ASC-0055,TAV-ATAA,66.0,Female,Collagen,NRRD,0.37,0.207160189800746,0.207160189800746,10071.368694305385,2099.7986585484227,26286.192369460987,0.3831429273874672,0.12528344671201813,0.9478291399128441,101.38421042908502,32.462843197428555,1.230724029089417,1660.4968070983828,5603.351406204704,0.12102124829806399,86,0.6413542880871117,0.16144767744967523,0.15426472486789392,0.9629876097317016,19.306809957637277,147,438,3.547280254925972,1553.7087516575757,1.4436077917507888,36,719.7169303894018,0.5410602413829241,0.8108777760501256,8.634106900394517,0.5438286724707684,0.9846628432394855
03Asc-0055 -Col 60x veh-Zstack Cell1,03ASC-0055,TAV-ATAA,66.0,Female,NoCollagen,NRRD,0.37,0.138106793200497,0.138106793200497,4866.370010375937,4796.637965540378,24254.693794250306,0.20063621712385973,0.08047630218089259,0.7388580056630228,51.88283555250575,41.47092265029731,0.9421988622815087,2003.388023376449,6603.084492192609,0.11638954902768087,183,0.647251947320015,0.11393464714010818,0.21735608147744714,0.8356173137014216,10.94331063859441,84,369,3.207240086569702,1183.47159194422,1.5727087738265055,18,822.8683471679622,0.6552057739555135,0.880795659804761,4.563937094824816,0.7549903827620078,0.9865053513261982
03Asc-0055 -Col 60x veh-Zstack Cell2,03ASC-0055,TAV-ATAA,66.0,Female,NoCollagen,NRRD,0.37,0.172633491500621,0.172633491500621,9611.286222934616,6480.862997492206,28421.621372302052,0.33816811845580275,0.21846732871697738,0.8217459018467577,69.07928826190602,41.93627051929579,1.0228583172155912,2004.8373937606589,6381.89217531185,0.12048161068990206,115,0.6568680757432871,0.13311465032248193,0.1417937368878297,0.8991137328679271,17.426848411559863,184,520,3.2934243580921896,1712.5806662079385,1.3741972108431653,52,976.3512015342603,0.5052226640371951,0.8032179872550496,9.784417363818688,0.5864264422324011,0.9801193283078183
03Asc-0055 -Col 60x veh-Zstack Cell3,03ASC-0055,TAV-ATAA,66.0,Female,NoCollagen,NRRD,0.37,0.14797156414339,0.14797156414339,5874.575936064409,3061.221721493262,16135.240878377586,0.36408355972774936,0.14227910590672924,0.9365899220271093,71.91382463139394,25.37183380509847,1.0237106771342557,2126.3817378452777,6463.831478643373,0.12371478035223941,104,0.6542921612895223,0.1418935069017642,0.17034859311805653,0.8526190904510094,20.441148588009796,134,451,3.333853039983143,1503.5677210323975,1.440446970889926,26,381.67155518823614,0.5999250857110496,0.6893391652223614,6.7398289673516425,0.4840401185557272,0.9673326078475659
03Asc-0055 -Col 60x veh-Zstack Cell4,03ASC-0055,TAV-ATAA,66.0,Female,NoCollagen,NRRD,0.37,0.18332760159358,0.18332760159358,11237.425404190866,3450.5047271088697,31191.11389717587,0.3602765018663964,0.11017477022157993,0.9834179399773896,107.73508326755416,19.49411849954609,1.4354581571065284,4375.645675378318,10847.10772700041,0.1192701052635365,88,0.618333609920808,0.15317594920513952,0.1492089964950886,0.8980494705192826,49.71660471253417,226,604,3.559765559339382,2150.0983978409868,1.4043226521000922,76,1090.2927367910625,0.5827886625284212,0.8266146168125955,6.526779536397975,0.6742754745361622,0.9804309660393393
03Asc-0055 -Col 60x veh-Zstack Cell5,03ASC-0055,TAV-ATAA,66.0,Female,NoCollagen,NRRD,0.37,0.155759541203568,0.155759541203568,6247.324633270749,6055.746863186549,18773.543045528568,0.33277280788821156,0.15053078280730894,0.8967929492057434,62.21500573730933,28.06438270924574,1.1174441249643967,1967.1911974679288,5859.91032818993,0.12956594566788235,142,0.6842854638052055,0.11933480931493402,0.17667817085186663,0.9006881249468432,13.850488014612072,94,313,3.470277254284536,1086.1967805910597,1.503543643132575,26,598.2264095463555,0.40040730456066953,0.847817248500805,9.766272589350026,0.7146449141253944,0.7207687565568185
03Asc-0056 +Col 60x veh-Zstack Cell2,03ASC-0056,TAV-ATAA,44.0,Female,Collagen,NRRD,0.37,0.120441970814387,0.120441970814387,4809.831931437557,4143.8913904164765,12039.310436367325,0.3995105830071817,0.1859357571109872,0.9191622867881825,63.92472911728089,25.47424776276531,0.9350294649328996,2354.0579318484306,5980.514398649148,0.1430947439029847,172,0.6659051051101195,0.12596725026942784,0.16480711627112496,0.9145559707892437,13.669719670645744,144,773,2.247287441647476,1737.153192393499,1.4175151538183355,30,786.8543742733247,0.5204383673651947,0.7094188778826517,9.83099780600418,0.4666405983114175,0.9600589390962672
03Asc-0056 +Col 60x veh-Zstack Cell3,03ASC-0056,TAV-ATAA,44.0,Female,Collagen,NRRD,0.37,0.197295418857853,0.197295418857853,10221.086618851574,3671.5923227257285,33609.87189675653,0.30410965713433574,0.1112253124498475,0.9475253460757099,105.08150853964054,33.74519788114999,1.248925613905584,7116.772787911504,14694.750996866049,0.12176167867999044,84,0.6564626192515738,0.134376058836677,0.12885805030913824,0.9232699890065513,84.69313759613722,342,1084,2.8893978078643308,3132.1072237249346,1.322108572298004,90,537.1241666832713,0.5780617977343206,0.5889720548164016,7.5398333157654704,0.37176750447240303,0.9408201540957016
03Asc-0056 +Col 60x veh-Zstack Cell4,03ASC-0056,TAV-ATAA,44.0,Female,Collagen,NRRD,0.37,0.13365173535532,0.13365173535532,3124.005022952002,2735.0008629301165,8249.213578921794,0.3787033749416296,0.17124282220813333,0.8626826717351348,49.81127553268339,26.11369102547759,0.7095608782075948,928.5572937202222,3802.252025684017,0.12105489676098509,173,0.6317705633804521,0.12973271874887846,0.2259867135753042,0.8853179467583362,5.347784729714268,80,393,2.452683835716513,963.9047474365896,1.457409181484714,15,0.0,0.0,,0.0,,
03Asc-0056 +Col 60x veh-Zstack Cell5,03ASC-0056,TAV-ATAA,44.0,Female,Collagen,NRRD,0.37,0.161843898281832,0.161843898281832,9345.741360448174,3610.7761537237693,22907.29223750501,0.40798105963597214,0.20852735808459893,0.9171053793836429,72.42517422176631,29.226784032495665,1.1317589895019413,5211.993644479591,9641.95981651125,0.1507722417823772,124,0.6543634447341135,0.13083460000152275,0.17387146633868023,0.8625377893063095,42.015324710987905,219,727,3.0005491336894674,2181.399220192243,1.3971167274493814,56,722.9043112601986,0.5327297034077612,0.8176155768052824,7.790448546090043,0.6901595941089465,0.9614601062458096
03Asc-0056 +Col 60x veh-Zstack Cell6,03ASC-0056,TAV-ATAA,44.0,Female,Collagen,NRRD,0.37,0.138106793200497,0.138106793200497,6143.707275390576,2585.662420580621,13528.461392720432,0.45413200341440607,0.24979441084431864,0.8155405150286915,54.48726986385565,33.745529431992374,1.1315904947168676,3681.9547653197947,7614.97967580716,0.1514261945612961,73,0.6215389760840349,0.13281203971561525,0.16748526173338016,0.8742101149452894,50.42516891270427,169,645,2.863017906977519,1846.6465500004997,1.4363605119055876,40,554.7798156738237,0.5173981285803748,0.8016176905471492,9.077667648659789,0.6111676530314574,0.9832891379396609
03Asc-0056 -Col 60x veh-Zstack Cell1,03ASC-0056,TAV-ATAA,44.0,Female,NoCollagen,NRRD,0.37,0.143861242917184,0.143861242917184,5443.24061936795,2772.860346470278,12551.244727715119,0.4336813389789477,0.15289277885035638,0.9509334597854745,72.26990351416393,22.442558889952117,0.9307098041138081,5463.356980019072,11987.132569409958,0.12514356860291506,42,0.6894271652913458,0.17026138349243977,0.12675328994607454,0.9354944965157761,130.05349134641807,309,984,2.782184412361207,2737.6694617634275,1.3053387903450608,86,559.2685192823335,0.5558549137967133,0.6953379190686937,8.52545609765005,0.4350674184641623,0.9704616120545324
03Asc-0056 -Col 60x veh-Zstack Cell2,03ASC-0056,TAV-ATAA,44.0,Female,NoCollagen,NRRD,0.37,0.171206768430368,0.171206768430368,10385.07362930061,5807.907656453112,30236.663099243953,0.3434596468272414,0.1268123427360614,0.9407685746537132,90.34372488437214,30.81068790904844,1.2161097480288836,8167.633307809735,15501.422815808743,0.12652510798182837,63,0.6719425642182666,0.13836095159524392,0.13097444447212414,0.8468132363719153,129.6160522057148,340,1071,3.1496234299580625,3373.246693485085,1.2753759340693105,87,889.7959196732729,0.5989851793907977,0.7809718733348457,5.199075732995374,0.6395254913980228,0.9614529894323743
03Asc-0056 -Col 60x veh-Zstack Cell3,03ASC-0056,TAV-ATAA,44.0,Female,NoCollagen,NRRD,0.37,0.171206768430368,0.171206768430368,6356.101911841891,5096.157509633912,22709.45857175483,0.2798878666243224,0.14872501908334954,0.8877109478558044,68.1490792891299,32.12033644591833,1.0369225768464918,2638.4351292754436,6162.453749027524,0.1498401039002033,127,0.681320348745159,0.14093329269387592,0.17780569753229886,0.9007585205582194,20.735370404628895,165,641,2.535112885286793,1625.0073594688342,1.3206511324460026,42,435.9830818934422,0.6003705555699795,0.79448970485105,6.3753344130522605,0.6080672665492762,0.9755624044458465
03Asc-0056 -Col 60x veh-Zstack Cell4,03ASC-0056,TAV-ATAA,44.0,Female,NoCollagen,NRRD,0.37,0.191814990556246,0.191814990556246,8323.30481505683,5544.841452583508,25403.415224679542,0.3276451115506193,0.12019933975439742,0.9346495417210106,83.00919475517536,29.739054856801555,0.9924281014816654,2899.274413968292,6142.399869110044,0.16008068017023694,45,0.65868274387253,0.15427652372156384,0.1657800744681077,0.90656313464225,64.35601799576332,194,547,2.9161509801835077,1595.1345861603786,1.2095293024216478,57,1151.1088153462279,0.4875578902664435,0.86168040236555,9.738401487337972,0.6817380426310303,0.9876769611736672
03Asc-0056 -Col 60x veh-Zstack Cell5,03ASC-0056,TAV-ATAA,44.0,Female,NoCollagen,NRRD,0.37,0.191814990556246,0.191814990556246,9783.737453413538,5422.069509103572,41915.410953293846,0.23341623595950217,0.08997935449299567,0.9435635493430157,97.09743115612383,32.32559061909675,1.303344174288541,10049.648123022887,15385.46623956886,0.14637740152815315,76,0.6944792676390129,0.11437954925224926,0.15130956034206683,0.8426637955131313,132.19620826726066,303,851,3.260597128348866,2774.768156224885,1.290582259920737,78,722.5587780092924,0.6674054057334353,0.7479467292772644,4.5523153324178365,0.510834457904973,0.9668929924415731
03Asc-0057 +Col 60x veh-Zstack Cell1,03ASC-0057,TAV-ATAA,73.0,Female,Collagen,NRRD,0.37,0.207160189800746,0.207160189800746,9067.248773574798,6278.818262055491,31341.976475715543,0.2893004779261545,0.17411092694837466,0.808098085669489,77.26807303769922,49.06570074163058,0.8304282039785325,1782.4450492858825,6071.465531631498,0.11709401310651096,235,0.6887028667670391,0.1545175600585894,0.16794599697785773,0.9593670235516089,7.584872550152693,142,481,3.574809970164042,1719.4835956489042,1.324037998737418,48,,,,,,
03Asc-0057 +Col 60x veh-Zstack Cell2,03ASC-0057,TAV-ATAA,73.0,Female,Collagen,NRRD,0.37,0.14797156414339,0.14797156414339,7636.6473460683765,2778.710237005875,16036.190877155326,0.4762132980686401,0.21089208369129445,0.9274616290152682,76.58882885395064,28.90569142667874,1.0394447339431891,1342.4287523542087,5432.049137545622,0.10833811249367963,208,0.615352048497344,0.1439173746169005,0.13453044140102455,0.873589180068931,6.426486480554173,195,742,2.5644568694001353,1902.8269970949004,1.4123564742689152,53,245.51189675622976,0.5603016798992511,0.5092124144236158,8.801617108983145,0.3139465476254306,0.9282629338070879
03Asc-0057 +Col 60x veh-Zstack Cell3,03ASC-0057,TAV-ATAA,73.0,Female,Collagen,NRRD,0.37,0.207160189800746,0.207160189800746,14022.380590438794,4814.980304236591,33305.86717128743,0.4210183304438118,0.12478010402404335,0.9713305619292789,125.7338010445174,29.918346698446864,1.0800415887680022,2740.8661365508938,9037.701212596861,0.10479760603523891,153,0.6939694215762569,0.15945223673881576,0.11727356265320958,0.9524637671738112,17.9141577552346,310,834,3.0451050265412576,2539.617592135409,1.28332653495869,119,554.5310497283916,0.4359246484256104,0.8345348802473977,9.896514012203843,0.6107736204184242,0.8043994011286422
03Asc-0057 +Col 60x veh-Zstack Cell4,03ASC-0057,TAV-ATAA,73.0,Female,Collagen,NRRD,0.37,0.138106793200497,0.138106793200497,7133.753395080509,2933.4334851621034,20614.90573883041,0.3460483150133115,0.17029769991320423,0.9200267226447253,67.77250561834782,26.85381210983102,1.151390793185159,1263.9286041259666,4155.1722729517005,0.136053625306407,182,0.6529817602769237,0.16022192956026493,0.19813525151168496,0.8923432965912312,6.944662660032784,126,445,2.9643765518067173,1319.1475655539891,1.4574848309277186,35,,,,,,
03Asc-0057 +Col 60x veh-Zstack Cell5,03ASC-0057,TAV-ATAA,73.0,Female,Collagen,NRRD,0.37,0.14797156414339,0.14797156414339,7163.130604490918,2674.6007921786268,16591.169554359996,0.4317435597907272,0.12543452972052774,0.9869299531915557,100.62531464758672,16.17785576609309,1.169587104134228,835.6721060616602,4205.740217708195,0.10201537219930365,116,0.6520708190270192,0.1724110626183696,0.15946892733466506,0.9099117209384175,7.2040698798418985,135,486,2.948674173209942,1433.0556481800318,1.443569541918242,33,666.7505235088092,0.5097083186262241,0.7436686830430227,8.827577564200126,0.5556665255600797,0.9214999104263705
03Asc-0057 -Col 60x veh-Zstack Cell1,03ASC-0057,TAV-ATAA,73.0,Female,NoCollagen,NRRD,0.37,0.191814990556246,0.191814990556246,16079.50234118793,3701.4657778450055,48220.81186398526,0.3334556536821241,0.14377672947477,0.9237807681934963,97.19624198090544,37.605737178903645,1.3420786799485773,3288.930948869661,11229.923489714674,0.09523805062066601,157,0.6868919456715998,0.16146382444917645,0.107990718598999,0.9291843233926363,20.94860476987045,393,1137,2.831419213844577,3219.323646141284,1.296821905414353,102,1642.0490947770381,0.5313627537551535,0.8085848936324311,8.247166223213219,0.6358585344772357,0.9778995670714901
03Asc-0057 -Col 60x veh-Zstack Cell2,03ASC-0057,TAV-ATAA,73.0,Female,NoCollagen,NRRD,0.37,0.207160189800746,0.207160189800746,18426.77636146539,7350.9911925969855,54784.55708026869,0.3363498281909449,0.15284666245192557,0.8696340930158284,93.91395923069362,47.88671453383649,1.2267892866333443,2720.7954883575344,7277.0351763282015,0.12951704168457998,194,0.7203646370049277,0.15580886673739938,0.16685814594604764,0.9593708775462494,14.024719012152241,150,448,3.6909246629950374,1653.5342490217768,1.3176781933428519,50,259.3146800994864,0.5843687947756313,0.577546476606016,5.245777790502135,0.347714561522431,0.9297100170578202
03Asc-0057 -Col 60x veh-Zstack Cell3,03ASC-0057,TAV-ATAA,73.0,Female,NoCollagen,NRRD,0.37,0.207160189800746,0.207160189800746,17375.576162338195,7087.165209365438,54834.3367338179,0.3168740099234606,0.11979780423624493,0.8801989285604697,101.39962139088773,49.446531514505104,1.2686315196399052,7194.279384613012,19110.287333075,0.09430653183092991,227,0.7133995579784995,0.13854727311444462,0.1049131009441022,0.8970084873859295,31.691741523238424,514,1327,3.197803419937458,4243.485138257007,1.3014197049676908,165,1248.6197948455767,0.5644280044694987,0.8426004936293228,6.984304959010736,0.6813253645257364,0.9757292997977443
03Asc-0057 -Col 60x veh-Zstack Cell4,03ASC-0057,TAV-ATAA,73.0,Female,NoCollagen,NRRD,0.37,0.207160189800746,0.207160189800746,16518.36576461786,8533.760167703571,57677.08046436292,0.2863939303381367,0.15570495795924524,0.8791658261521857,104.2522211501111,51.07356774889349,1.1131029152334762,2733.149099349966,9672.113927481072,0.09773983550416031,285,0.6780899772156311,0.15014797879061675,0.13890861083540473,0.9358183517679826,9.58843682941634,216,696,3.3907036437419653,2359.929736044408,1.320054581167536,50,261.95054054260163,0.5860648829419426,0.5491951693859262,6.707543447834827,0.341041467259897,0.8739206441701541
03Asc-0057 -Col 60x veh-Zstack Cell5,03ASC-0057,TAV-ATAA,73.0,Female,NoCollagen,NRRD,0.37,0.207160189800746,0.207160189800746,9028.790616989105,3085.1050828646316,40576.427721977096,0.2225131960569045,0.110792535151496,0.7666941827145216,82.658650935819,59.94591345818837,1.058009167841014,1367.9480552673292,4816.542840737184,0.12372622656870684,114,0.6746740038451515,0.14903285263755744,0.14840733568109749,0.9170445911994434,11.999544344450257,131,383,3.52982890980725,1351.9244724561768,1.2932246271235617,38,221.1582183837883,0.48290437297671607,0.2904109549136213,8.632715757529912,0.2920485386248906,0.7674522257507382
03Asc-024 +coll 60x veh 48h-Zstack cell1,03ASC-024,TAV-ATAA,62.0,Male,Collagen,NRRD,0.37,0.160589294419182,0.160589294419182,5415.000162490754,3665.9318078604592,12925.419266726161,0.4189419353251124,0.15234115364337536,0.9664198403456653,76.06784902960487,19.56274534901134,0.9954791924700684,640.6527715737558,3092.9826938917968,0.11619526765820613,206,0.6637113498564414,0.13912766576712207,0.25374830920120284,0.9055961618526022,3.102044206366925,68,309,2.868636671423052,886.408731469723,1.4094649089380324,13,495.8353408805148,0.5117539827325224,0.6738790095137094,8.590640334074983,0.6162639600485966,0.9465381883094409
03Asc-024 +coll 60x veh 48h-Zstack cell2,03ASC-024,TAV-ATAA,62.0,Male,Collagen,NRRD,0.37,0.207160189800746,0.207160189800746,8666.121625900238,2760.36093556164,28996.259164810097,0.2988703327778728,0.08718335051374294,0.9718309026916861,121.07534304168334,28.561199225892626,0.984049612408638,1939.0723228454522,5699.6189032414495,0.13193731590713886,115,0.644398131030169,0.14391325895356943,0.19605944551710502,0.904844139099474,16.856527743132162,85,299,3.8400367233983443,1148.170980296105,1.3375526192506464,22,551.9745826721172,0.5688017552564085,0.772353812233316,7.370761840443307,0.5746508943223884,0.9661478599221791
03Asc-024 +coll 60x veh 48h-Zstack cell3,03ASC-024,TAV-ATAA,62.0,Male,Collagen,NRRD,0.37,0.172633491500621,0.172633491500621,13064.082562923286,8689.487895526452,47653.335084517246,0.27414833693702706,0.15833108816765615,0.7689781242139867,76.41382294755729,54.99805502751053,1.100512420088827,5242.113769054355,12978.644641527626,0.11244127056853793,202,0.6571511864634029,0.14757704944268427,0.1507528939637663,0.915063982825114,25.94892931456584,239,703,3.9251194681536354,2759.358986112006,1.3763897258990376,71,1397.4228501319728,0.5052100697177805,0.7909868439216594,7.779034335762259,0.8767740973064643,0.9720196046848754
03Asc-024 +coll 60x veh 48h-Zstack cell4,03ASC-024,TAV-ATAA,62.0,Male,Collagen,NRRD,0.37,0.14797156414339,0.14797156414339,6812.714119346751,5318.601650514882,30639.956277243837,0.22234738384422972,0.10291734207648669,0.8583807027288138,73.31082970671274,39.07837405246863,1.0985777280896534,2606.1527339779514,7154.279374770986,0.12801223255418298,145,0.6219478974755457,0.1409805923785964,0.20585108657794238,0.8704811774282969,17.970226584480756,147,479,3.241352541332721,1552.6078672983733,1.485680062228598,32,1142.8434994755921,0.5109491289158885,0.7973374408162255,4.7952933186750695,0.6740105494284718,0.9719415035825046
03Asc-024 +coll 60x veh 48h-Zstack cell5,03ASC-024,TAV-ATAA,62.0,Male,Collagen,NRRD,0.37,0.184964455179237,0.184964455179237,14117.642933008496,6767.453235422123,32725.377255404175,0.4313974082812796,0.19746633734363797,0.9063582046789377,94.80830583547998,40.715989381333934,1.0833306106315026,1835.44041854993,8505.090091610109,0.08523776760764055,445,0.6382942656402646,0.13861098499805777,0.1725512317204085,0.9064071410583492,4.110845885154295,167,809,3.0126103341432184,2437.2017603218637,1.502348431457086,35,1400.1818715917695,0.4610246487022703,0.7828448122512385,10.296407607972942,0.7485057652469542,0.9696515450361605
03Asc24- DMSO low-cell-1,03ASC-024,TAV-ATAA,62.0,Male,NoCollagen,NRRD,0.37,0.131114044177687,0.131114044177687,3571.6910676263647,5292.130408168293,27739.115621660952,0.12876009157398294,0.05757328320615961,0.9706276964312536,61.59070992155507,14.767432345229908,1.4484674095657137,8314.355083276632,11526.795199965502,0.1721847137299297,198,0.6527557769769193,0.10639519029143378,0.18462037157333136,0.8255802275574096,41.971582468369206,178,707,2.9271899120059675,2069.523267788219,1.457424093844511,30,823.5044384629126,0.665602330657109,0.7437157229551974,4.6013612340554975,0.5694669316434406,0.9696164042957927
03Asc24- DMSO low-cell-2,03ASC-024,TAV-ATAA,62.0,Male,NoCollagen,NRRD,0.37,0.207160189800746,0.207160189800746,6960.688161849951,4379.274539431556,51416.40644073471,0.1353787369382419,0.05995674145593149,0.9769022626581524,113.36033381260218,24.21298199850115,1.2881148492197372,7980.670881271334,11618.013379639415,0.1662309370164174,65,0.6695079735399531,0.13597855918299787,0.1722900814378593,0.8811289281893664,122.71286157461272,211,511,3.5310230052803484,1804.352755698258,1.2764963401554856,64,504.62436676025214,0.569227487365363,0.6802260166954347,8.42516520392467,0.4002561911972409,0.9765540976554098
03Asc24- DMSO low-cell-3,03ASC-024,TAV-ATAA,62.0,Male,NoCollagen,NRRD,0.37,0.207160189800746,0.207160189800746,4798.075819015487,4273.2628215966815,57332.80162811261,0.08368814505417077,0.04584057720372949,0.7986910606490736,66.5464719483127,43.5165550752418,1.4564902512652973,7617.414379119847,11938.709669215023,0.15681891850944438,44,0.6491297200704406,0.13040523884029023,0.1610556616255947,0.8626195388064986,173.08732704682723,265,657,3.363950079848738,2210.115202460621,1.3270953790674365,78,973.1723785400357,0.5504691927295887,0.43394354488769965,5.888117178341455,0.7368958066134542,0.9197016761956212
03Asc24- DMSO low-cell-4,03ASC-024,TAV-ATAA,62.0,Male,NoCollagen,NRRD,0.37,0.115088994333747,0.115088994333747,3388.779295815305,3734.079465498051,9250.188845175127,0.3663470392372457,0.15882412390409056,0.9429951691177331,42.382848508219354,14.09209793787489,1.5889492736087925,4948.540793524765,6338.160215431012,0.22156730806708064,20,0.5419264232257396,0.1437024177623631,0.23399807743783974,0.7448141135767807,247.42164876725525,97,305,3.391988891071987,1034.556611776956,1.4052587172385156,12,907.3879983689897,0.6382205355043811,0.8422536450249222,5.020286308866388,0.6869020398684813,0.9884683145587528
03Asc24- DMSO low-cell-5,03ASC-024,TAV-ATAA,62.0,Male,NoCollagen,NRRD,0.37,0.138106793200497,0.138106793200497,3467.373847961398,1748.6112025298971,7950.833670298201,0.43610192235745165,0.09415732998500613,0.9879310910728847,75.24288325939608,11.53390263339663,1.676159131195686,2769.707107543923,4076.8630959694337,0.2339450679051424,34,0.6387131849719351,0.12707636160344518,0.2609012248870995,0.7907201638205843,81.447651806999,54,234,3.110297885726332,727.8097052599617,1.4814315179347548,10,481.71672821044535,0.5652514707605895,0.631240641486799,5.128145267732377,0.5069824219736445,0.9149717779237668
03Asc24-DMSO high cell-1,03ASC-024,TAV-ATAA,62.0,Male,NoCollagen,NRRD,0.37,0.161843898281832,0.161843898281832,4679.596633650299,4691.036585820439,25226.911078788948,0.18550018347608768,0.07463065821232145,0.9638303694987229,92.29124836829044,24.627960459732723,1.203121934810794,1663.084054598562,5838.3815975764455,0.11627002890519372,78,0.6487172524495426,0.14648353167253841,0.13620068593952186,0.8527634006746809,21.320844937760384,177,497,3.034941846591765,1508.3660977561071,1.4349212141870946,50,829.434109618876,0.5667859456240069,0.7683760717390011,7.150262508294264,0.6096035806447464,0.9770376121857088
03Asc24-DMSO high cell-2,03ASC-024,TAV-ATAA,62.0,Male,NoCollagen,NRRD,0.37,0.184964455179237,0.184964455179237,7057.555628066098,4959.0026983081025,34040.98635121238,0.20732523891202528,0.08317832690929425,0.9712160487901956,94.94360801023491,22.610669848178752,1.3295632994623896,1572.7156507117268,4271.701346845063,0.15310288764072058,116,0.7235536487455574,0.13194970594291833,0.22120968201608304,0.9046902845786433,13.553092084473628,74,245,3.166192935349694,775.717269160675,1.338736218993937,14,715.6797361617122,0.6279988199034723,0.8137573198370641,5.696023678562839,0.5810637647139664,0.9864949748743719
03Asc24-DMSO high cell-3,03ASC-024,TAV-ATAA,62.0,Male,NoCollagen,NRRD,0.37,0.151211817372807,0.151211817372807,5223.804826302993,2547.3363451023765,18844.025372201155,0.27721278883487327,0.11115305450517053,0.9699209182019495,84.02914129828854,20.439266951132364,1.4024382390558767,1589.9235301993474,4847.505323385827,0.13589912306752536,58,0.6192119853016589,0.14470501403851127,0.15642966829187602,0.9132373498623539,27.408973946165066,125,433,2.9370076358024186,1271.7243063024473,1.4360456413693203,31,831.9871961305062,0.5547620300484166,0.4450208265899463,6.41945171791307,0.557717532364724,0.8999715906487413
03Asc24-DMSO high cell-4,03ASC-024,TAV-ATAA,62.0,Male,NoCollagen,NRRD,0.37,0.207160189800746,0.207160189800746,11025.724840164146,5873.89383834471,41281.00433349598,0.26708954925347395,0.11268498647857407,0.9350359674093178,91.90275823745567,32.82301939961751,1.2158087450760393,1570.0359821319526,5217.221060943248,0.12521353871537608,272,0.7179974486908679,0.12920024866239013,0.23838022568983938,0.9097080655108816,5.76997276614692,74,296,3.3380667122555154,988.0677468276326,1.3631397192535735,23,782.0566177368137,0.5712570259069343,0.8022847759114927,6.56355632422356,0.6889616720854904,0.9649546471904819
03Asc24-DMSO high cell-5,03ASC-024,TAV-ATAA,62.0,Male,NoCollagen,NRRD,0.37,0.177059991282688,0.177059991282688,6821.381896832117,4544.165068342865,28613.960850063384,0.23839348675200994,0.10520360432692402,0.9595042288897885,85.56481417278702,24.145197198972287,1.2374835640603796,2563.741158529896,7423.200983708982,0.12203255072275304,99,0.6712260631103428,0.14584418002733995,0.15964267238737886,0.8814863043747838,25.895086495464728,213,610,2.908350135346418,1774.093582561315,1.381897624682428,57,1447.419913327651,0.5443375433264439,0.7862446023158697,7.630448244405555,0.6576947503761538,0.974958394211912
03Asc46 +coll 60x veh 48h-Zstack cell1,03Asc-0046,TAV-ATAA,75.0,Female,Collagen,NRRD,0.37,0.14903610777032,0.14903610777032,11360.005694179346,11860.582458242336,35330.031119384075,0.3215396458551829,0.19587638361742551,0.8357415625641026,77.09969347096184,44.631926996509534,1.1344079289199698,4859.478501674756,11447.357561176592,0.1212007534324689,164,0.6163709199827532,0.14558492116916413,0.1763984983392394,0.9083990793184862,29.626055507351776,183,635,3.57229431359252,2268.40688913125,1.506382499902716,32,1025.7735705746948,0.5807845084606812,0.7338570699595619,6.64193038362007,0.6190432385483762,0.9715195292432709
03Asc46 +coll 60x veh 48h-Zstack cell2,03Asc-0046,TAV-ATAA,75.0,Female,Collagen,NRRD,0.37,0.207160189800746,0.207160189800746,14652.240085601756,9070.894734254276,74571.84498310066,0.19648488097514846,0.13121117394187792,0.9529284628487042,142.79240545003313,43.46288366147892,1.1457305580925259,4201.736211776719,11180.08488512752,0.11263107068413736,217,0.6449789273921512,0.1388299145422071,0.13385636320285446,0.8922849036359303,19.336277658488825,286,841,3.1777148329577494,2672.4581745174673,1.3323075462201892,76,920.4710483550994,0.5108740493590214,0.8070267405002135,9.31107712583512,0.6023460007576414,0.979239163485253
03Asc46 +coll 60x veh 48h-Zstack cell3,03Asc-0046,TAV-ATAA,75.0,Female,Collagen,NRRD,0.37,0.207160189800746,0.207160189800746,32606.387615203745,12512.846395703777,77093.08519363381,0.42294827782941435,0.2822399416791811,0.8549075694285366,114.6637056583057,61.953247407019795,1.197204476865048,4337.6735687255705,15236.58413422354,0.08441787604642227,615,0.6709133613343365,0.13634607074733524,0.11358775281582005,0.9169399102976725,7.011920649830863,353,1201,3.067836655689609,3684.4718234832203,1.344680260958459,95,1227.2312164306597,0.4773334077765242,0.8432119333719927,10.458385197733296,0.6286990540450826,0.9859420844495471
03Asc46 +coll 60x veh 48h-Zstack cell4,03Asc-0046,TAV-ATAA,75.0,Female,Collagen,NRRD,0.37,0.207160189800746,0.207160189800746,31613.74797821034,4846.411537943011,58253.95545959456,0.5426884359833369,0.331871632349448,0.8867745862240347,105.77058344710304,50.07905977866932,1.3311759412797965,3666.9899940490595,11564.645759189043,0.0994393492387985,540,0.701318382189347,0.12232614391461749,0.13621790723919044,0.9381664768177469,6.746320724487281,261,895,2.864726951687325,2563.930621760156,1.3390854624408683,71,842.5861358642549,0.5188191538391455,0.7748813482834802,9.681453872754533,0.5077546817807175,0.9804696882910514
03Asc46 +coll 60x veh 48h-Zstack cell5,03Asc-0046,TAV-ATAA,75.0,Female,Collagen,NRRD,0.37,0.207160189800746,0.207160189800746,6949.239635467505,5842.463936243424,49828.308463096466,0.13946368740600953,0.08082367958773912,0.9487950510803462,107.84590158974662,34.21695398844511,1.1937243309365113,4874.182319641096,9170.058102987832,0.15160489258709622,49,0.6347301742210262,0.1735391079894784,0.1760890752509605,0.9059312126916753,99.45658177745553,149,392,4.077858486902673,1598.5205268658476,1.3161463440925427,36,686.4193439483619,0.5966343373039846,0.8761902685392958,5.462911715004406,0.8639635100138602,0.9744381579243965
03Asc46 -coll 60x veh 48h-Zstack cell1,03Asc-0046,TAV-ATAA,75.0,Female,NoCollagen,NRRD,0.37,0.127092140982052,0.127092140982052,6124.117021848805,9139.098745108415,32288.77356981204,0.18966706829566504,0.11514306389558086,0.8797288193927923,69.66128452459826,34.02192108131944,1.2740973085306202,2915.248427914525,7443.614878720224,0.13258180960604327,124,0.6686477669469642,0.13226072450138457,0.1557829375280841,0.8562792474373022,23.50394698435948,178,774,2.6644205641325294,2062.2615166385776,1.5182706504449146,25,955.5773577291012,0.6294329629767811,0.8130191658529514,5.345159949415512,0.6415269502751416,0.9751950182667618
03Asc46 -coll 60x veh 48h-Zstack cell2,03Asc-0046,TAV-ATAA,75.0,Female,NoCollagen,NRRD,0.37,0.207160189800746,0.207160189800746,22868.185329437176,7068.546452636685,88391.49191379525,0.25871477937876214,0.1395227761523706,0.9293885325679462,131.0356080022162,48.79913294667432,1.5884966268606493,7782.5049877166475,17297.83646597343,0.10979231506497836,180,0.6360549684281954,0.15188616449624748,0.12854588699137426,0.8693826602745197,43.21928977966294,372,951,3.9230712849330964,3730.8407919713745,1.3453012682844139,122,1097.804117202755,0.6150061882985374,0.7791627423854752,6.047499360717895,0.5902803187541934,0.97289728832163
03Asc46 -coll 60x veh 48h-Zstack cell3,03Asc-0046,TAV-ATAA,75.0,Female,NoCollagen,NRRD,0.37,0.207160189800746,0.207160189800746,18195.424032211242,9477.694190534019,55130.87897300706,0.33004052123166777,0.15340639898063124,0.93560585411039,118.59461870274532,42.17584065049043,1.4242511283358736,8309.200716018648,19049.49658695532,0.1041454069065685,76,0.6780877978906763,0.14600942521105087,0.11096944625346093,0.8693676270388482,109.32532046970532,394,912,4.528779805567133,4130.247182677225,1.3375970274535764,124,1345.3050613403273,0.557138036806754,0.816195368050205,7.365425402654444,0.6591710773060024,0.9777613645543617
03Asc46 -coll 60x veh 48h-Zstack cell4,03Asc-0046,TAV-ATAA,75.0,Female,NoCollagen,NRRD,0.37,0.207160189800746,0.207160189800746,21193.19128990166,10261.228651175863,65142.00661182389,0.3253383245651339,0.17780310367290603,0.7937847034520454,94.32145723148224,62.69902550830832,1.2555416571671398,7387.364101409887,16268.169916203917,0.11275567982445732,151,0.6372990452459,0.15927138425297582,0.1363307517962825,0.9528067239103826,48.91137382052576,359,1048,3.626139637684785,3800.194340293655,1.3438656423104953,98,2021.3873863220144,0.5480739274203144,0.8240134357745882,7.342221455803735,0.7192166349901173,0.9835206860586395
03Asc46 -coll 60x veh 48h-Zstack cell5,03Asc-0046,TAV-ATAA,75.0,Female,NoCollagen,NRRD,0.37,0.207160189800746,0.207160189800746,20018.216800689628,11680.649961605977,83668.90861988049,0.2392551442452199,0.12189218900619084,0.8918983650037974,127.40800676341583,58.899258964017285,1.4040643217871696,8101.936340332003,16290.849337726439,0.11974745209787988,134,0.6820772497206583,0.13206658625648102,0.12994252509492782,0.8697737400146593,60.44491084653919,295,829,3.6962232679796068,3064.169089155094,1.367106293359639,83,1680.5039405822695,0.5675802751703718,0.8122667345885027,7.03927182692624,0.6560888613630265,0.9789473684210526
03Asc47 +coll 60x veh 48h-Zstack cell1,03Asc-0047,TAV-ATAA,68.0,Male,Collagen,NRRD,0.37,0.207160189800746,0.207160189800746,16811.883115768374,9188.070051870563,50472.98276424396,0.33308677623225863,0.13213482714174607,0.9412032310091002,117.87397171294782,40.069323035252076,1.1473064753670066,7366.40424728391,16449.534009998377,0.1113014674383939,184,0.6457001967429151,0.13208534510668776,0.18606603332075852,0.8594866636377897,40.03359753152585,191,558,4.471956935406875,2495.351969957036,1.3731845742160593,46,1319.3910598754837,0.5189347942072016,0.8361133726436583,8.797431322568137,0.6425912123428577,0.9845138510391243
03Asc47 +coll 60x veh 48h-Zstack cell2,03Asc-0047,TAV-ATAA,68.0,Male,Collagen,NRRD,0.37,0.207160189800746,0.207160189800746,30725.70118904103,6611.686878399284,84050.06833076457,0.365564261865027,0.1893269162091742,0.9074376145534374,106.17190208435088,45.31463298790378,1.5553359938971867,7137.576627731299,20375.271055882335,0.08798620483355646,330,0.6331423446938979,0.13737102323052272,0.1521393808033172,0.8821183015354132,21.62613305178548,288,941,3.863311407255581,3635.376034227502,1.394115546042181,67,1038.1320476531946,0.6052715025377268,0.7863549003381246,6.16576096287479,0.5582369768180944,0.9541407595527922
03Asc47 +coll 60x veh 48h-Zstack cell3,03Asc-0047,TAV-ATAA,68.0,Male,Collagen,NRRD,0.37,0.207160189800746,0.207160189800746,11991.021394729572,7906.565419471308,50425.61931610096,0.23779621464958042,0.10526297448592709,0.9468936793097495,115.4042266469793,37.2855795540448,1.270653192309987,4602.037668228133,10109.914786047932,0.13234374161785017,138,0.6637266461032695,0.14045440214578894,0.18881169773319567,0.8651704608197909,33.33958439204992,115,384,4.378521933365086,1681.352422412193,1.3620840069804625,22,1192.393398284908,0.5572729389459441,0.7048603630908908,7.226017810537593,0.6340552527704674,0.931976419484952
03Asc47 +coll 60x veh 48h-Zstack cell4,03Asc-0047,TAV-ATAA,68.0,Male,Collagen,NRRD,0.37,0.168422918537191,0.168422918537191,16860.12425782897,6741.333361184417,41389.84000330562,0.40734934603473777,0.23737975565302474,0.7941516792628582,76.7481383793861,50.948033995776015,1.2268221235110077,5459.06807821744,13427.425636131558,0.11166156458696468,234,0.6339514361628429,0.14632422436682604,0.15694137926551022,0.8898605017482643,23.321456692722837,215,735,3.830695879546438,2815.5614714666317,1.4280303235118432,40,1298.7685444665444,0.5422579366319463,0.7550385994554826,7.9982830877858655,0.5322196053279467,0.9775761916129545
03Asc47 +coll 60x veh 48h-Zstack cell5,03Asc-0047,TAV-ATAA,68.0,Male,Collagen,NRRD,0.37,0.207160189800746,0.207160189800746,12769.695854186966,6489.839746593618,38459.17282104483,0.3320325144174552,0.12760411377622516,0.8746164684701815,93.88449158279485,46.8917918466316,1.2185246809551622,5390.509271621685,10836.48347844914,0.1371983693098334,154,0.6457184659288603,0.1518921140878174,0.17284730004105966,0.9013340646614638,34.99557383648749,161,452,4.361286845556974,1971.3016541917523,1.3341154698379354,42,1181.4371109008748,0.5114321361699576,0.80528255555093,7.919238252546836,0.7151796891861114,0.9689258144707577
03Asc47 -coll 60x veh 48h-Zstack cell1,03Asc-0047,TAV-ATAA,68.0,Male,NoCollagen,NRRD,0.37,0.180139295478909,0.180139295478909,16340.089520344278,4155.209441000246,38816.022151809666,0.4209624947254539,0.19145431167157634,0.9212372095823137,97.93179801335187,38.5141625668458,1.5150305504023962,8969.273522129944,13870.063340947643,0.15051410213944919,99,0.6698571336177952,0.11945106645150001,0.16758083313470398,0.8449374498911688,90.59180957710844,194,561,3.8151234846740136,2140.2842749021215,1.3988324782391024,44,1044.9550462805605,0.5471171362350551,0.7693297480899389,6.816448843063759,0.5488718456900897,0.897838757930572
03Asc47 -coll 60x veh 48h-Zstack cell2,03Asc-0047,TAV-ATAA,68.0,Male,NoCollagen,NRRD,0.37,0.175559482881988,0.175559482881988,7076.525749813616,3749.8417229679367,19133.266447878643,0.36985455510646537,0.13702568541548896,0.9429709160120918,90.31876199034602,30.236822725372623,0.9411361731498589,1026.6972149764233,4509.322900946583,0.10914429635127107,200,0.6371266138614011,0.13026814504984643,0.17005582216838377,0.8946102431463914,5.1193453395068484,110,426,2.9969251872823626,1276.6901297822865,1.3911513972692948,27,381.77704749453744,0.4973390356131675,0.8382814774221848,9.28267948448721,0.7026581975836965,0.9792849201240565
03Asc47 -coll 60x veh 48h-Zstack cell3,03Asc-0047,TAV-ATAA,68.0,Male,NoCollagen,NRRD,0.37,0.175559482881988,0.175559482881988,9970.472859637643,3826.4991889677904,39130.984178667284,0.25479739569323595,0.12481213440441465,0.8563716048876556,73.73692284919248,39.598083681148005,1.3215628300448856,4627.338978998326,9949.955405537203,0.134963769767812,69,0.6375772744456382,0.1414320494328573,0.14949839679988336,0.8627789970839991,67.05528120769824,189,589,3.429335024073769,2019.8783291794498,1.3838650346076933,49,1067.80798193436,0.5149690127537295,0.7379433571807433,8.98201826432052,0.5205252415410935,0.9610660367669713
03Asc47 -coll 60x veh 48h-Zstack cell4,03Asc-0047,TAV-ATAA,68.0,Male,NoCollagen,NRRD,0.37,0.17408419310987,0.17408419310987,10939.972522391485,2770.9476914776924,23131.739713572842,0.47294205528226296,0.16640571274191962,0.9754912145277475,104.81903203180815,23.048615853001284,1.368299162764336,4996.743143955889,10079.704197272968,0.14022572281295595,58,0.6496401636885232,0.14025032081735309,0.1538283549980992,0.863378189489336,86.14513737964464,201,533,3.6332881478886287,1936.542582824639,1.3755260417411037,56,861.1555835569434,0.5047021521226008,0.6194519334389272,8.102261564244873,0.5207371340835041,0.9394753048404977
03Asc47 -coll 60x veh 48h-Zstack cell5,03Asc-0047,TAV-ATAA,68.0,Male,NoCollagen,NRRD,0.37,0.207160189800746,0.207160189800746,13494.84329223628,5738.654637740234,41321.563768386724,0.3265811373421589,0.15895559795009911,0.9325132921141082,115.70028853847501,42.13425536834319,1.059177212158307,5071.125555038435,13221.111149231201,0.10796568478844928,223,0.6568385027970823,0.1387291605026355,0.16248037834827356,0.9090549402257394,22.733780086842277,236,743,3.3169624983505486,2464.5031362744576,1.325981756848652,55,665.6500339508034,0.4276204037484771,0.620633783710841,8.388903975892008,0.6610832687825638,0.8730295877939813
03Rt-0045 +coll 60x veh 48h-Zstack cell1,03RT-0045,TAV-ATAA,75.0,Male,Collagen,NRRD,0.37,0.158137549466218,0.158137549466218,6671.228148179866,4833.978218892557,40253.29375668509,0.16573123651705987,0.09019577917610118,0.8695859532415723,66.6829769437125,33.96860258815098,1.62235301642189,13325.440453646574,26976.6783018969,0.10075888821200917,299,0.6213045127181965,0.11155949246506869,0.10755621867538005,0.8451935583943111,44.52104554833702,622,2490,2.487578697444416,6194.070956636596,1.4145645353639433,157,903.4403928835893,0.63902826090695,0.836365744185306,5.132654507269603,0.6548934184410768,0.9882591093117409
03Rt-0045 +coll 60x veh 48h-Zstack cell2,03RT-0045,TAV-ATAA,75.0,Male,Collagen,NRRD,0.37,0.207160189800746,0.207160189800746,23753.945589065468,12920.786358769037,109501.47099494906,0.21692809578933564,0.11442794175420302,0.7462316278541254,86.16477036839105,66.97077714784102,1.8686183153628901,29317.135477065938,44143.46022160708,0.10415947312532237,157,0.684976384353222,0.11371327361481112,0.10738091864249008,0.9284703745395233,186.67853015243563,785,2082,3.3729178353069673,7022.414933109106,1.2794031941502393,205,1872.254848480218,0.645613104595665,0.8396510023200682,4.848627712524218,0.6898696070531513,0.9843716084219665
03Rt-0045 +coll 60x veh 48h-Zstack cell3,03RT-0045,TAV-ATAA,75.0,Male,Collagen,NRRD,0.37,0.14092529918418,0.14092529918418,9874.907497165932,6189.68477370264,24828.528887891185,0.3977242285176993,0.20080491832771596,0.7208716089636281,46.39833591874711,40.059242506429236,1.5017660619199609,13823.009937418014,18837.120854217996,0.14786702908402077,236,0.6122013354763053,0.09755745842377513,0.15755611534602545,0.8600886490587228,58.538760115219276,349,1462,2.780398777428994,4064.9430126011894,1.4462136014900262,69,1206.6295771537048,0.6329812413225889,0.7960312122517699,5.285086230469611,0.6249526839395682,0.9855416914240444
03Rt-0045 +coll 60x veh 48h-Zstack cell4,03RT-0045,TAV-ATAA,75.0,Male,Collagen,NRRD,0.37,0.190055220000684,0.190055220000684,16728.836803180897,6994.570843863996,83185.94186135965,0.20110172979782703,0.10278057505989249,0.7669349587785448,73.52999779417573,53.2031018033011,2.019635366673016,13623.426723295504,23480.821495278033,0.11747940661915476,73,0.5704287798811607,0.14159217894968623,0.12517226974278822,0.7978226814492316,186.56260013542246,459,1575,2.936471473534478,4624.942570816803,1.3311617406927538,96,1795.6631039742201,0.6744176341428396,0.8412108312739652,4.381257455167691,0.6472627271182203,0.9870410367170626
03Rt-0045 +coll 60x veh 48h-Zstack cell5,03RT-0045,TAV-ATAA,75.0,Male,Collagen,NRRD,0.37,0.13903368443003,0.13903368443003,3837.209946131582,3750.888980776672,26402.85173421852,0.14533316267342805,0.08091873964016007,0.8292332674534837,51.90451271623481,30.66454368508036,1.6698721357062993,5761.65471923841,8052.811488743027,0.19300478559738862,137,0.6300365370172222,0.11199782056972857,0.20995784688057653,0.8290741066450181,42.031650234346536,125,498,3.201831678077373,1594.5121756825317,1.5049323135548744,22,515.7476802929114,0.6983346938572385,0.8308455091680619,3.897808971731238,0.6495648569845316,0.983631155367617
03Rt-0045 -coll 60x veh 48h-Zstack cell1,03RT-0045,TAV-ATAA,75.0,Male,NoCollagen,NRRD,0.37,0.165728151840596,0.165728151840596,9956.97235107409,5637.257751747255,34183.95199584917,0.29127622085015586,0.15906249898535335,0.7519028084327375,55.342765656882236,42.12822534837976,1.475770004529537,22804.12820434541,43456.40740616342,0.08948961107470321,168,0.5483810910988659,0.13110160673948373,0.09343869357227523,0.7839893791786539,135.65253884451556,914,3242,2.667019719474029,8646.477930534802,1.3734119854434725,245,899.5207214355352,0.6056455125640434,0.855668527200217,5.692869862369143,0.7299654342341076,0.9857672647088302
03Rt-0045 -coll 60x veh 48h-Zstack cell2,03RT-0045,TAV-ATAA,75.0,Male,NoCollagen,NRRD,0.37,0.165728151840596,0.165728151840596,15905.861663818154,6196.8159282229935,49607.27801513611,0.32063564662759725,0.20360444950211593,0.9560056241735777,93.44901541769988,27.473376044480684,1.4570046746164387,22664.538116454783,29785.764689851894,0.130028919056479,260,0.6290760552337142,0.1106987716799087,0.13843931264475862,0.8896477258737765,87.1373347355758,460,1583,3.4246861151981003,5421.278120358593,1.3976001686365773,91,1372.9237976074041,0.5457632154935815,0.7435939881446113,8.380053311437207,0.5136246952860375,0.9869165023011177
03Rt-0045 -coll 60x veh 48h-Zstack cell3,03RT-0045,TAV-ATAA,75.0,Male,NoCollagen,NRRD,0.37,0.207160189800746,0.207160189800746,19027.292060851985,4915.199563625563,96248.69019985171,0.19768884149325597,0.12784088605644878,0.9076528557457667,100.03423259136828,42.61561157496152,2.0244805278015767,45715.56959152206,65511.95214508505,0.0943784861952004,36,0.5383148765765303,0.1354109002484795,0.09492761882149292,0.792310893381118,1269.7618126869156,686,1922,4.025729562022303,7737.452218206866,1.2952265374619742,129,887.4116420745819,0.6745236636586784,0.8232868362031396,3.501993478420464,0.833519479621199,0.9319936629700659
03Rt-0045 -coll 60x veh 48h-Zstack cell4,03RT-0045,TAV-ATAA,75.0,Male,NoCollagen,NRRD,0.37,0.207160189800746,0.207160189800746,16326.662492752019,8949.626133449634,101781.6550254819,0.1604086953455856,0.07674376772652633,0.8167155303782289,74.32425098144907,45.84707188635454,1.648643289802845,32082.629442214853,41122.37498910837,0.118736954530025,72,0.7169222889590178,0.09990579677936233,0.12016570743277606,0.8380971152460677,445.55678963661035,485,1341,3.894763835923681,5222.878303973656,1.2626579388498893,102,1370.7109451293898,0.6696414246238009,0.7635551425683943,4.200713513459328,0.5536160644484526,0.9433801431615758
03Rt-0045 -coll 60x veh 48h-Zstack cell5,03RT-0045,TAV-ATAA,75.0,Male,NoCollagen,NRRD,0.37,0.172633491500621,0.172633491500621,8023.7603187560135,5694.168312785668,40907.42419163341,0.19614435465719382,0.10253990800865798,0.719389455484573,65.32136719622096,57.01539953139216,1.2690622958518074,12015.075385570392,22222.461569150448,0.11415886108390509,225,0.6608824686252333,0.1182141184979929,0.12176595157973867,0.8839545035258624,53.34294637044212,435,1389,3.093517185707382,4296.895370947554,1.3517590190282343,124,657.3882699012682,0.5853595317460849,0.6917659154641757,5.990377402653533,0.6897931569733892,0.9330025978903878
