Filename,Actin_Volume,Actin_Skeleton_Length_Pixels,Actin_Convex_Hull_Volume,Actin_Solidity,Actin_Extent,Actin_Fractional_Anisotropy,Actin_Major_Axis,Actin_Minor_Axis,Structure,Dataset_Source,Mito_Volume,Mito_Surface_Area,Mito_Sphericity,Mito_Fragment_Count,Mito_Junction_Count,Mito_Branch_Count,Mito_Mean_Branch_Length,Mito_Total_Network_Length,Mito_Mean_Tortuosity,Mito_Cyclomatic_Number,Nucleus_Volume,Nucleus_Sphericity,Nucleus_Elongation,Nucleus_Flatness,Nucleus_Solidity
01ASC-0180 +coll 60x DMSO48h-Zstack cell1.nii.gz,1002397.0,184677.0,2404783.9999999995,0.4168345265104892,0.1842305594273985,0.0,0.0,0.0,Actin,Training,,,,,,,,,,,,,,,
01ASC-0180 +coll 60x DMSO48h-Zstack cell10.nii.gz,421764.0,41629.0,1805288.166666666,0.2336269675875385,0.0795145016062621,0.0,0.0,0.0,Actin,Training,,,,,,,,,,,,,,,
01ASC-0180 +coll 60x DMSO48h-Zstack cell2.nii.gz,867477.0,23112.0,1976161.999999999,0.4389705904677857,0.1274356462304418,0.0,0.0,0.0,Actin,Training,,,,,,,,,,,,,,,
01ASC-0180 +coll 60x DMSO48h-Zstack cell3.nii.gz,453563.0,45211.0,1525187.1666666665,0.2973818623135106,0.0948989335971303,0.0,0.0,0.0,Actin,Training,,,,,,,,,,,,,,,
01ASC-0180 +coll 60x DMSO48h-Zstack cell4.nii.gz,208562.0,26667.0,1452374.0000000012,0.143600752974096,0.0472801051867972,0.0,0.0,0.0,Actin,Training,,,,,,,,,,,,,,,
01ASC-0180 +coll 60x DMSO48h-Zstack cell5.nii.gz,485756.0,64455.0,1380027.1666666667,0.3519901721741468,0.113562105255283,0.0,0.0,0.0,Actin,Training,,,,,,,,,,,,,,,
01ASC-0180 +coll 60x DMSO48h-Zstack cell6.nii.gz,380425.0,48171.0,1569877.3333333333,0.2423278506685872,0.0461476968911791,0.0,0.0,0.0,Actin,Training,,,,,,,,,,,,,,,
01ASC-0180 +coll 60x DMSO48h-Zstack cell7.nii.gz,597659.0,86040.0,1948487.333333332,0.3067297332529065,0.0899760930504244,0.0,0.0,0.0,Actin,Training,,,,,,,,,,,,,,,
01ASC-0180 +coll 60x DMSO48h-Zstack cell8.nii.gz,708055.0,94705.0,3801483.833333332,0.1862575328589894,0.0989450316403867,0.0,0.0,0.0,Actin,Training,,,,,,,,,,,,,,,
01ASC-0180 +coll 60x DMSO48h-Zstack cell9.nii.gz,968242.0,144562.0,2906981.8333333344,0.3330746648972865,0.1321189974565262,0.0,0.0,0.0,Actin,Training,,,,,,,,,,,,,,,
01ASC-0180 -coll 60x DMSO48H-Zstack cell1.nii.gz,324402.0,95361.0,6049523.999999998,0.0536243843317259,0.0336894730392411,0.0,0.0,0.0,Actin,Training,,,,,,,,,,,,,,,
01ASC-0180 -coll 60x DMSO48H-Zstack cell2.nii.gz,982206.0,94135.0,2150902.6666666656,0.456648278521204,0.1643740569719478,0.0,0.0,0.0,Actin,Training,,,,,,,,,,,,,,,
01ASC-0180 -coll 60x DMSO48H-Zstack cell3.nii.gz,1691525.0,178274.0,3495723.500000001,0.48388409437989,0.2025236601369166,0.0,0.0,0.0,Actin,Training,,,,,,,,,,,,,,,
01ASC-0180 -coll 60x DMSO48H-Zstack cell4.nii.gz,1243201.0,83392.0,2286193.500000001,0.5437864292764368,0.208474361967009,0.0,0.0,0.0,Actin,Training,,,,,,,,,,,,,,,
01ASC-0180 -coll 60x DMSO48H-Zstack cell5.nii.gz,1131803.0,134224.0,2419193.833333333,0.4678430411012264,0.1629215537245282,0.0,0.0,0.0,Actin,Training,,,,,,,,,,,,,,,
01ASC-0180 -coll 60x DMSO48h-Zstack cell10.nii.gz,564308.0,44370.0,1090647.8333333342,0.5174062449427989,0.1378873889195138,0.0,0.0,0.0,Actin,Training,,,,,,,,,,,,,,,
01ASC-0180 -coll 60x DMSO48h-Zstack cell6.nii.gz,1543562.0,273614.0,6797451.333333333,0.2270795220600819,0.1312683989487384,0.0,0.0,0.0,Actin,Training,,,,,,,,,,,,,,,
01ASC-0180 -coll 60x DMSO48h-Zstack cell7.nii.gz,1553604.0,150122.0,4349590.999999997,0.3571839283279741,0.117411500251509,0.0,0.0,0.0,Actin,Training,,,,,,,,,,,,,,,
01ASC-0180 -coll 60x DMSO48h-Zstack cell8.nii.gz,1276455.0,185921.0,3396442.4999999995,0.3758211717112832,0.1323025497512437,0.0,0.0,0.0,Actin,Training,,,,,,,,,,,,,,,
01ASC-0180 -coll 60x DMSO48h-Zstack cell9.nii.gz,854513.0,60885.0,2610272.5,0.3273654378996828,0.0972411030580695,0.0,0.0,0.0,Actin,Training,,,,,,,,,,,,,,,
01Asc-230 +Col 60x veh-Zstack Cell1.nii.gz,394853.0,78894.0,2111124.333333333,0.1870344601525916,0.0531703479631811,0.0,0.0,0.0,Actin,Training,,,,,,,,,,,,,,,
01Asc-230 +Col 60x veh-Zstack Cell2.nii.gz,581705.0,100846.0,3402294.0000000005,0.1709743484836995,0.0493357499190042,0.0,0.0,0.0,Actin,Training,,,,,,,,,,,,,,,
01Asc-230 +Col 60x veh-Zstack Cell3.nii.gz,776778.0,209076.0,4944500.833333332,0.1570993769003646,0.0899356828190772,0.0,0.0,0.0,Actin,Training,,,,,,,,,,,,,,,
01Asc-230 +Col 60x veh-Zstack Cell4.nii.gz,1556247.0,223069.0,3469790.16666667,0.4485132890600825,0.2278519431690404,0.0,0.0,0.0,Actin,Training,,,,,,,,,,,,,,,
01Asc-230 +Col 60x veh-Zstack Cell5.nii.gz,655779.0,88493.0,3314760.0,0.1978360424284111,0.0841713515594917,0.0,0.0,0.0,Actin,Training,,,,,,,,,,,,,,,
01Asc-230 -Col 60x veh-Zstack Cell1.nii.gz,866514.0,112778.0,4348272.666666668,0.1992777515178823,0.0893810249986384,0.0,0.0,0.0,Actin,Training,,,,,,,,,,,,,,,
01Asc-230 -Col 60x veh-Zstack Cell2.nii.gz,1724115.0,140569.0,5236099.833333329,0.3292746614616053,0.140764995289096,0.0,0.0,0.0,Actin,Training,,,,,,,,,,,,,,,
01Asc-230 -Col 60x veh-Zstack Cell3.nii.gz,856532.0,50390.0,3455874.0000000014,0.247848156501076,0.069410751076495,0.0,0.0,0.0,Actin,Training,,,,,,,,,,,,,,,
01Asc-230 -Col 60x veh-Zstack Cell4.nii.gz,491673.0,74251.0,2605621.6666666684,0.1886970032103661,0.0596301201400056,0.0,0.0,0.0,Actin,Training,,,,,,,,,,,,,,,
01Asc-230 -Col 60x veh-Zstack Cell5.nii.gz,311691.0,56694.0,1738019.6666666665,0.1793368659618159,0.0538927342819558,0.0,0.0,0.0,Actin,Training,,,,,,,,,,,,,,,
01C-0083 +coll 60x vehicleZstack cell1.nii.gz,1942193.0,147277.0,5877498.833333331,0.3304454930701391,0.1916466355641863,0.0,0.0,0.0,Actin,Training,,,,,,,,,,,,,,,
01C-0083 +coll 60x vehicleZstack cell2.nii.gz,1679976.0,114122.0,4373314.499999999,0.3841425079307697,0.1850078100841269,0.0,0.0,0.0,Actin,Training,,,,,,,,,,,,,,,
01C-0083 +coll 60x vehicleZstack cell3.nii.gz,1799299.0,82107.0,5221778.833333336,0.3445758729791727,0.1016959891301153,0.0,0.0,0.0,Actin,Training,,,,,,,,,,,,,,,
01C-0083 +coll 60x vehicleZstack cell4.nii.gz,2420377.0,125701.0,5826225.999999999,0.4154279288170421,0.2424972808466605,0.0,0.0,0.0,Actin,Training,,,,,,,,,,,,,,,
01C-0083 +coll 60x vehicleZstack cell5.nii.gz,1224012.0,79982.0,4665703.333333332,0.2623424406895424,0.1227781288555866,0.0,0.0,0.0,Actin,Training,,,,,,,,,,,,,,,
01C-0083 -coll 60x vehicleZstack cell1.nii.gz,1459199.0,57263.0,4124865.833333333,0.3537567181478024,0.1903716894977169,0.0,0.0,0.0,Actin,Training,,,,,,,,,,,,,,,
01C-0083 -coll 60x vehicleZstack cell2.nii.gz,947263.0,59276.0,2345386.1666666665,0.4038835964255211,0.1936921334162141,0.0,0.0,0.0,Actin,Training,,,,,,,,,,,,,,,
03Asc46 +coll 60x veh 48h-Zstack cell2.nii.gz,619274.0,159901.0,6233744.333333333,0.0993422198418681,0.0684887905033147,0.0,0.0,0.0,Actin,Training,,,,,,,,,,,,,,,
03Asc46 +coll 60x veh 48h-Zstack cell3.nii.gz,1686068.0,389637.0,6465621.666666664,0.2607743055385497,0.1798919240959248,0.0,0.0,0.0,Actin,Training,,,,,,,,,,,,,,,
03Asc46 +coll 60x veh 48h-Zstack cell4.nii.gz,1847575.0,418073.0,4992157.833333332,0.3700954700717763,0.2395333988052987,0.0,0.0,0.0,Actin,Training,,,,,,,,,,,,,,,
03Asc46 +coll 60x veh 48h-Zstack cell5.nii.gz,236638.0,83473.0,4011190.1666666665,0.0589944605385409,0.0349615056740533,0.0,0.0,0.0,Actin,Training,,,,,,,,,,,,,,,
03Asc46 -coll 60x veh 48h-Zstack cell1.nii.gz,718329.0,157227.0,6474670.000000001,0.1109444960129241,0.0672628973247995,0.0,0.0,0.0,Actin,Training,,,,,,,,,,,,,,,
03Rt-0045 -coll 60x veh 48h-Zstack cell1.nii.gz,713979.0,157093.0,4357483.333333335,0.1638512291116048,0.0948353084629055,0.0,0.0,0.0,Actin,Training,,,,,,,,,,,,,,,
03Rt-0045 -coll 60x veh 48h-Zstack cell2.nii.gz,964896.0,369445.0,5977917.666666668,0.1614100517610563,0.1026962753314626,0.0,0.0,0.0,Actin,Training,,,,,,,,,,,,,,,
03Rt-0045 -coll 60x veh 48h-Zstack cell3.nii.gz,910296.0,228209.0,7128531.5,0.1276975489271528,0.0832420863888943,0.0,0.0,0.0,Actin,Training,,,,,,,,,,,,,,,
03Rt-0045 -coll 60x veh 48h-Zstack cell4.nii.gz,677168.0,190486.0,7028678.833333336,0.0963435684084109,0.0442246603970741,0.0,0.0,0.0,Actin,Training,,,,,,,,,,,,,,,
03Rt-0045 -coll 60x veh 48h-Zstack cell5.nii.gz,571022.0,127983.0,4739712.666666666,0.1204760794923011,0.0643089141559752,0.0,0.0,0.0,Actin,Training,,,,,,,,,,,,,,,
01C-0083 -coll 60x vehicleZstack cell3_segmentation_visible.nii.gz,864400.0,53023.0,2361522.833333333,0.3660349956387605,0.1613893976650441,0.0,0.0,0.0,Actin,Inference,,,,,,,,,,,,,,,
01C-0083 -coll 60x vehicleZstack cell4_segmentation_visible.nii.gz,1161338.0,83924.0,3101331.333333333,0.3744643429477706,0.2078046682141014,0.0,0.0,0.0,Actin,Inference,,,,,,,,,,,,,,,
01C-0083 -coll 60x vehicleZstack cell5_segmentation_visible.nii.gz,1863578.0,75585.0,5141040.000000002,0.3624904688545507,0.1673305735494613,0.0,0.0,0.0,Actin,Inference,,,,,,,,,,,,,,,
01C-0096 +coll 60x vehicleZstack cell1_segmentation_visible.nii.gz,1664780.0,67735.0,4570749.166666668,0.3642247560073575,0.134102288055143,0.0,0.0,0.0,Actin,Inference,,,,,,,,,,,,,,,
01C-0096 +coll 60x vehicleZstack cell2_segmentation_visible.nii.gz,1521279.0,56989.0,4815701.333333334,0.3158997817140376,0.130264401081176,0.0,0.0,0.0,Actin,Inference,,,,,,,,,,,,,,,
01C-0096 +coll 60x vehicleZstack cell3_segmentation_visible.nii.gz,608201.0,36403.0,3655508.666666666,0.166379307357681,0.0633408109110147,0.0,0.0,0.0,Actin,Inference,,,,,,,,,,,,,,,
01C-0096 +coll 60x vehicleZstack cell4_segmentation_visible.nii.gz,771351.0,56966.0,1656023.499999999,0.4657850567941822,0.2464175499798739,0.0,0.0,0.0,Actin,Inference,,,,,,,,,,,,,,,
01C-0096 +coll 60x vehicleZstack cell5_segmentation_visible.nii.gz,1607656.0,63024.0,3738282.3333333335,0.4300520551015988,0.2178746979526509,0.0,0.0,0.0,Actin,Inference,,,,,,,,,,,,,,,
01C-0096 -coll 60x vehicleZstack cell1_segmentation_visible.nii.gz,1269456.0,37953.0,2807448.1666666674,0.4521743322183032,0.2168305264236668,0.0,0.0,0.0,Actin,Inference,,,,,,,,,,,,,,,
01C-0096 -coll 60x vehicleZstack cell2_segmentation_visible.nii.gz,1360147.0,34413.0,3522955.166666664,0.3860812686091996,0.1983202631075526,0.0,0.0,0.0,Actin,Inference,,,,,,,,,,,,,,,
01C-0096 -coll 60x vehicleZstack cell3_segmentation_visible.nii.gz,1443206.0,33710.0,3038063.666666667,0.4750413942389401,0.191698704870232,0.0,0.0,0.0,Actin,Inference,,,,,,,,,,,,,,,
01C-0096 -coll 60x vehicleZstack cell4_segmentation_visible.nii.gz,1434218.0,62508.0,4925511.833333332,0.2911815154506278,0.1189702491840495,0.0,0.0,0.0,Actin,Inference,,,,,,,,,,,,,,,
01C-0096 -coll 60x vehicleZstack cell5_segmentation_visible.nii.gz,1636927.0,36548.0,4894033.500000001,0.3344740079936109,0.1858049789328393,0.0,0.0,0.0,Actin,Inference,,,,,,,,,,,,,,,
01C-0097 +coll 60x VehicleZstack cell1_segmentation_visible.nii.gz,1224019.0,45780.0,3021738.333333333,0.4050711428245221,0.1563739538182758,0.0,0.0,0.0,Actin,Inference,,,,,,,,,,,,,,,
01C-0097 +coll 60x VehicleZstack cell2_segmentation_visible.nii.gz,687212.0,52698.0,3624111.666666669,0.1896221924729139,0.0530558296313796,0.0,0.0,0.0,Actin,Inference,,,,,,,,,,,,,,,
01C-0097 +coll 60x VehicleZstack cell3_segmentation_visible.nii.gz,912039.0,30054.0,2137653.333333333,0.4266543062797835,0.0849403319683856,0.0,0.0,0.0,Actin,Inference,,,,,,,,,,,,,,,
01C-0097 +coll 60x VehicleZstack cell4_segmentation_visible.nii.gz,836099.0,44378.0,2288844.166666667,0.3652931082755378,0.1135839255934057,0.0,0.0,0.0,Actin,Inference,,,,,,,,,,,,,,,
01C-0097 +coll 60x VehicleZstack cell5_segmentation_visible.nii.gz,1016602.0,34401.0,2644280.000000003,0.3844532349070442,0.1304138444170771,0.0,0.0,0.0,Actin,Inference,,,,,,,,,,,,,,,
01C-0097 -coll 60x VehicleZstack cell1_segmentation_visible.nii.gz,215427.0,43480.0,1467511.3333333333,0.1467975034377928,0.0398155481113549,0.0,0.0,0.0,Actin,Inference,,,,,,,,,,,,,,,
01C-0097 -coll 60x VehicleZstack cell2_segmentation_visible.nii.gz,868991.0,41322.0,2678800.333333333,0.3243955845408908,0.0986055510167029,0.0,0.0,0.0,Actin,Inference,,,,,,,,,,,,,,,
01C-0097 -coll 60x VehicleZstack cell3_segmentation_visible.nii.gz,843927.0,39609.0,2472333.833333332,0.3413483198028208,0.1277555346849948,0.0,0.0,0.0,Actin,Inference,,,,,,,,,,,,,,,
01C-0097 -coll 60x VehicleZstack cell4_segmentation_visible.nii.gz,905866.0,24892.0,2650090.166666665,0.3418245957794771,0.1408013872076229,0.0,0.0,0.0,Actin,Inference,,,,,,,,,,,,,,,
01C-0097 -coll 60x VehicleZstack cell5_segmentation_visible.nii.gz,1073842.0,48933.0,3409191.000000002,0.3149844053911909,0.1213839443966172,0.0,0.0,0.0,Actin,Inference,,,,,,,,,,,,,,,
01C-0113 +coll veh60x Zstack cell1_segmentation_visible.nii.gz,627289.0,260838.0,5585823.000000001,0.112300192827449,0.0377973285322111,0.0,0.0,0.0,Actin,Inference,,,,,,,,,,,,,,,
01C-0113 +coll veh60x Zstack cell2_segmentation_visible.nii.gz,367043.0,80129.0,3673480.666666669,0.099916954329055,0.0515815553600589,0.0,0.0,0.0,Actin,Inference,,,,,,,,,,,,,,,
01C-0113 +coll veh60x Zstack cell3_segmentation_visible.nii.gz,247259.0,50393.0,1383874.6666666667,0.1786715270939757,0.0850315525216225,0.0,0.0,0.0,Actin,Inference,,,,,,,,,,,,,,,
01C-0113 +coll veh60x Zstack cell4_segmentation_visible.nii.gz,344563.0,64972.0,1028998.5000000003,0.3348527718942251,0.1565647477928179,0.0,0.0,0.0,Actin,Inference,,,,,,,,,,,,,,,
01C-0113 +coll veh60x Zstack cell5_segmentation_visible.nii.gz,685130.0,198067.0,8653646.166666666,0.0791724074227902,0.046670777457101,0.0,0.0,0.0,Actin,Inference,,,,,,,,,,,,,,,
01C-0113 no coll veh60x Zstack cell1_segmentation_visible.nii.gz,560295.0,75947.0,1972797.9999999995,0.2840103244224701,0.0753210212454763,0.0,0.0,0.0,Actin,Inference,,,,,,,,,,,,,,,
01C-0113 no coll veh60x Zstack cell2_segmentation_visible.nii.gz,536666.0,61597.0,2899059.6666666656,0.185117266184817,0.0881577589985091,0.0,0.0,0.0,Actin,Inference,,,,,,,,,,,,,,,
01C-0113 no coll veh60x Zstack cell3_segmentation_visible.nii.gz,250069.0,12713.0,638281.3333333331,0.3917849182492152,0.1393483639443652,0.0,0.0,0.0,Actin,Inference,,,,,,,,,,,,,,,
01C-0113 no coll veh60x Zstack cell4_segmentation_visible.nii.gz,238841.0,29646.0,556015.3333333331,0.4295582975529453,0.1598237957390314,0.0,0.0,0.0,Actin,Inference,,,,,,,,,,,,,,,
01C-0113 no coll veh60x Zstack cell5_segmentation_visible.nii.gz,795696.0,109434.0,3822906.833333333,0.2081389985918656,0.0877329297840846,0.0,0.0,0.0,Actin,Inference,,,,,,,,,,,,,,,
01C-0117 +coll 60x VehicleZstack cell1_segmentation_visible.nii.gz,1152002.0,38867.0,2580091.500000001,0.446496568048071,0.1386183909705677,0.0,0.0,0.0,Actin,Inference,,,,,,,,,,,,,,,
01C-0117 +coll 60x VehicleZstack cell2_segmentation_visible.nii.gz,781230.0,37312.0,1813045.1666666665,0.4308938433322722,0.1487773757379547,0.0,0.0,0.0,Actin,Inference,,,,,,,,,,,,,,,
01C-0117 +coll 60x VehicleZstack cell3_segmentation_visible.nii.gz,562521.0,20783.0,1791673.833333332,0.313963953446512,0.154759821723341,0.0,0.0,0.0,Actin,Inference,,,,,,,,,,,,,,,
01C-0117 +coll 60x VehicleZstack cell4_segmentation_visible.nii.gz,826513.0,65232.0,2784089.6666666684,0.296870107991014,0.1019477700124086,0.0,0.0,0.0,Actin,Inference,,,,,,,,,,,,,,,
01C-0117 +coll 60x VehicleZstack cell5_segmentation_visible.nii.gz,767279.0,24390.0,2998863.4999999995,0.2558565936729031,0.1325524393736954,0.0,0.0,0.0,Actin,Inference,,,,,,,,,,,,,,,
01C-0117 -coll 60x VehicleZstack cell1_segmentation_visible.nii.gz,647617.0,38729.0,2865243.1666666693,0.2260251442300503,0.091716942546707,0.0,0.0,0.0,Actin,Inference,,,,,,,,,,,,,,,
01C-0117 -coll 60x VehicleZstack cell2_segmentation_visible.nii.gz,979742.0,76535.0,3091703.833333334,0.3168938723809411,0.1162608726608204,0.0,0.0,0.0,Actin,Inference,,,,,,,,,,,,,,,
01C-0117 -coll 60x VehicleZstack cell3_segmentation_visible.nii.gz,633628.0,30722.0,1829905.0000000007,0.3462627841336023,0.1440299321707188,0.0,0.0,0.0,Actin,Inference,,,,,,,,,,,,,,,
01C-0117 -coll 60x VehicleZstack cell4_segmentation_visible.nii.gz,580538.0,42423.0,1677267.1666666656,0.3461213642867273,0.0627606613167741,0.0,0.0,0.0,Actin,Inference,,,,,,,,,,,,,,,
01C-0117 -coll 60x VehicleZstack cell5_segmentation_visible.nii.gz,746753.0,51521.0,2316086.5000000005,0.3224201686767743,0.0981136760783592,0.0,0.0,0.0,Actin,Inference,,,,,,,,,,,,,,,
01C-202 +coll 60x veh 48h-Zstack cell1_segmentation_visible.nii.gz,702239.0,176331.0,5044341.833333334,0.1392132062422018,0.0535073482798137,0.0,0.0,0.0,Actin,Inference,,,,,,,,,,,,,,,
01C-202 +coll 60x veh 48h-Zstack cell2_segmentation_visible.nii.gz,489888.0,146826.0,5174927.5,0.0946656740601679,0.0475552932405566,0.0,0.0,0.0,Actin,Inference,,,,,,,,,,,,,,,
01C-202 +coll 60x veh 48h-Zstack cell3_segmentation_visible.nii.gz,675978.0,163772.0,3403433.1666666684,0.1986165048341627,0.1101742374260374,0.0,0.0,0.0,Actin,Inference,,,,,,,,,,,,,,,
01C-202 +coll 60x veh 48h-Zstack cell4_segmentation_visible.nii.gz,611762.0,138181.0,3096384.1666666684,0.1975730294017671,0.0945770205924185,0.0,0.0,0.0,Actin,Inference,,,,,,,,,,,,,,,
01C-202 +coll 60x veh 48h-Zstack cell5_segmentation_visible.nii.gz,607300.0,103708.0,3963671.5,0.1532165316929014,0.0725726174300952,0.0,0.0,0.0,Actin,Inference,,,,,,,,,,,,,,,
01C-202 -coll 60x Veh24h-Zstack cell1_segmentation_visible.nii.gz,206831.0,102429.0,3955456.166666667,0.0522900498159988,0.0273814157300395,0.0,0.0,0.0,Actin,Inference,,,,,,,,,,,,,,,
01C-202 -coll 60x Veh24h-Zstack cell2_segmentation_visible.nii.gz,767146.0,198348.0,2431774.833333333,0.3154675299227608,0.1103651571433092,0.0,0.0,0.0,Actin,Inference,,,,,,,,,,,,,,,
01C-202 -coll 60x Veh24h-Zstack cell3_segmentation_visible.nii.gz,1085558.0,294617.0,2692235.4999999986,0.4032180691473686,0.1834599147561152,0.0,0.0,0.0,Actin,Inference,,,,,,,,,,,,,,,
01C-202 -coll 60x Veh24h-Zstack cell4_segmentation_visible.nii.gz,193908.0,58413.0,2243161.6666666674,0.0864440592407888,0.0426583949313622,0.0,0.0,0.0,Actin,Inference,,,,,,,,,,,,,,,
01C-202 -coll 60x Veh24h-Zstack cell5_segmentation_visible.nii.gz,894796.0,224475.0,3104299.6666666665,0.2882440795288342,0.106983873436125,0.0,0.0,0.0,Actin,Inference,,,,,,,,,,,,,,,
01C-222 +Col 60x veh-Zstack Cell1_segmentation_visible.nii.gz,592756.0,142439.0,5128927.16666667,0.1155711478713075,0.0492165085153453,0.0,0.0,0.0,Actin,Inference,,,,,,,,,,,,,,,
01C-222 +Col 60x veh-Zstack Cell2_segmentation_visible.nii.gz,950270.0,140898.0,2828525.6666666674,0.335959475708016,0.1393408849297994,0.0,0.0,0.0,Actin,Inference,,,,,,,,,,,,,,,
01C-222 +Col 60x veh-Zstack Cell3_segmentation_visible.nii.gz,909810.0,111762.0,3305900.9999999995,0.2752078782758467,0.1323038237100737,0.0,0.0,0.0,Actin,Inference,,,,,,,,,,,,,,,
01C-222 +Col 60x veh-Zstack Cell4_segmentation_visible.nii.gz,443344.0,71746.0,2749064.1666666674,0.1612708809694935,0.0549718552939164,0.0,0.0,0.0,Actin,Inference,,,,,,,,,,,,,,,
01C-222 +Col 60x veh-Zstack Cell5_segmentation_visible.nii.gz,524961.0,74713.0,3087399.1666666665,0.1700334072988618,0.1035412760980381,0.0,0.0,0.0,Actin,Inference,,,,,,,,,,,,,,,
01C-222 -Col 60x veh-Zstack Cell1_segmentation_visible.nii.gz,159632.0,48733.0,1302904.9999999995,0.122520060940744,0.0660466039984112,0.0,0.0,0.0,Actin,Inference,,,,,,,,,,,,,,,
01C-222 -Col 60x veh-Zstack Cell2_segmentation_visible.nii.gz,999662.0,225777.0,5084219.166666665,0.1966205561227609,0.1022332007806712,0.0,0.0,0.0,Actin,Inference,,,,,,,,,,,,,,,
01C-222 -Col 60x veh-Zstack Cell3_segmentation_visible.nii.gz,791408.0,253527.0,5798912.166666665,0.1364752521255926,0.0845521367521367,0.0,0.0,0.0,Actin,Inference,,,,,,,,,,,,,,,
01C-222 -Col 60x veh-Zstack Cell4_segmentation_visible.nii.gz,775337.0,289043.0,4992502.166666667,0.1553002831279024,0.079457973472572,0.0,0.0,0.0,Actin,Inference,,,,,,,,,,,,,,,
01C-222 -Col 60x veh-Zstack Cell5_segmentation_visible.nii.gz,522080.0,155904.0,3966779.5,0.1316130629393441,0.0555818162461407,0.0,0.0,0.0,Actin,Inference,,,,,,,,,,,,,,,
03Asc-0043 +coll 60x veh 48h-Zstack cell1_segmentation_visible.nii.gz,535334.0,108978.0,2982755.000000001,0.1794763565897969,0.047945436131564,0.0,0.0,0.0,Actin,Inference,,,,,,,,,,,,,,,
03Asc-0043 +coll 60x veh 48h-Zstack cell2_segmentation_visible.nii.gz,980317.0,105118.0,3369400.8333333344,0.2909469809295964,0.1543787822381968,0.0,0.0,0.0,Actin,Inference,,,,,,,,,,,,,,,
03Asc-0043 +coll 60x veh 48h-Zstack cell3_segmentation_visible.nii.gz,547267.0,109784.0,2097376.666666667,0.2609292878564174,0.0867186217483705,0.0,0.0,0.0,Actin,Inference,,,,,,,,,,,,,,,
03Asc-0043 +coll 60x veh 48h-Zstack cell4_segmentation_visible.nii.gz,519598.0,145032.0,3003692.8333333344,0.172986396689364,0.0927779349080644,0.0,0.0,0.0,Actin,Inference,,,,,,,,,,,,,,,
03Asc-0043 +coll 60x veh 48h-Zstack cell5_segmentation_visible.nii.gz,836885.0,190310.0,4377926.5,0.1911601302580114,0.0840816320789483,0.0,0.0,0.0,Actin,Inference,,,,,,,,,,,,,,,
03Asc-0043 -coll 60x veh 48h-Zstack cell1_segmentation_visible.nii.gz,686874.0,149463.0,3808174.3333333344,0.1803683182221261,0.0824093870352373,0.0,0.0,0.0,Actin,Inference,,,,,,,,,,,,,,,
03Asc-0043 -coll 60x veh 48h-Zstack cell2_segmentation_visible.nii.gz,413079.0,102429.0,1978555.833333333,0.2087780354947443,0.0614221032675365,0.0,0.0,0.0,Actin,Inference,,,,,,,,,,,,,,,
03Asc-0043 -coll 60x veh 48h-Zstack cell3_segmentation_visible.nii.gz,379877.0,94561.0,2843313.4999999986,0.1336036283019794,0.0603339453388053,0.0,0.0,0.0,Actin,Inference,,,,,,,,,,,,,,,
03Asc-0043 -coll 60x veh 48h-Zstack cell4_segmentation_visible.nii.gz,725101.0,145323.0,4025708.666666662,0.1801176041386007,0.0866624198036084,0.0,0.0,0.0,Actin,Inference,,,,,,,,,,,,,,,
03Asc-0043 -coll 60x veh 48h-Zstack cell5_segmentation_visible.nii.gz,752202.0,158973.0,2567169.833333333,0.2930082732482509,0.1032331289353923,0.0,0.0,0.0,Actin,Inference,,,,,,,,,,,,,,,
03Asc-0051 +Col 60x veh-Zstack Cell1_segmentation_visible.nii.gz,1247376.0,201903.0,3256507.833333333,0.3830409947834201,0.1710219560549847,0.0,0.0,0.0,Actin,Inference,,,,,,,,,,,,,,,
03Asc-0051 +Col 60x veh-Zstack Cell2_segmentation_visible.nii.gz,694990.0,115043.0,3967156.166666666,0.1751859444907996,0.085819140042799,0.0,0.0,0.0,Actin,Inference,,,,,,,,,,,,,,,
03Asc-0051 +Col 60x veh-Zstack Cell3_segmentation_visible.nii.gz,611457.0,118328.0,3872614.166666668,0.1578925691237421,0.0820210385680252,0.0,0.0,0.0,Actin,Inference,,,,,,,,,,,,,,,
03Asc-0051 +Col 60x veh-Zstack Cell4_segmentation_visible.nii.gz,443869.0,126926.0,4559605.166666666,0.0973481219919955,0.0392308310994326,0.0,0.0,0.0,Actin,Inference,,,,,,,,,,,,,,,
03Asc-0051 +Col 60x veh-Zstack Cell5_segmentation_visible.nii.gz,941379.0,176250.0,4754683.999999999,0.1979898138341055,0.0929541475221351,0.0,0.0,0.0,Actin,Inference,,,,,,,,,,,,,,,
03Asc-0051 -Col 60x veh-Zstack Cell1_segmentation_visible.nii.gz,512614.0,159282.0,3895050.666666665,0.1316065037065842,0.0446392867940985,0.0,0.0,0.0,Actin,Inference,,,,,,,,,,,,,,,
03Asc-0051 -Col 60x veh-Zstack Cell2_segmentation_visible.nii.gz,441038.0,79259.0,2105602.333333333,0.2094593043605734,0.0614134173273958,0.0,0.0,0.0,Actin,Inference,,,,,,,,,,,,,,,
03Asc-0051 -Col 60x veh-Zstack Cell3_segmentation_visible.nii.gz,937273.0,232225.0,5753222.666666666,0.1629126933380179,0.0761502591157687,0.0,0.0,0.0,Actin,Inference,,,,,,,,,,,,,,,
03Asc-0051 -Col 60x veh-Zstack Cell4_segmentation_visible.nii.gz,723768.0,99884.0,4449544.166666668,0.1626611564892508,0.0797677441482515,0.0,0.0,0.0,Actin,Inference,,,,,,,,,,,,,,,
03Asc-0051 -Col 60x veh-Zstack Cell5_segmentation_visible.nii.gz,909066.0,154230.0,5511330.0,0.1649449406948958,0.0822132850278681,0.0,0.0,0.0,Actin,Inference,,,,,,,,,,,,,,,
03Asc-0054 -Col 60x veh-Zstack Cell1_segmentation_visible.nii.gz,739501.0,236074.0,5582533.333333335,0.1324669206334041,0.0725643174601679,0.0,0.0,0.0,Actin,Inference,,,,,,,,,,,,,,,
03Asc-0054 -Col 60x veh-Zstack Cell2_segmentation_visible.nii.gz,1099463.0,128171.0,2842361.333333332,0.3868132411971081,0.1397979060760414,0.0,0.0,0.0,Actin,Inference,,,,,,,,,,,,,,,
03Asc-0054 -Col 60x veh-Zstack Cell3_segmentation_visible.nii.gz,544892.0,106245.0,2530854.9999999986,0.2152995726740569,0.0860737050685187,0.0,0.0,0.0,Actin,Inference,,,,,,,,,,,,,,,
03Asc-0054 -Col 60x veh-Zstack Cell4_segmentation_visible.nii.gz,977151.0,177430.0,4432665.000000001,0.2204432322316258,0.0861138430626057,0.0,0.0,0.0,Actin,Inference,,,,,,,,,,,,,,,
03Asc-0054 -Col 60x veh-Zstack Cell5_segmentation_visible.nii.gz,714799.0,139483.0,6302515.33333333,0.1134148767904624,0.0711949067881271,0.0,0.0,0.0,Actin,Inference,,,,,,,,,,,,,,,
03Asc-0055 +Col 60x veh-Zstack Cell1_segmentation_visible.nii.gz,562142.0,112923.0,2352711.166666667,0.2389337067653934,0.0760072472586162,0.0,0.0,0.0,Actin,Inference,,,,,,,,,,,,,,,
03Asc-0055 +Col 60x veh-Zstack Cell2_segmentation_visible.nii.gz,597268.0,76706.0,1360801.833333333,0.4389088737020368,0.174480284979285,0.0,0.0,0.0,Actin,Inference,,,,,,,,,,,,,,,
03Asc-0055 +Col 60x veh-Zstack Cell3_segmentation_visible.nii.gz,680945.0,128386.0,2449170.666666666,0.278030849081975,0.0967700081401377,0.0,0.0,0.0,Actin,Inference,,,,,,,,,,,,,,,
03Asc-0055 +Col 60x veh-Zstack Cell4_segmentation_visible.nii.gz,649823.0,103506.0,2139319.833333334,0.3037521505082728,0.1305259660748949,0.0,0.0,0.0,Actin,Inference,,,,,,,,,,,,,,,
03Asc-0055 +Col 60x veh-Zstack Cell5_segmentation_visible.nii.gz,572517.0,92966.0,2176665.5,0.2630247964145157,0.0879555887395608,0.0,0.0,0.0,Actin,Inference,,,,,,,,,,,,,,,
03Asc-0055 -Col 60x veh-Zstack Cell1_segmentation_visible.nii.gz,458690.0,100943.0,3916510.1666666665,0.1171170201226338,0.0446100508334198,0.0,0.0,0.0,Actin,Inference,,,,,,,,,,,,,,,
03Asc-0055 -Col 60x veh-Zstack Cell2_segmentation_visible.nii.gz,622563.0,139597.0,3337372.499999998,0.1865428566934018,0.1211570819219231,0.0,0.0,0.0,Actin,Inference,,,,,,,,,,,,,,,
03Asc-0055 -Col 60x veh-Zstack Cell3_segmentation_visible.nii.gz,557342.0,117311.0,2598591.333333333,0.2144785110497046,0.0849663696955283,0.0,0.0,0.0,Actin,Inference,,,,,,,,,,,,,,,
03Asc-0055 -Col 60x veh-Zstack Cell4_segmentation_visible.nii.gz,697452.0,152745.0,3017920.6666666674,0.2311034904606504,0.0694268086555058,0.0,0.0,0.0,Actin,Inference,,,,,,,,,,,,,,,
03Asc-0055 -Col 60x veh-Zstack Cell5_segmentation_visible.nii.gz,418396.0,131519.0,2633271.5000000005,0.1588882878199228,0.0722463582928699,0.0,0.0,0.0,Actin,Inference,,,,,,,,,,,,,,,
03Asc-0056 +Col 60x veh-Zstack Cell2_segmentation_visible.nii.gz,804679.0,110844.0,2939297.666666667,0.2737657397294342,0.1298579803660325,0.0,0.0,0.0,Actin,Inference,,,,,,,,,,,,,,,
03Asc-0056 +Col 60x veh-Zstack Cell3_segmentation_visible.nii.gz,600842.0,64824.0,2942133.5000000005,0.2042198289098709,0.075258400845721,0.0,0.0,0.0,Actin,Inference,,,,,,,,,,,,,,,
03Asc-0056 +Col 60x veh-Zstack Cell4_segmentation_visible.nii.gz,388903.0,43526.0,1698279.1666666674,0.228998275214862,0.100527578309578,0.0,0.0,0.0,Actin,Inference,,,,,,,,,,,,,,,
03Asc-0056 +Col 60x veh-Zstack Cell5_segmentation_visible.nii.gz,834089.0,79419.0,3097180.333333333,0.2693059202989041,0.1402851150501121,0.0,0.0,0.0,Actin,Inference,,,,,,,,,,,,,,,
03Asc-0056 +Col 60x veh-Zstack Cell6_segmentation_visible.nii.gz,811293.0,87139.0,2668688.0,0.3040044396347569,0.1733146907524823,0.0,0.0,0.0,Actin,Inference,,,,,,,,,,,,,,,
03Asc-0056 -Col 60x veh-Zstack Cell1_segmentation_visible.nii.gz,716761.0,60152.0,2135639.0000000014,0.3356189880405815,0.1107936132539125,0.0,0.0,0.0,Actin,Inference,,,,,,,,,,,,,,,
03Asc-0056 -Col 60x veh-Zstack Cell2_segmentation_visible.nii.gz,794396.0,133202.0,3332090.0000000005,0.2384077260818284,0.0876700657749525,0.0,0.0,0.0,Actin,Inference,,,,,,,,,,,,,,,
03Asc-0056 -Col 60x veh-Zstack Cell3_segmentation_visible.nii.gz,563362.0,101650.0,2801002.1666666665,0.201128726962189,0.1069631153618242,0.0,0.0,0.0,Actin,Inference,,,,,,,,,,,,,,,
03Asc-0056 -Col 60x veh-Zstack Cell4_segmentation_visible.nii.gz,657520.0,129687.0,2636719.5,0.2493704772161012,0.091886404747371,0.0,0.0,0.0,Actin,Inference,,,,,,,,,,,,,,,
03Asc-0056 -Col 60x veh-Zstack Cell5_segmentation_visible.nii.gz,538686.0,99114.0,3631683.333333335,0.1483295625077443,0.0570676407367817,0.0,0.0,0.0,Actin,Inference,,,,,,,,,,,,,,,
03Asc-0057 +Col 60x veh-Zstack Cell1_segmentation_visible.nii.gz,435525.0,60703.0,2669388.666666667,0.1631553341926228,0.0995953755639221,0.0,0.0,0.0,Actin,Inference,,,,,,,,,,,,,,,
03Asc-0057 +Col 60x veh-Zstack Cell2_segmentation_visible.nii.gz,824018.0,91967.0,2696577.0000000014,0.3055792584450582,0.1382654773410652,0.0,0.0,0.0,Actin,Inference,,,,,,,,,,,,,,,
03Asc-0057 +Col 60x veh-Zstack Cell3_segmentation_visible.nii.gz,675739.0,108367.0,2764603.333333333,0.2444253003143308,0.0740418965070831,0.0,0.0,0.0,Actin,Inference,,,,,,,,,,,,,,,
03Asc-0057 +Col 60x veh-Zstack Cell4_segmentation_visible.nii.gz,827555.0,98728.0,3658544.3333333335,0.2261978876298068,0.111316691417011,0.0,0.0,0.0,Actin,Inference,,,,,,,,,,,,,,,
03Asc-0057 +Col 60x veh-Zstack Cell5_segmentation_visible.nii.gz,814726.0,96251.0,2642961.0,0.3082625888161043,0.0897164074146752,0.0,0.0,0.0,Actin,Inference,,,,,,,,,,,,,,,
03Asc-0057 -Col 60x veh-Zstack Cell1_segmentation_visible.nii.gz,1044284.0,127813.0,4248394.999999998,0.2458067105342136,0.104004291300933,0.0,0.0,0.0,Actin,Inference,,,,,,,,,,,,,,,
03Asc-0057 -Col 60x veh-Zstack Cell2_segmentation_visible.nii.gz,1021658.0,127034.0,4355623.0,0.2345607046339869,0.1074298633017876,0.0,0.0,0.0,Actin,Inference,,,,,,,,,,,,,,,
03Asc-0057 -Col 60x veh-Zstack Cell3_segmentation_visible.nii.gz,954769.0,161227.0,4247752.000000001,0.2247704197420187,0.0851804567490842,0.0,0.0,0.0,Actin,Inference,,,,,,,,,,,,,,,
03Asc-0057 -Col 60x veh-Zstack Cell4_segmentation_visible.nii.gz,747485.0,149096.0,4808586.833333332,0.1554479571458295,0.0869279185049819,0.0,0.0,0.0,Actin,Inference,,,,,,,,,,,,,,,
03Asc-0057 -Col 60x veh-Zstack Cell5_segmentation_visible.nii.gz,466116.0,76049.0,3533838.1666666665,0.1319007770069078,0.0681162165100675,0.0,0.0,0.0,Actin,Inference,,,,,,,,,,,,,,,
03Asc-024 +coll 60x veh 48h-Zstack cell1_segmentation_visible.nii.gz,518081.0,89706.0,1841339.0000000007,0.2813610095696663,0.1041695486423883,0.0,0.0,0.0,Actin,Inference,,,,,,,,,,,,,,,
03Asc-024 +coll 60x veh 48h-Zstack cell2_segmentation_visible.nii.gz,506008.0,73291.0,2389119.6666666674,0.2117968417655651,0.0627361246252009,0.0,0.0,0.0,Actin,Inference,,,,,,,,,,,,,,,
03Asc-024 +coll 60x veh 48h-Zstack cell3_segmentation_visible.nii.gz,845041.0,167209.0,5389643.999999997,0.156789761995412,0.0902561226996486,0.0,0.0,0.0,Actin,Inference,,,,,,,,,,,,,,,
03Asc-024 +coll 60x veh 48h-Zstack cell4_segmentation_visible.nii.gz,569346.0,124650.0,4620388.333333334,0.1232247073027411,0.0568907258722073,0.0,0.0,0.0,Actin,Inference,,,,,,,,,,,,,,,
03Asc-024 +coll 60x veh 48h-Zstack cell5_segmentation_visible.nii.gz,919852.0,160812.0,3362482.666666666,0.2735633432757225,0.1263899984143747,0.0,0.0,0.0,Actin,Inference,,,,,,,,,,,,,,,
03Asc24- DMSO low-cell-1_segmentation_visible.nii.gz,279746.0,131584.0,4988434.000000002,0.0560789217618194,0.0239695721316644,0.0,0.0,0.0,Actin,Inference,,,,,,,,,,,,,,,
03Asc24- DMSO low-cell-2_segmentation_visible.nii.gz,265469.0,124545.0,4370160.666666666,0.0607458215495052,0.0281301074557834,0.0,0.0,0.0,Actin,Inference,,,,,,,,,,,,,,,
03Asc24- DMSO low-cell-3_segmentation_visible.nii.gz,156573.0,72976.0,4395381.666666666,0.0356221625046592,0.0194340802967001,0.0,0.0,0.0,Actin,Inference,,,,,,,,,,,,,,,
03Asc24- DMSO low-cell-4_segmentation_visible.nii.gz,343515.0,152980.0,2261658.6666666665,0.1518863147047241,0.0657516956880255,0.0,0.0,0.0,Actin,Inference,,,,,,,,,,,,,,,
03Asc24- DMSO low-cell-5_segmentation_visible.nii.gz,316330.0,133402.0,1395850.833333334,0.2266216363854541,0.0495334231207857,0.0,0.0,0.0,Actin,Inference,,,,,,,,,,,,,,,
03Asc24-DMSO high cell-1_segmentation_visible.nii.gz,261158.0,87735.0,3318235.166666666,0.0787038853133324,0.0322921200490642,0.0,0.0,0.0,Actin,Inference,,,,,,,,,,,,,,,
03Asc24-DMSO high cell-2_segmentation_visible.nii.gz,375300.0,100029.0,3374822.6666666684,0.111205843111954,0.042442623295651,0.0,0.0,0.0,Actin,Inference,,,,,,,,,,,,,,,
03Asc24-DMSO high cell-3_segmentation_visible.nii.gz,464523.0,100931.0,2748265.333333332,0.1690240728818518,0.0683392702433478,0.0,0.0,0.0,Actin,Inference,,,,,,,,,,,,,,,
03Asc24-DMSO high cell-4_segmentation_visible.nii.gz,474777.0,107740.0,3284084.5,0.1445690572212743,0.0616386176597741,0.0,0.0,0.0,Actin,Inference,,,,,,,,,,,,,,,
03Asc24-DMSO high cell-5_segmentation_visible.nii.gz,383314.0,86868.0,3006458.4999999995,0.127496853856456,0.0558164743303833,0.0,0.0,0.0,Actin,Inference,,,,,,,,,,,,,,,
03Asc46 +coll 60x veh 48h-Zstack cell1_segmentation_visible.nii.gz,872454.0,214320.0,5157282.999999996,0.1691693087232173,0.1011534301922213,0.0,0.0,0.0,Actin,Inference,,,,,,,,,,,,,,,
03Asc46 -coll 60x veh 48h-Zstack cell2_segmentation_visible.nii.gz,1122674.0,177047.0,6747583.500000001,0.1663816387007289,0.0904577184370426,0.0,0.0,0.0,Actin,Inference,,,,,,,,,,,,,,,
03Asc46 -coll 60x veh 48h-Zstack cell3_segmentation_visible.nii.gz,856861.0,147693.0,4277684.166666669,0.2003095522285129,0.0937582954537248,0.0,0.0,0.0,Actin,Inference,,,,,,,,,,,,,,,
03Asc46 -coll 60x veh 48h-Zstack cell4_segmentation_visible.nii.gz,1042380.0,159268.0,4944794.333333334,0.2108035096572604,0.1157183221675887,0.0,0.0,0.0,Actin,Inference,,,,,,,,,,,,,,,
03Asc46 -coll 60x veh 48h-Zstack cell5_segmentation_visible.nii.gz,900053.0,171491.0,6339856.5,0.1419674088837815,0.0723771968000226,0.0,0.0,0.0,Actin,Inference,,,,,,,,,,,,,,,
03Asc47 +coll 60x veh 48h-Zstack cell1_segmentation_visible.nii.gz,646951.0,177568.0,3973051.666666669,0.1628347814924799,0.0645284874454159,0.0,0.0,0.0,Actin,Inference,,,,,,,,,,,,,,,
03Asc47 +coll 60x veh 48h-Zstack cell2_segmentation_visible.nii.gz,1512094.0,276822.0,6143777.666666668,0.2461179557658688,0.1230449118558446,0.0,0.0,0.0,Actin,Inference,,,,,,,,,,,,,,,
03Asc47 +coll 60x veh 48h-Zstack cell3_segmentation_visible.nii.gz,502411.0,122730.0,3861517.833333332,0.1301071292907405,0.0572984334513338,0.0,0.0,0.0,Actin,Inference,,,,,,,,,,,,,,,
03Asc47 +coll 60x veh 48h-Zstack cell4_segmentation_visible.nii.gz,1179076.0,224705.0,4679252.666666669,0.2519795540000047,0.1425537455849271,0.0,0.0,0.0,Actin,Inference,,,,,,,,,,,,,,,
03Asc47 +coll 60x veh 48h-Zstack cell5_segmentation_visible.nii.gz,570042.0,128215.0,3038791.666666666,0.1875883780559707,0.0723594552876901,0.0,0.0,0.0,Actin,Inference,,,,,,,,,,,,,,,
03Asc47 -coll 60x veh 48h-Zstack cell1_segmentation_visible.nii.gz,1077833.0,183015.0,3818651.000000002,0.2822549114857575,0.1263570837049604,0.0,0.0,0.0,Actin,Inference,,,,,,,,,,,,,,,
03Asc47 -coll 60x veh 48h-Zstack cell2_segmentation_visible.nii.gz,562846.0,106641.0,2504310.6666666656,0.2247508695673008,0.088494041919604,0.0,0.0,0.0,Actin,Inference,,,,,,,,,,,,,,,
03Asc47 -coll 60x veh 48h-Zstack cell3_segmentation_visible.nii.gz,691787.0,118445.0,4177225.666666667,0.1656091997902595,0.0789170659365731,0.0,0.0,0.0,Actin,Inference,,,,,,,,,,,,,,,
03Asc47 -coll 60x veh 48h-Zstack cell4_segmentation_visible.nii.gz,913622.0,126488.0,2558454.5000000023,0.35709917842979,0.1245015153497296,0.0,0.0,0.0,Actin,Inference,,,,,,,,,,,,,,,
03Asc47 -coll 60x veh 48h-Zstack cell5_segmentation_visible.nii.gz,689213.0,130409.0,3379236.333333335,0.2039552526118079,0.1002608303511681,0.0,0.0,0.0,Actin,Inference,,,,,,,,,,,,,,,
03Rt-0045 +coll 60x veh 48h-Zstack cell1_segmentation_visible.nii.gz,476888.0,134075.0,5217351.333333333,0.0914042335913229,0.0497149838831413,0.0,0.0,0.0,Actin,Inference,,,,,,,,,,,,,,,
03Rt-0045 +coll 60x veh 48h-Zstack cell2_segmentation_visible.nii.gz,1043810.0,239202.0,7940670.166666665,0.1314511216423148,0.0689912489424703,0.0,0.0,0.0,Actin,Inference,,,,,,,,,,,,,,,
03Rt-0045 +coll 60x veh 48h-Zstack cell3_segmentation_visible.nii.gz,957254.0,322738.0,3910184.5000000014,0.2448104430877876,0.1210312412917295,0.0,0.0,0.0,Actin,Inference,,,,,,,,,,,,,,,
03Rt-0045 +coll 60x veh 48h-Zstack cell4_segmentation_visible.nii.gz,902440.0,229010.0,7057642.666666664,0.1278670574046254,0.0648385086884348,0.0,0.0,0.0,Actin,Inference,,,,,,,,,,,,,,,
03Rt-0045 +coll 60x veh 48h-Zstack cell5_segmentation_visible.nii.gz,260125.0,124290.0,4502175.833333332,0.0577776190068098,0.0312147502819977,0.0,0.0,0.0,Actin,Inference,,,,,,,,,,,,,,,
01ASC-0180 +coll 60x DMSO48h-Zstack cell1.nii.gz,,,,,,,,,Mito,Training,95858.0,124805.84,0.0811586434930453,1108.0,1365.0,2971.0,4.952203758785896,14712.997367352898,inf,466.0,,,,,
01ASC-0180 +coll 60x DMSO48h-Zstack cell10.nii.gz,,,,,,,,,Mito,Training,51350.0,62218.63,0.1073801451428667,116.0,473.0,953.0,6.401334336558499,6100.47162274025,inf,126.0,,,,,
01ASC-0180 +coll 60x DMSO48h-Zstack cell2.nii.gz,,,,,,,,,Mito,Training,129344.0,127501.57,0.0970061903567828,617.0,1703.0,3517.0,3.8009057753985447,13367.78561207668,inf,467.0,,,,,
01ASC-0180 +coll 60x DMSO48h-Zstack cell3.nii.gz,,,,,,,,,Mito,Training,117921.0,128846.66,0.0902550977636268,115.0,1888.0,3831.0,3.6153795181193225,13850.518933915124,inf,456.0,,,,,
01ASC-0180 +coll 60x DMSO48h-Zstack cell4.nii.gz,,,,,,,,,Mito,Training,54928.0,63286.668,0.1104166121474847,149.0,344.0,747.0,7.0732088770874615,5283.687031184334,inf,107.0,,,,,
01ASC-0180 +coll 60x DMSO48h-Zstack cell5.nii.gz,,,,,,,,,Mito,Training,52471.0,59693.03,0.1135464041689784,140.0,467.0,970.0,6.419002906416276,6226.432819223788,inf,142.0,,,,,
01ASC-0180 +coll 60x DMSO48h-Zstack cell6.nii.gz,,,,,,,,,Mito,Training,87962.0,82893.94,0.1153873197196392,71.0,1141.0,2327.0,3.804571763182672,8853.238492926077,inf,247.0,,,,,
01ASC-0180 +coll 60x DMSO48h-Zstack cell7.nii.gz,,,,,,,,,Mito,Training,113678.0,132007.2,0.0859681229461114,191.0,1416.0,2763.0,4.880523882109386,13484.887486268231,inf,428.0,,,,,
01ASC-0180 +coll 60x DMSO48h-Zstack cell8.nii.gz,,,,,,,,,Mito,Training,91033.0,121906.11,0.0802770165108572,737.0,702.0,1733.0,6.622359941918544,11476.549779344838,inf,213.0,,,,,
01ASC-0180 +coll 60x DMSO48h-Zstack cell9.nii.gz,,,,,,,,,Mito,Training,90713.0,110792.36,0.0881226063287238,217.0,636.0,1285.0,7.566383866453303,9722.803268392494,inf,214.0,,,,,
01ASC-0180 -coll 60x DMSO48H-Zstack cell1.nii.gz,,,,,,,,,Mito,Training,42171.0,46078.98,0.1271521953062833,124.0,581.0,1164.0,5.261458446043731,6124.337631194903,inf,179.0,,,,,
01ASC-0180 -coll 60x DMSO48H-Zstack cell2.nii.gz,,,,,,,,,Mito,Training,162259.0,143913.19,0.0999668625821362,105.0,2488.0,4903.0,3.997981890473212,19602.10520899016,inf,620.0,,,,,
01ASC-0180 -coll 60x DMSO48H-Zstack cell3.nii.gz,,,,,,,,,Mito,Training,492149.0,309375.25,0.0974382843734118,254.0,16700.0,34408.0,2.4961569448228325,85887.76815746402,inf,2364.0,,,,,
01ASC-0180 -coll 60x DMSO48H-Zstack cell4.nii.gz,,,,,,,,,Mito,Training,178528.0,150843.03,0.101647437145009,236.0,1578.0,3428.0,4.036601105411345,13837.46858935009,inf,264.0,,,,,
01ASC-0180 -coll 60x DMSO48H-Zstack cell5.nii.gz,,,,,,,,,Mito,Training,96732.0,107505.31,0.0947911175238113,234.0,775.0,1636.0,5.513063343526642,9019.371630009586,inf,205.0,,,,,
01ASC-0180 -coll 60x DMSO48h-Zstack cell10.nii.gz,,,,,,,,,Mito,Training,104881.0,85499.06,0.1257922788339221,79.0,1135.0,2291.0,4.118271878809107,9434.960874351666,inf,244.0,,,,,
01ASC-0180 -coll 60x DMSO48h-Zstack cell6.nii.gz,,,,,,,,,Mito,Training,179060.0,180742.5,0.0850007764503462,404.0,1657.0,3555.0,4.092830250015238,14550.01153880417,inf,376.0,,,,,
01ASC-0180 -coll 60x DMSO48h-Zstack cell7.nii.gz,,,,,,,,,Mito,Training,153716.0,161725.52,0.0858061263446159,522.0,1679.0,3574.0,4.276674509844807,15284.83469818534,inf,475.0,,,,,
01ASC-0180 -coll 60x DMSO48h-Zstack cell8.nii.gz,,,,,,,,,Mito,Training,228132.0,221263.03,0.0816017373526305,293.0,3724.0,7450.0,3.615047767737216,26932.10586964226,inf,1010.0,,,,,
01ASC-0180 -coll 60x DMSO48h-Zstack cell9.nii.gz,,,,,,,,,Mito,Training,164282.0,145453.97,0.0997283276747709,226.0,2132.0,4495.0,3.5833911216728667,16107.343091919536,inf,434.0,,,,,
01Asc-230 +Col 60x veh-Zstack Cell1.nii.gz,,,,,,,,,Mito,Training,266973.0,172774.97,0.116050815299457,49.0,5902.0,12312.0,2.684073595480679,33046.31410755812,inf,737.0,,,,,
01Asc-230 +Col 60x veh-Zstack Cell2.nii.gz,,,,,,,,,Mito,Training,625225.0,473786.1,0.0746321647057624,93.0,26491.0,55411.0,2.3294558975840745,129077.48074103116,inf,3085.0,,,,,
01Asc-230 +Col 60x veh-Zstack Cell3.nii.gz,,,,,,,,,Mito,Training,930730.0,629595.25,0.0732214778467987,130.0,47518.0,99209.0,2.2665366799940108,224860.83748552584,inf,5708.0,,,,,
01Asc-230 -Col 60x veh-Zstack Cell1.nii.gz,,,,,,,,,Mito,Training,254699.0,210240.94,0.092424050983566,116.0,6980.0,14312.0,2.60376337557155,37265.06143118002,inf,1181.0,,,,,
01Asc-230 -Col 60x veh-Zstack Cell2.nii.gz,,,,,,,,,Mito,Training,1353549.0,746135.4,0.0793077840289746,70.0,69675.0,146011.0,2.216839172240204,323682.9043779644,inf,5777.0,,,,,
01Asc-230 -Col 60x veh-Zstack Cell3.nii.gz,,,,,,,,,Mito,Training,737692.0,536570.3,0.0735824425549641,115.0,32908.0,68486.0,2.3168972430616503,158675.02458832017,inf,3820.0,,,,,
01Asc-230 -Col 60x veh-Zstack Cell4.nii.gz,,,,,,,,,Mito,Training,509339.0,345370.88,0.0893037510665319,40.0,26685.0,56145.0,2.2227208486892134,124794.66204965588,inf,2603.0,,,,,
01Asc-230 -Col 60x veh-Zstack Cell5.nii.gz,,,,,,,,,Mito,Training,342379.0,266573.53,0.0887847778161591,114.0,18396.0,38307.0,2.2756142355938804,87171.95452289478,inf,2549.0,,,,,
03Asc-0057 +Col 60x veh-Zstack Cell1.nii.gz,,,,,,,,,Mito,Training,106416.0,102831.3,0.1056079871309134,300.0,1729.0,3591.0,4.0586667427144425,14574.672273087564,inf,332.0,,,,,
03Asc-0057 +Col 60x veh-Zstack Cell2.nii.gz,,,,,,,,,Mito,Training,154847.0,148892.75,0.0936581921286602,433.0,2000.0,3935.0,4.848491897708103,19078.815617481385,inf,622.0,,,,,
03Asc-0057 +Col 60x veh-Zstack Cell3.nii.gz,,,,,,,,,Mito,Training,150717.0,163751.38,0.0836387107453716,202.0,2342.0,4456.0,4.550375641705689,20276.473859440557,inf,687.0,,,,,
03Asc-0057 +Col 60x veh-Zstack Cell4.nii.gz,,,,,,,,,Mito,Training,171673.0,127701.16,0.1169743460642062,237.0,2959.0,6255.0,3.403725208504432,21290.301179195223,inf,270.0,,,,,
03Asc-0057 +Col 60x veh-Zstack Cell5.nii.gz,,,,,,,,,Mito,Training,91659.0,112256.49,0.0875768661807991,172.0,912.0,1808.0,6.513941959457915,11777.20706269991,inf,268.0,,,,,
03Asc-0057 -Col 60x veh-Zstack Cell1.nii.gz,,,,,,,,,Mito,Training,213678.0,224703.81,0.0769213486681192,250.0,2313.0,4342.0,5.405198136326105,23469.370307927948,inf,761.0,,,,,
03Asc-0057 -Col 60x veh-Zstack Cell2.nii.gz,,,,,,,,,Mito,Training,169444.0,123924.84,0.1194932044859219,235.0,2621.0,5406.0,3.4378334602955056,18584.927686357503,inf,331.0,,,,,
03Asc-0057 -Col 60x veh-Zstack Cell3.nii.gz,,,,,,,,,Mito,Training,416095.0,348519.8,0.0773365838325646,353.0,7255.0,14603.0,3.2788447588812057,47880.97001394225,inf,1444.0,,,,,
03Asc-0057 -Col 60x veh-Zstack Cell4.nii.gz,,,,,,,,,Mito,Training,162830.0,157806.19,0.0913796966617817,391.0,1949.0,4140.0,4.402956488877905,18228.239863954528,inf,336.0,,,,,
03Asc-0057 -Col 60x veh-Zstack Cell5.nii.gz,,,,,,,,,Mito,Training,79323.0,81377.016,0.1097105653443228,155.0,821.0,1633.0,5.881534799143169,9604.546327000797,inf,247.0,,,,,
01Asc-230 +Col 60x veh-Zstack Cell4_segmentation_visible.nii.gz,,,,,,,,,Mito,Inference,787050.0,544659.94,0.0756879788475266,226.0,36387.0,75991.0,2.3019440911955225,174927.03343403895,inf,4374.0,,,,,
01Asc-230 +Col 60x veh-Zstack Cell5_segmentation_visible.nii.gz,,,,,,,,,Mito,Inference,494165.0,370108.38,0.0816713749185926,133.0,18012.0,37145.0,2.456182558453166,91234.90113374284,inf,2824.0,,,,,
01C-0083 +coll 60x vehicleZstack cell1_segmentation_visible.nii.gz,,,,,,,,,Mito,Inference,764592.0,589455.3,0.0685993085270504,178.0,36128.0,75213.0,2.2983688721890667,172867.21798395627,inf,4585.0,,,,,
01C-0083 +coll 60x vehicleZstack cell2_segmentation_visible.nii.gz,,,,,,,,,Mito,Inference,700656.0,412813.56,0.0924130699456745,198.0,35661.0,75157.0,2.2052806756497123,165742.27973980544,inf,2975.0,,,,,
01C-0083 +coll 60x vehicleZstack cell3_segmentation_visible.nii.gz,,,,,,,,,Mito,Inference,554345.0,418090.16,0.0780550378312924,485.0,23766.0,48988.0,2.364066475326258,115810.88849328272,inf,3512.0,,,,,
01C-0083 +coll 60x vehicleZstack cell4_segmentation_visible.nii.gz,,,,,,,,,Mito,Inference,556700.0,374217.75,0.0874528341992431,328.0,22030.0,46255.0,2.398030626090345,110920.90660980892,inf,2321.0,,,,,
01C-0083 +coll 60x vehicleZstack cell5_segmentation_visible.nii.gz,,,,,,,,,Mito,Inference,440944.0,371677.88,0.0753771489335645,200.0,16502.0,33930.0,2.459985889671726,83467.32123656166,inf,2937.0,,,,,
01C-0083 -coll 60x vehicleZstack cell1_segmentation_visible.nii.gz,,,,,,,,,Mito,Inference,429493.0,366803.12,0.0750507708837045,260.0,11406.0,23562.0,2.780506970776069,65514.30524542574,inf,1985.0,,,,,
01C-0083 -coll 60x vehicleZstack cell2_segmentation_visible.nii.gz,,,,,,,,,Mito,Inference,422166.0,193801.0,0.1404268906969182,66.0,20696.0,43338.0,2.2251208104993028,96432.28568541878,inf,1466.0,,,,,
01C-0083 -coll 60x vehicleZstack cell3_segmentation_visible.nii.gz,,,,,,,,,Mito,Inference,410977.0,275206.88,0.0971336832721687,49.0,15042.0,31255.0,2.43059773586923,75968.33223459279,inf,1933.0,,,,,
01C-0083 -coll 60x vehicleZstack cell4_segmentation_visible.nii.gz,,,,,,,,,Mito,Inference,502501.0,409624.8,0.0746200992696222,200.0,17408.0,36301.0,2.519939199309192,91476.312874123,inf,2833.0,,,,,
01C-0083 -coll 60x vehicleZstack cell5_segmentation_visible.nii.gz,,,,,,,,,Mito,Inference,437663.0,294199.66,0.0947549380826656,220.0,15272.0,31963.0,2.411726841085702,77086.02502162229,inf,1606.0,,,,,
01C-0096 +coll 60x vehicleZstack cell1_segmentation_visible.nii.gz,,,,,,,,,Mito,Inference,343758.0,113877.16,0.2083928050166795,208.0,12203.0,25757.0,2.3626659495010527,60855.186861298615,inf,773.0,,,,,
01C-0096 +coll 60x vehicleZstack cell2_segmentation_visible.nii.gz,,,,,,,,,Mito,Inference,167335.0,37535.934,0.391226346909822,43.0,5272.0,11154.0,2.3420335690229765,26123.04242888228,inf,85.0,,,,,
01C-0096 +coll 60x vehicleZstack cell3_segmentation_visible.nii.gz,,,,,,,,,Mito,Inference,124480.0,47563.54,0.2534796016015198,112.0,4982.0,10452.0,2.3052922957426216,24094.91507510188,inf,245.0,,,,,
01C-0096 +coll 60x vehicleZstack cell4_segmentation_visible.nii.gz,,,,,,,,,Mito,Inference,144089.0,133025.48,0.099916334605935,509.0,7632.0,15170.0,2.548851235917608,38666.07324887012,inf,2058.0,,,,,
01C-0096 +coll 60x vehicleZstack cell5_segmentation_visible.nii.gz,,,,,,,,,Mito,Inference,448974.0,237420.53,0.1194299672676764,238.0,22544.0,46784.0,2.268482539498616,106128.68712790326,inf,2670.0,,,,,
01C-0096 -coll 60x vehicleZstack cell1_segmentation_visible.nii.gz,,,,,,,,,Mito,Inference,324508.0,181795.38,0.1256179107628942,185.0,10332.0,21616.0,2.491042950098922,53846.38440933829,inf,1244.0,,,,,
01C-0096 -coll 60x vehicleZstack cell2_segmentation_visible.nii.gz,,,,,,,,,Mito,Inference,394510.0,198382.52,0.1311251733868284,286.0,14838.0,31105.0,2.448633615715884,76164.74861684258,inf,1398.0,,,,,
01C-0096 -coll 60x vehicleZstack cell3_segmentation_visible.nii.gz,,,,,,,,,Mito,Inference,469631.0,152844.97,0.1911631367354697,148.0,14940.0,31558.0,2.514345876811772,79347.7271804259,inf,844.0,,,,,
01C-0096 -coll 60x vehicleZstack cell4_segmentation_visible.nii.gz,,,,,,,,,Mito,Inference,285619.0,123674.58,0.169587986191837,184.0,9359.0,19719.0,2.37831753898715,46898.043551287614,inf,644.0,,,,,
01C-0096 -coll 60x vehicleZstack cell5_segmentation_visible.nii.gz,,,,,,,,,Mito,Inference,467796.0,208623.38,0.1396879123664255,264.0,16714.0,34960.0,2.378641696279108,83157.3137019176,inf,1458.0,,,,,
01C-0097 +coll 60x VehicleZstack cell1_segmentation_visible.nii.gz,,,,,,,,,Mito,Inference,560318.0,343773.06,0.095609709265219,337.0,34369.0,71238.0,2.200619794280821,156767.75290497715,inf,4071.0,,,,,
01C-0097 +coll 60x VehicleZstack cell2_segmentation_visible.nii.gz,,,,,,,,,Mito,Inference,396111.0,242734.44,0.1074559985696666,143.0,18669.0,38650.0,2.3187544252204613,89619.85853477083,inf,2354.0,,,,,
01C-0097 +coll 60x VehicleZstack cell3_segmentation_visible.nii.gz,,,,,,,,,Mito,Inference,463189.0,336216.0,0.0861068903580038,125.0,26021.0,53715.0,2.257631130186911,121268.65615798991,inf,3512.0,,,,,
01C-0097 +coll 60x VehicleZstack cell4_segmentation_visible.nii.gz,,,,,,,,,Mito,Inference,538312.0,372868.16,0.0858258678009332,223.0,31563.0,64571.0,2.2722075879479937,146718.7161613899,inf,4927.0,,,,,
01C-0097 +coll 60x VehicleZstack cell5_segmentation_visible.nii.gz,,,,,,,,,Mito,Inference,513258.0,344845.66,0.0898979626511182,160.0,28255.0,58625.0,2.2402905390630683,131337.0328525724,inf,3741.0,,,,,
01C-0097 -coll 60x VehicleZstack cell1_segmentation_visible.nii.gz,,,,,,,,,Mito,Inference,42408.0,42382.832,0.138758419873986,283.0,2500.0,4913.0,2.707005139537572,13299.516250548091,inf,759.0,,,,,
01C-0097 -coll 60x VehicleZstack cell2_segmentation_visible.nii.gz,,,,,,,,,Mito,Inference,370420.0,281293.56,0.0886721589883578,164.0,17888.0,36530.0,2.3591247157152604,86178.82586507846,inf,2982.0,,,,,
01C-0097 -coll 60x VehicleZstack cell3_segmentation_visible.nii.gz,,,,,,,,,Mito,Inference,222236.0,160000.53,0.1108933851285937,196.0,7743.0,15847.0,2.586660573316627,40990.81010534859,inf,1515.0,,,,,
01C-0097 -coll 60x VehicleZstack cell4_segmentation_visible.nii.gz,,,,,,,,,Mito,Inference,391501.0,257077.83,0.1006718584790669,198.0,18802.0,38860.0,2.3040561486685,89535.6219372579,inf,2454.0,,,,,
01C-0097 -coll 60x VehicleZstack cell5_segmentation_visible.nii.gz,,,,,,,,,Mito,Inference,387044.0,231992.4,0.1107092515151651,460.0,18161.0,37527.0,2.3875148410766043,89596.26944108173,inf,2469.0,,,,,
01C-0113 +coll veh60x Zstack cell1_segmentation_visible.nii.gz,,,,,,,,,Mito,Inference,99438.0,90757.04,0.114368228191305,144.0,1369.0,2905.0,3.045581077603832,8847.413030439131,inf,248.0,,,,,
01C-0113 +coll veh60x Zstack cell2_segmentation_visible.nii.gz,,,,,,,,,Mito,Inference,199094.0,158343.12,0.1041334748752814,196.0,4720.0,9968.0,2.537810981561418,25296.899864204213,inf,538.0,,,,,
01C-0113 +coll veh60x Zstack cell3_segmentation_visible.nii.gz,,,,,,,,,Mito,Inference,99714.0,83835.74,0.1240392133161116,52.0,1807.0,3712.0,2.9692793279913685,11021.96486550396,inf,355.0,,,,,
01C-0113 +coll veh60x Zstack cell4_segmentation_visible.nii.gz,,,,,,,,,Mito,Inference,109335.0,70638.47,0.1565365126614937,46.0,2409.0,5108.0,2.536470629157197,12956.291973734966,inf,224.0,,,,,
01C-0113 +coll veh60x Zstack cell5_segmentation_visible.nii.gz,,,,,,,,,Mito,Inference,229976.0,198762.97,0.0913279396954634,289.0,6140.0,12853.0,2.5297771455442386,32515.2256516801,inf,951.0,,,,,
01C-0113 no coll veh60x Zstack cell1_segmentation_visible.nii.gz,,,,,,,,,Mito,Inference,197802.0,110908.39,0.1480267395566908,57.0,6425.0,13503.0,2.370594832364584,32010.14202141898,inf,604.0,,,,,
01C-0113 no coll veh60x Zstack cell2_segmentation_visible.nii.gz,,,,,,,,,Mito,Inference,163166.0,133531.5,0.1081401186008921,104.0,4618.0,9622.0,2.4871159870442927,23931.030027340184,inf,668.0,,,,,
01C-0113 no coll veh60x Zstack cell3_segmentation_visible.nii.gz,,,,,,,,,Mito,Inference,96380.0,71566.99,0.1420460977355964,74.0,2984.0,6199.0,2.5400210494010813,15745.590485237302,inf,484.0,,,,,
01C-0113 no coll veh60x Zstack cell4_segmentation_visible.nii.gz,,,,,,,,,Mito,Inference,74174.0,54368.57,0.1570256783644299,30.0,3046.0,6391.0,2.323913872013361,14852.133556037392,inf,371.0,,,,,
01C-0113 no coll veh60x Zstack cell5_segmentation_visible.nii.gz,,,,,,,,,Mito,Inference,161146.0,122449.26,0.1169520002207208,119.0,5029.0,10389.0,2.4584038704052125,25540.357809639758,inf,756.0,,,,,
01C-0117 +coll 60x VehicleZstack cell1_segmentation_visible.nii.gz,,,,,,,,,Mito,Inference,587540.0,387447.56,0.0875580640917592,190.0,35215.0,73168.0,2.2246280119787705,162771.58238046267,inf,4113.0,,,,,
01C-0117 +coll 60x VehicleZstack cell2_segmentation_visible.nii.gz,,,,,,,,,Mito,Inference,340133.0,192465.72,0.1224324626158524,54.0,14760.0,30843.0,2.284534362343936,70461.893337774,inf,1560.0,,,,,
01C-0117 +coll 60x VehicleZstack cell3_segmentation_visible.nii.gz,,,,,,,,,Mito,Inference,163203.0,121070.305,0.1192885009237568,134.0,5528.0,11671.0,2.4614228180528634,28727.265709494968,inf,619.0,,,,,
01C-0117 +coll 60x VehicleZstack cell4_segmentation_visible.nii.gz,,,,,,,,,Mito,Inference,354307.0,304581.62,0.0794999606290148,195.0,12115.0,25239.0,2.474079980526334,62443.30462850415,inf,1951.0,,,,,
01C-0117 +coll 60x VehicleZstack cell5_segmentation_visible.nii.gz,,,,,,,,,Mito,Inference,161333.0,104917.92,0.1365997541469093,63.0,3380.0,7075.0,2.7973311689295266,19791.1180201764,inf,513.0,,,,,
01C-0117 -coll 60x VehicleZstack cell1_segmentation_visible.nii.gz,,,,,,,,,Mito,Inference,124809.0,115414.195,0.1046458874957592,132.0,3406.0,7098.0,2.7416162917771403,19459.99243903414,inf,552.0,,,,,
01C-0117 -coll 60x VehicleZstack cell2_segmentation_visible.nii.gz,,,,,,,,,Mito,Inference,426977.0,340453.66,0.0805432425309577,284.0,20113.0,41263.0,2.341566902752291,96620.07510826776,inf,3371.0,,,,,
01C-0117 -coll 60x VehicleZstack cell3_segmentation_visible.nii.gz,,,,,,,,,Mito,Inference,373342.0,221715.34,0.1130905392392997,141.0,16635.0,34465.0,2.3417944754096887,80709.94659499492,inf,2208.0,,,,,
01C-0117 -coll 60x VehicleZstack cell4_segmentation_visible.nii.gz,,,,,,,,,Mito,Inference,139372.0,96943.5,0.1340959878920495,86.0,3997.0,8360.0,2.54163304329598,21248.052241954392,inf,597.0,,,,,
01C-0117 -coll 60x VehicleZstack cell5_segmentation_visible.nii.gz,,,,,,,,,Mito,Inference,155912.0,116462.54,0.1202866875291261,89.0,5627.0,11759.0,2.4120802845858758,28363.652066445306,inf,762.0,,,,,
01C-202 +coll 60x veh 48h-Zstack cell1_segmentation_visible.nii.gz,,,,,,,,,Mito,Inference,198530.0,195527.06,0.0841707784681256,361.0,5832.0,12091.0,2.588290367358922,31295.01883173673,inf,1186.0,,,,,
01C-202 +coll 60x veh 48h-Zstack cell2_segmentation_visible.nii.gz,,,,,,,,,Mito,Inference,194819.0,170054.19,0.0955691375938301,420.0,4788.0,9855.0,2.707168574452238,26679.146301226807,inf,1025.0,,,,,
01C-202 +coll 60x veh 48h-Zstack cell3_segmentation_visible.nii.gz,,,,,,,,,Mito,Inference,228366.0,239022.5,0.0755903407904046,2384.0,5754.0,12199.0,3.020824790483539,36851.04161910869,inf,1639.0,,,,,
01C-202 +coll 60x veh 48h-Zstack cell4_segmentation_visible.nii.gz,,,,,,,,,Mito,Inference,139900.0,202613.25,0.0643222791673627,938.0,4983.0,9703.0,2.8153559896699782,27317.3991677678,inf,1942.0,,,,,
01C-202 +coll 60x veh 48h-Zstack cell5_segmentation_visible.nii.gz,,,,,,,,,Mito,Inference,1371243.0,1333598.5,0.0447577907821761,1110.0,99571.0,207951.0,2.141189108154908,445262.4162299213,inf,13272.0,,,,,
01C-202 -coll 60x Veh24h-Zstack cell1_segmentation_visible.nii.gz,,,,,,,,,Mito,Inference,141800.0,173115.97,0.0759622490591476,311.0,4479.0,8594.0,2.9638128127133485,25471.00731245852,inf,1565.0,,,,,
01C-202 -coll 60x Veh24h-Zstack cell2_segmentation_visible.nii.gz,,,,,,,,,Mito,Inference,200706.0,164300.38,0.1008987548775294,169.0,5085.0,10478.0,2.6375011404006328,27635.736949117832,inf,1001.0,,,,,
01C-202 -coll 60x Veh24h-Zstack cell3_segmentation_visible.nii.gz,,,,,,,,,Mito,Inference,214468.0,116591.84,0.1486132809381788,154.0,4657.0,9860.0,2.590226933749081,25539.637566765945,inf,671.0,,,,,
01C-202 -coll 60x Veh24h-Zstack cell4_segmentation_visible.nii.gz,,,,,,,,,Mito,Inference,120585.0,82494.17,0.1430835529721372,100.0,3975.0,8287.0,2.4351843146219934,20180.37241527246,inf,535.0,,,,,
01C-202 -coll 60x Veh24h-Zstack cell5_segmentation_visible.nii.gz,,,,,,,,,Mito,Inference,177770.0,133474.25,0.1145492588416906,230.0,2666.0,5734.0,2.85236904059811,16355.484078789565,inf,482.0,,,,,
01C-222 +Col 60x veh-Zstack Cell1_segmentation_visible.nii.gz,,,,,,,,,Mito,Inference,275904.0,228415.44,0.0897285541871173,320.0,6030.0,12640.0,2.7132354857265235,34295.29653958326,inf,942.0,,,,,
01C-222 +Col 60x veh-Zstack Cell2_segmentation_visible.nii.gz,,,,,,,,,Mito,Inference,347169.0,239083.42,0.0999145232482971,285.0,10218.0,21266.0,2.5494289889592383,54216.15687920716,inf,1500.0,,,,,
01C-222 +Col 60x veh-Zstack Cell3_segmentation_visible.nii.gz,,,,,,,,,Mito,Inference,388544.0,348596.97,0.0738676001013814,349.0,11140.0,22791.0,2.9008480409521846,66113.22770134124,inf,2408.0,,,,,
01C-222 +Col 60x veh-Zstack Cell4_segmentation_visible.nii.gz,,,,,,,,,Mito,Inference,347786.0,226107.6,0.1057735401410893,232.0,8572.0,17774.0,2.661563538853864,47306.63033958858,inf,1229.0,,,,,
01C-222 +Col 60x veh-Zstack Cell5_segmentation_visible.nii.gz,,,,,,,,,Mito,Inference,170349.0,183046.78,0.0811861138805424,619.0,1642.0,3442.0,5.316323574041982,18298.7857418525,inf,486.0,,,,,
01C-222 -Col 60x veh-Zstack Cell1_segmentation_visible.nii.gz,,,,,,,,,Mito,Inference,51853.0,67846.6,0.0991148248214477,388.0,639.0,1499.0,4.112144097121113,6164.104001584548,inf,184.0,,,,,
01C-222 -Col 60x veh-Zstack Cell2_segmentation_visible.nii.gz,,,,,,,,,Mito,Inference,843698.0,668376.3,0.0646032580812002,357.0,43257.0,90058.0,2.2827012623589686,205575.510285524,inf,5845.0,,,,,
01C-222 -Col 60x veh-Zstack Cell3_segmentation_visible.nii.gz,,,,,,,,,Mito,Inference,395304.0,395261.25,0.0659002947931833,390.0,10704.0,22338.0,2.6650738098452664,59532.41876432357,inf,2044.0,,,,,
01C-222 -Col 60x veh-Zstack Cell4_segmentation_visible.nii.gz,,,,,,,,,Mito,Inference,797282.0,677797.1,0.0613468651445363,409.0,47375.0,98554.0,2.228536224598569,219631.15907908737,inf,6842.0,,,,,
01C-222 -Col 60x veh-Zstack Cell5_segmentation_visible.nii.gz,,,,,,,,,Mito,Inference,358939.0,304836.16,0.0801243919295549,272.0,7167.0,14759.0,2.949258930166929,43528.11255033371,inf,1460.0,,,,,
03Asc-0043 +coll 60x veh 48h-Zstack cell1_segmentation_visible.nii.gz,,,,,,,,,Mito,Inference,881934.0,1035982.4,0.0429294984621983,3529.0,44169.0,86870.0,2.613303463628452,227017.6718854037,inf,12418.0,,,,,
03Asc-0043 +coll 60x veh 48h-Zstack cell2_segmentation_visible.nii.gz,,,,,,,,,Mito,Inference,992352.0,911694.25,0.0527730354372257,1608.0,46179.0,93950.0,2.443832631051592,229598.07568729704,inf,9804.0,,,,,
03Asc-0043 +coll 60x veh 48h-Zstack cell3_segmentation_visible.nii.gz,,,,,,,,,Mito,Inference,87873.0,114903.734,0.0831866464479612,1078.0,1066.0,2718.0,3.740518083796482,10166.728151758838,inf,344.0,,,,,
03Asc-0043 +coll 60x veh 48h-Zstack cell4_segmentation_visible.nii.gz,,,,,,,,,Mito,Inference,202420.0,237946.81,0.0700658691034827,757.0,8135.0,16429.0,2.66234369444946,43739.64455611018,inf,2210.0,,,,,
03Asc-0043 +coll 60x veh 48h-Zstack cell5_segmentation_visible.nii.gz,,,,,,,,,Mito,Inference,1626925.0,1692311.6,0.03952896791436,3442.0,85913.0,172953.0,2.451307297696174,423960.9510584464,inf,19702.0,,,,,
03Asc-0043 -coll 60x veh 48h-Zstack cell1_segmentation_visible.nii.gz,,,,,,,,,Mito,Inference,280797.0,269527.94,0.0769381924302509,909.0,10953.0,22583.0,2.538334642914083,57323.21124092874,inf,2343.0,,,,,
03Asc-0043 -coll 60x veh 48h-Zstack cell2_segmentation_visible.nii.gz,,,,,,,,,Mito,Inference,134543.0,135631.34,0.0936191725142991,280.0,4137.0,8251.0,2.8235567839577844,23297.16702443568,inf,1095.0,,,,,
03Asc-0043 -coll 60x veh 48h-Zstack cell3_segmentation_visible.nii.gz,,,,,,,,,Mito,Inference,494942.0,354215.6,0.0854251966854484,260.0,29446.0,61095.0,2.228307264440754,136138.4323210079,inf,3782.0,,,,,
03Asc-0043 -coll 60x veh 48h-Zstack cell4_segmentation_visible.nii.gz,,,,,,,,,Mito,Inference,749257.0,557881.5,0.0715093291686875,378.0,43809.0,90373.0,2.2586652235004614,204122.3522434072,inf,6516.0,,,,,
03Asc-0043 -coll 60x veh 48h-Zstack cell5_segmentation_visible.nii.gz,,,,,,,,,Mito,Inference,734458.0,413895.1,0.0951126955286687,228.0,49057.0,102394.0,2.1602479655645164,221196.4301860131,inf,4631.0,,,,,
03Asc-0051 +Col 60x veh-Zstack Cell1_segmentation_visible.nii.gz,,,,,,,,,Mito,Inference,677803.0,549061.5,0.0679618913774316,346.0,36930.0,76778.0,2.2717081524160503,174417.2085261995,inf,4871.0,,,,,
03Asc-0051 +Col 60x veh-Zstack Cell2_segmentation_visible.nii.gz,,,,,,,,,Mito,Inference,654507.0,473654.4,0.0769659687117816,176.0,24594.0,50856.0,2.3880636297265103,121447.36395337142,inf,3514.0,,,,,
03Asc-0051 +Col 60x veh-Zstack Cell3_segmentation_visible.nii.gz,,,,,,,,,Mito,Inference,546993.0,396914.5,0.0814907544934147,218.0,18794.0,38673.0,2.50513824299661,96881.2112714079,inf,2755.0,,,,,
03Asc-0051 +Col 60x veh-Zstack Cell4_segmentation_visible.nii.gz,,,,,,,,,Mito,Inference,327981.0,266529.1,0.0862922829800061,229.0,8319.0,17107.0,2.75707737405927,47165.32263803193,inf,1361.0,,,,,
03Asc-0051 +Col 60x veh-Zstack Cell5_segmentation_visible.nii.gz,,,,,,,,,Mito,Inference,648398.0,525900.2,0.0688877356861966,390.0,20523.0,42304.0,2.6077579598188803,110318.5927321779,inf,3275.0,,,,,
03Asc-0051 -Col 60x veh-Zstack Cell1_segmentation_visible.nii.gz,,,,,,,,,Mito,Inference,251822.0,199709.66,0.096563761093214,618.0,10787.0,21997.0,2.504075522920687,55082.14927768635,inf,2155.0,,,,,
03Asc-0051 -Col 60x veh-Zstack Cell2_segmentation_visible.nii.gz,,,,,,,,,Mito,Inference,296680.0,219323.22,0.0980825376902097,252.0,13546.0,27624.0,2.395436668157757,66171.54252118987,inf,2368.0,,,,,
03Asc-0051 -Col 60x veh-Zstack Cell3_segmentation_visible.nii.gz,,,,,,,,,Mito,Inference,733556.0,609459.94,0.0645398290626529,722.0,29538.0,59586.0,2.487275291227183,148206.78550306294,inf,6315.0,,,,,
03Asc-0051 -Col 60x veh-Zstack Cell4_segmentation_visible.nii.gz,,,,,,,,,Mito,Inference,257366.0,275797.25,0.070946064302512,318.0,9714.0,18733.0,2.761527549913057,51731.6955925213,inf,3169.0,,,,,
03Asc-0051 -Col 60x veh-Zstack Cell5_segmentation_visible.nii.gz,,,,,,,,,Mito,Inference,916096.0,766689.5,0.0594965705926973,400.0,40715.0,82632.0,2.424951117079724,200378.56070653172,inf,8408.0,,,,,
03Asc-0054 -Col 60x veh-Zstack Cell1_segmentation_visible.nii.gz,,,,,,,,,Mito,Inference,818969.0,540476.44,0.0783223424582356,278.0,32524.0,68075.0,2.348183135781044,159852.56696829456,inf,3807.0,,,,,
03Asc-0054 -Col 60x veh-Zstack Cell2_segmentation_visible.nii.gz,,,,,,,,,Mito,Inference,755277.0,441194.22,0.0909058470578895,209.0,34740.0,72439.0,2.294233603336709,166191.98799210787,inf,3926.0,,,,,
03Asc-0054 -Col 60x veh-Zstack Cell3_segmentation_visible.nii.gz,,,,,,,,,Mito,Inference,120267.0,131161.16,0.0898345106661163,231.0,1671.0,3224.0,4.841131353772264,15607.807484561778,inf,537.0,,,,,
03Asc-0054 -Col 60x veh-Zstack Cell4_segmentation_visible.nii.gz,,,,,,,,,Mito,Inference,756307.0,443905.97,0.0904326421951447,202.0,37488.0,78451.0,2.253366089060885,176778.8230529155,inf,3523.0,,,,,
03Asc-0054 -Col 60x veh-Zstack Cell5_segmentation_visible.nii.gz,,,,,,,,,Mito,Inference,724231.0,535327.94,0.0728532542747132,294.0,27657.0,57421.0,2.4192318964378607,138914.7147253584,inf,3686.0,,,,,
03Asc-0055 +Col 60x veh-Zstack Cell1_segmentation_visible.nii.gz,,,,,,,,,Mito,Inference,210846.0,165459.03,0.1035389821944666,187.0,2423.0,4988.0,3.587081827475228,17892.364155446438,inf,403.0,,,,,
03Asc-0055 +Col 60x veh-Zstack Cell2_segmentation_visible.nii.gz,,,,,,,,,Mito,Inference,76558.0,82977.31,0.1050796165864336,142.0,751.0,1457.0,6.733752352791036,9811.07717801654,inf,245.0,,,,,
03Asc-0055 +Col 60x veh-Zstack Cell3_segmentation_visible.nii.gz,,,,,,,,,Mito,Inference,103954.0,102926.46,0.1038766386305641,171.0,629.0,1352.0,6.692651071097211,9048.46424812343,inf,161.0,,,,,
03Asc-0055 +Col 60x veh-Zstack Cell4_segmentation_visible.nii.gz,,,,,,,,,Mito,Inference,120216.0,113501.26,0.1037827001545336,444.0,1423.0,2926.0,4.947556641446713,14476.550732873084,inf,422.0,,,,,
03Asc-0055 +Col 60x veh-Zstack Cell5_segmentation_visible.nii.gz,,,,,,,,,Mito,Inference,103168.0,96412.11,0.1103356558037926,125.0,905.0,1822.0,5.639393846765707,10274.97558880712,inf,239.0,,,,,
03Asc-0055 -Col 60x veh-Zstack Cell1_segmentation_visible.nii.gz,,,,,,,,,Mito,Inference,248004.0,221133.44,0.0863247834933502,316.0,5144.0,10727.0,2.820046237389143,30250.63598847334,inf,1021.0,,,,,
03Asc-0055 -Col 60x veh-Zstack Cell2_segmentation_visible.nii.gz,,,,,,,,,Mito,Inference,167345.0,148543.16,0.0988644081519501,187.0,2697.0,5517.0,3.5932039534246694,19823.7062110439,inf,498.0,,,,,
03Asc-0055 -Col 60x veh-Zstack Cell3_segmentation_visible.nii.gz,,,,,,,,,Mito,Inference,249356.0,197173.38,0.0971663157632448,195.0,5640.0,11595.0,2.860859730201561,33171.6685716871,inf,1106.0,,,,,
03Asc-0055 -Col 60x veh-Zstack Cell4_segmentation_visible.nii.gz,,,,,,,,,Mito,Inference,325053.0,245383.78,0.0931696339279164,148.0,7538.0,15569.0,2.714661931110518,42264.571605459656,inf,1164.0,,,,,
03Asc-0055 -Col 60x veh-Zstack Cell5_segmentation_visible.nii.gz,,,,,,,,,Mito,Inference,213194.0,153396.9,0.1125081997992727,223.0,3909.0,8256.0,2.810415019453043,23202.786400604324,inf,589.0,,,,,
03Asc-0056 +Col 60x veh-Zstack Cell2_segmentation_visible.nii.gz,,,,,,,,,Mito,Inference,398422.0,346820.78,0.07549900355032,865.0,26084.0,52440.0,2.344270967702311,122933.56954630918,inf,5118.0,,,,,
03Asc-0056 +Col 60x veh-Zstack Cell3_segmentation_visible.nii.gz,,,,,,,,,Mito,Inference,407504.0,397957.4,0.0667936920967157,443.0,23389.0,46280.0,2.4285927966583705,112395.27462934938,inf,5494.0,,,,,
03Asc-0056 +Col 60x veh-Zstack Cell4_segmentation_visible.nii.gz,,,,,,,,,Mito,Inference,122947.0,145931.4,0.0819371110925933,551.0,5502.0,10858.0,2.7876607875779857,30268.42083152177,inf,1697.0,,,,,
03Asc-0056 +Col 60x veh-Zstack Cell5_segmentation_visible.nii.gz,,,,,,,,,Mito,Inference,468680.0,397860.06,0.0733395192540227,449.0,29625.0,59684.0,2.323985704722204,138704.76280064002,inf,5734.0,,,,,
03Asc-0056 +Col 60x veh-Zstack Cell6_segmentation_visible.nii.gz,,,,,,,,,Mito,Inference,476577.0,381565.3,0.0773280912757271,344.0,27403.0,55316.0,2.32454036918493,128584.2750618336,inf,5346.0,,,,,
03Asc-0056 -Col 60x veh-Zstack Cell1_segmentation_visible.nii.gz,,,,,,,,,Mito,Inference,677887.0,538965.6,0.0692406699237179,332.0,38727.0,76452.0,2.4242766364979884,185340.7974135442,inf,9303.0,,,,,
03Asc-0056 -Col 60x veh-Zstack Cell2_segmentation_visible.nii.gz,,,,,,,,,Mito,Inference,704390.0,507935.8,0.0753732794210823,321.0,34541.0,69817.0,2.414872504783125,168599.15366644348,inf,6386.0,,,,,
03Asc-0056 -Col 60x veh-Zstack Cell3_segmentation_visible.nii.gz,,,,,,,,,Mito,Inference,243925.0,170243.92,0.1108962136257575,667.0,8935.0,18076.0,2.6629841471269406,48136.10144346658,inf,1857.0,,,,,
03Asc-0056 -Col 60x veh-Zstack Cell4_segmentation_visible.nii.gz,,,,,,,,,Mito,Inference,234709.0,138463.88,0.1328926020689726,326.0,10802.0,21826.0,2.517399281757723,54944.75672364407,inf,1946.0,,,,,
03Asc-0056 -Col 60x veh-Zstack Cell5_segmentation_visible.nii.gz,,,,,,,,,Mito,Inference,622562.0,496230.5,0.0710540891074305,371.0,42500.0,86784.0,2.241587504464509,194533.92998744792,inf,6588.0,,,,,
03Asc-024 +coll 60x veh 48h-Zstack cell1_segmentation_visible.nii.gz,,,,,,,,,Mito,Inference,61682.0,70932.19,0.1064338411068063,400.0,547.0,1307.0,5.121926103784207,6694.357417645959,inf,168.0,,,,,
03Asc-024 +coll 60x veh 48h-Zstack cell2_segmentation_visible.nii.gz,,,,,,,,,Mito,Inference,115161.0,100505.336,0.1138934171301138,174.0,1427.0,2926.0,3.900070075095708,11411.605039730042,inf,344.0,,,,,
03Asc-024 +coll 60x veh 48h-Zstack cell3_segmentation_visible.nii.gz,,,,,,,,,Mito,Inference,437900.0,321553.2,0.0867257243000579,297.0,8427.0,17657.0,2.927151976795836,51684.72245428408,inf,1194.0,,,,,
03Asc-024 +coll 60x veh 48h-Zstack cell4_segmentation_visible.nii.gz,,,,,,,,,Mito,Inference,284641.0,234993.31,0.0890485650725515,262.0,10481.0,21821.0,2.4641119672255525,53769.38723682879,inf,1440.0,,,,,
03Asc-024 +coll 60x veh 48h-Zstack cell5_segmentation_visible.nii.gz,,,,,,,,,Mito,Inference,126470.0,163804.31,0.0743847324994314,923.0,1460.0,3408.0,4.986010278958124,16992.323030689287,inf,391.0,,,,,
03Asc24- DMSO low-cell-1_segmentation_visible.nii.gz,,,,,,,,,Mito,Inference,1084125.0,810285.44,0.0629843033722689,649.0,85915.0,176924.0,2.1635978147352914,382792.3797742267,inf,11391.0,,,,,
03Asc24- DMSO low-cell-2_segmentation_visible.nii.gz,,,,,,,,,Mito,Inference,478049.0,301268.62,0.0981397984802056,337.0,28724.0,58583.0,2.255939520077697,132159.70490471172,inf,4377.0,,,,,
03Asc24- DMSO low-cell-3_segmentation_visible.nii.gz,,,,,,,,,Mito,Inference,425638.0,301742.66,0.0906861597212974,261.0,25400.0,51395.0,2.346082238993491,120576.89667307049,inf,4338.0,,,,,
03Asc24- DMSO low-cell-4_segmentation_visible.nii.gz,,,,,,,,,Mito,Inference,916540.0,517213.53,0.088223008126755,164.0,70145.0,147009.0,2.1106489960579697,310284.3982614861,inf,6198.0,,,,,
03Asc24- DMSO low-cell-5_segmentation_visible.nii.gz,,,,,,,,,Mito,Inference,364628.0,206616.25,0.1194592158645997,141.0,24205.0,50259.0,2.1934268628430718,110239.44069962992,inf,2447.0,,,,,
03Asc24-DMSO high cell-1_segmentation_visible.nii.gz,,,,,,,,,Mito,Inference,147430.0,149293.67,0.0903996263098456,133.0,2195.0,4458.0,3.706715026348814,16524.53558746301,inf,522.0,,,,,
03Asc24-DMSO high cell-2_segmentation_visible.nii.gz,,,,,,,,,Mito,Inference,118006.0,94970.055,0.122508671236363,177.0,3151.0,6632.0,2.665813492952549,17679.675085261304,inf,488.0,,,,,
03Asc24-DMSO high cell-3_segmentation_visible.nii.gz,,,,,,,,,Mito,Inference,167569.0,139484.19,0.1053792086223128,96.0,3138.0,6412.0,3.122396836222157,20020.808513856475,inf,514.0,,,,,
03Asc24-DMSO high cell-4_segmentation_visible.nii.gz,,,,,,,,,Mito,Inference,85858.0,93178.11,0.1010083806836392,349.0,1271.0,2773.0,3.554992970198529,9857.99550636052,inf,292.0,,,,,
03Asc24-DMSO high cell-5_segmentation_visible.nii.gz,,,,,,,,,Mito,Inference,189252.0,178159.22,0.0894752272486459,211.0,4688.0,9670.0,2.8872106396294503,27919.326885216786,inf,811.0,,,,,
03Asc46 +coll 60x veh 48h-Zstack cell1_segmentation_visible.nii.gz,,,,,,,,,Mito,Inference,518709.0,414561.62,0.0753085378105342,358.0,26133.0,53637.0,2.355144696245576,126322.89607252396,inf,4072.0,,,,,
03Asc46 +coll 60x veh 48h-Zstack cell2_segmentation_visible.nii.gz,,,,,,,,,Mito,Inference,235813.0,222043.33,0.0831300851266513,543.0,7906.0,16106.0,2.782160398104029,44809.47537186349,inf,1793.0,,,,,
03Asc46 +coll 60x veh 48h-Zstack cell3_segmentation_visible.nii.gz,,,,,,,,,Mito,Inference,243909.0,273011.5,0.0691493975041611,1400.0,6409.0,13343.0,3.145668165546261,41972.65033288376,inf,1829.0,,,,,
03Asc46 +coll 60x veh 48h-Zstack cell4_segmentation_visible.nii.gz,,,,,,,,,Mito,Inference,197919.0,220406.78,0.0745162225044888,1377.0,6525.0,13621.0,2.795235719236244,38073.90573171687,inf,1763.0,,,,,
03Asc46 +coll 60x veh 48h-Zstack cell5_segmentation_visible.nii.gz,,,,,,,,,Mito,Inference,275452.0,215301.94,0.0950896991005189,124.0,13309.0,26955.0,2.398693727972135,64656.7894374889,inf,2493.0,,,,,
03Asc46 -coll 60x veh 48h-Zstack cell1_segmentation_visible.nii.gz,,,,,,,,,Mito,Inference,415225.0,365047.97,0.0737320854012951,369.0,21767.0,44118.0,2.3915443474957727,105510.1535228185,inf,4185.0,,,,,
03Asc46 -coll 60x veh 48h-Zstack cell2_segmentation_visible.nii.gz,,,,,,,,,Mito,Inference,424967.0,362398.8,0.075428272828226,359.0,16615.0,34349.0,2.489441494248904,85509.8258859556,inf,2400.0,,,,,
03Asc46 -coll 60x veh 48h-Zstack cell3_segmentation_visible.nii.gz,,,,,,,,,Mito,Inference,460971.0,404095.12,0.0714139271741885,162.0,16090.0,32973.0,2.6064907805374187,85943.82050666031,inf,2790.0,,,,,
03Asc46 -coll 60x veh 48h-Zstack cell4_segmentation_visible.nii.gz,,,,,,,,,Mito,Inference,405833.0,349013.03,0.0759522634454709,325.0,16740.0,34259.0,2.5140630089890736,86129.28462495668,inf,2708.0,,,,,
03Asc46 -coll 60x veh 48h-Zstack cell5_segmentation_visible.nii.gz,,,,,,,,,Mito,Inference,436789.0,369330.06,0.0753790384844996,330.0,19991.0,40840.0,2.41249505003466,98526.29784341552,inf,3439.0,,,,,
03Asc47 +coll 60x veh 48h-Zstack cell1_segmentation_visible.nii.gz,,,,,,,,,Mito,Inference,436811.0,329185.78,0.0845743692045837,243.0,14877.0,31230.0,2.4412751906166825,76241.024202959,inf,2046.0,,,,,
03Asc47 +coll 60x veh 48h-Zstack cell2_segmentation_visible.nii.gz,,,,,,,,,Mito,Inference,381840.0,389797.44,0.0652979317491664,481.0,10411.0,21623.0,2.788756094109171,60301.2730229226,inf,1797.0,,,,,
03Asc47 +coll 60x veh 48h-Zstack cell3_segmentation_visible.nii.gz,,,,,,,,,Mito,Inference,254043.0,222143.88,0.0873215165479028,218.0,10904.0,22605.0,2.41629774006826,54620.410414243015,inf,1699.0,,,,,
03Asc47 +coll 60x veh 48h-Zstack cell4_segmentation_visible.nii.gz,,,,,,,,,Mito,Inference,457207.0,385672.7,0.0744172849250515,464.0,21244.0,44174.0,2.4016637802603102,106091.09582921896,inf,2983.0,,,,,
03Asc47 +coll 60x veh 48h-Zstack cell5_segmentation_visible.nii.gz,,,,,,,,,Mito,Inference,314997.0,227731.22,0.098310332708817,262.0,13481.0,27827.0,2.4152075863836684,67207.98150629834,inf,1817.0,,,,,
03Asc47 -coll 60x veh 48h-Zstack cell1_segmentation_visible.nii.gz,,,,,,,,,Mito,Inference,649834.0,465463.62,0.0779471063270863,256.0,40561.0,84388.0,2.2158051458014287,186987.36464389096,inf,4758.0,,,,,
03Asc47 -coll 60x veh 48h-Zstack cell2_segmentation_visible.nii.gz,,,,,,,,,Mito,Inference,83777.0,96985.95,0.0954681461573577,366.0,1402.0,2996.0,3.966319983535232,11883.094670671557,inf,398.0,,,,,
03Asc47 -coll 60x veh 48h-Zstack cell3_segmentation_visible.nii.gz,,,,,,,,,Mito,Inference,349448.0,298956.7,0.0802535448379366,233.0,17001.0,34800.0,2.366417311284656,82351.32243270602,inf,2942.0,,,,,
03Asc47 -coll 60x veh 48h-Zstack cell4_segmentation_visible.nii.gz,,,,,,,,,Mito,Inference,402059.0,304134.34,0.0866187379815773,170.0,18318.0,37667.0,2.389208692292925,89994.3238125976,inf,3163.0,,,,,
03Asc47 -coll 60x veh 48h-Zstack cell5_segmentation_visible.nii.gz,,,,,,,,,Mito,Inference,292499.0,267571.12,0.0796393677637311,398.0,10812.0,21864.0,2.6104006306951795,57073.7993895194,inf,2460.0,,,,,
03Rt-0045 +coll 60x veh 48h-Zstack cell1_segmentation_visible.nii.gz,,,,,,,,,Mito,Inference,1111274.0,1140679.0,0.0454849910832761,1711.0,82750.0,165889.0,2.3153121792406743,384084.8221020562,inf,17222.0,,,,,
03Rt-0045 +coll 60x veh 48h-Zstack cell2_segmentation_visible.nii.gz,,,,,,,,,Mito,Inference,1400103.0,1405411.8,0.043064611644467,847.0,103395.0,207414.0,2.2750983096674453,471887.2408013635,inf,20960.0,,,,,
03Rt-0045 +coll 60x veh 48h-Zstack cell3_segmentation_visible.nii.gz,,,,,,,,,Mito,Inference,1663498.0,1044846.6,0.0649800092708568,1424.0,126646.0,265041.0,2.1459177961780487,568756.1986168262,inf,12634.0,,,,,
03Rt-0045 +coll 60x veh 48h-Zstack cell4_segmentation_visible.nii.gz,,,,,,,,,Mito,Inference,736627.0,817694.56,0.0482382381032178,916.0,58758.0,117936.0,2.274679472372509,268266.5982537242,inf,11852.0,,,,,
03Rt-0045 +coll 60x veh 48h-Zstack cell5_segmentation_visible.nii.gz,,,,,,,,,Mito,Inference,694560.0,485936.03,0.0780509513729332,605.0,54619.0,112953.0,2.1399717669212395,241716.23098905475,inf,6664.0,,,,,
03Rt-0045 -coll 60x veh 48h-Zstack cell1_segmentation_visible.nii.gz,,,,,,,,,Mito,Inference,1622484.0,1983922.9,0.0336573269365089,2604.0,125055.0,246074.0,2.336350802716957,574915.1874277724,inf,32277.0,,,,,
03Rt-0045 -coll 60x veh 48h-Zstack cell2_segmentation_visible.nii.gz,,,,,,,,,Mito,Inference,1861250.0,1455949.8,0.0502582711950424,1158.0,143296.0,294584.0,2.161092695995494,636623.3307571367,inf,19368.0,,,,,
03Rt-0045 -coll 60x veh 48h-Zstack cell3_segmentation_visible.nii.gz,,,,,,,,,Mito,Inference,1900188.0,2579674.5,0.0287596498728093,1008.0,158172.0,306638.0,2.3676332105936817,726006.3124300254,inf,45643.0,,,,,
03Rt-0045 -coll 60x veh 48h-Zstack cell4_segmentation_visible.nii.gz,,,,,,,,,Mito,Inference,1497976.0,1501758.0,0.0421587190896209,482.0,117446.0,236478.0,2.2425470400210767,530313.0389301042,inf,22450.0,,,,,
03Rt-0045 -coll 60x veh 48h-Zstack cell5_segmentation_visible.nii.gz,,,,,,,,,Mito,Inference,885215.0,872252.44,0.0511141459892283,1152.0,58974.0,118042.0,2.324035590280195,274333.80914785474,inf,13200.0,,,,,
01Asc-230 +Col 60x veh-Zstack Cell1.nii.gz,,,,,,,,,Nucleus,Training,,,,,,,,,,,36701.0,0.3650757697607287,14.826463556620896,0.6966458536106215,0.6680988184747583
01Asc-230 +Col 60x veh-Zstack Cell2.nii.gz,,,,,,,,,Nucleus,Training,,,,,,,,,,,197257.0,1.782333881347265,10.841947582926034,0.7655648607833281,0.9406718232887296
01Asc-230 +Col 60x veh-Zstack Cell3.nii.gz,,,,,,,,,Nucleus,Training,,,,,,,,,,,95803.0,0.1925071134001704,44.23241911434612,0.5254978996609735,0.6322128075176856
01Asc-230 +Col 60x veh-Zstack Cell4.nii.gz,,,,,,,,,Nucleus,Training,,,,,,,,,,,141224.0,0.914295974519101,16.529921635073247,0.5558182068253067,0.879216573729089
01Asc-230 +Col 60x veh-Zstack Cell5.nii.gz,,,,,,,,,Nucleus,Training,,,,,,,,,,,72759.0,0.6355093057977346,14.717349006494072,0.4474132001472096,0.8199285529147932
01Asc-230 -Col 60x veh-Zstack Cell2.nii.gz,,,,,,,,,Nucleus,Training,,,,,,,,,,,269005.0,1.2172299523854253,11.950483792501103,0.7030063799890771,0.9093137006351556
01Asc-230 -Col 60x veh-Zstack Cell3.nii.gz,,,,,,,,,Nucleus,Training,,,,,,,,,,,191234.0,2.4107356919023992,10.566034229509786,0.6043121142267102,0.9755271161186292
01Asc-230 -Col 60x veh-Zstack Cell4.nii.gz,,,,,,,,,Nucleus,Training,,,,,,,,,,,59887.0,1.0964309097298273,8.92452570310399,0.6360951386970468,0.88637440056835
01Asc-230 -Col 60x veh-Zstack Cell5.nii.gz,,,,,,,,,Nucleus,Training,,,,,,,,,,,71683.0,0.2269764721652447,33.49101603670049,0.5920172563379583,0.7037749742280693
01C-0083 +coll 60x vehicleZstack cell1.nii.gz,,,,,,,,,Nucleus,Training,,,,,,,,,,,151097.0,1.5279829562562404,12.30439194834764,0.5789583558910681,0.9426051044025628
01C-0083 +coll 60x vehicleZstack cell2.nii.gz,,,,,,,,,Nucleus,Training,,,,,,,,,,,149127.0,1.6691217274589938,13.530182763679782,0.4657350615934395,0.9336756633698428
01C-0083 +coll 60x vehicleZstack cell4.nii.gz,,,,,,,,,Nucleus,Training,,,,,,,,,,,133226.0,2.477352971323429,11.201773599155969,0.7757091079110712,0.962904601506368
01C-0083 +coll 60x vehicleZstack cell5.nii.gz,,,,,,,,,Nucleus,Training,,,,,,,,,,,71899.0,2.3278274227768083,8.910767640685531,0.8955962120824953,0.9558240940150488
01C-0083 -coll 60x vehicleZstack cell1.nii.gz,,,,,,,,,Nucleus,Training,,,,,,,,,,,103589.0,2.557741379871918,12.939113714838628,0.602705788660337,0.958950663012075
01C-0083 -coll 60x vehicleZstack cell2.nii.gz,,,,,,,,,Nucleus,Training,,,,,,,,,,,171425.0,0.6797487335823872,8.130131378167679,0.6216475711752356,0.8426591244967641
01C-0083 -coll 60x vehicleZstack cell3.nii.gz,,,,,,,,,Nucleus,Training,,,,,,,,,,,125443.0,2.7413830663835235,14.201682776548592,0.6083089716411529,0.9671557327124276
01C-0083 -coll 60x vehicleZstack cell4.nii.gz,,,,,,,,,Nucleus,Training,,,,,,,,,,,108425.0,1.155607304903569,14.819989743659333,0.6894064699941419,0.9137778452046827
01C-0083 -coll 60x vehicleZstack cell5.nii.gz,,,,,,,,,Nucleus,Training,,,,,,,,,,,188758.0,1.0538552439813318,13.158788589220071,0.6420822180986218,0.909401001141822
01C-0096 +coll 60x vehicleZstack cell1.nii.gz,,,,,,,,,Nucleus,Training,,,,,,,,,,,159604.0,2.3432387164792843,7.667957096357465,0.7767548517795861,0.9586459165470392
01C-0096 +coll 60x vehicleZstack cell2.nii.gz,,,,,,,,,Nucleus,Training,,,,,,,,,,,174240.0,2.225757362322822,9.035335145722058,0.7490049531380363,0.963048358380608
01C-0096 +coll 60x vehicleZstack cell3.nii.gz,,,,,,,,,Nucleus,Training,,,,,,,,,,,60266.0,1.062881403260805,9.386611241031565,0.2529796680329471,0.8506358773130831
01C-0096 +coll 60x vehicleZstack cell5.nii.gz,,,,,,,,,Nucleus,Training,,,,,,,,,,,300073.0,3.013949998282565,24.804471306267285,0.4745321239882845,0.971707522424792
01C-0096 -coll 60x vehicleZstack cell1.nii.gz,,,,,,,,,Nucleus,Training,,,,,,,,,,,133962.0,1.287586037752466,15.63152976129,0.5534941255747599,0.908605031301505
01C-0096 -coll 60x vehicleZstack cell2.nii.gz,,,,,,,,,Nucleus,Training,,,,,,,,,,,281718.0,2.3058860850783995,16.97388612026168,0.5487202579887845,0.9462515114873036
01C-0096 -coll 60x vehicleZstack cell3.nii.gz,,,,,,,,,Nucleus,Training,,,,,,,,,,,280119.0,0.9361551829228886,16.494868003438906,0.5657824635929791,0.9215909129578146
01C-0096 -coll 60x vehicleZstack cell5.nii.gz,,,,,,,,,Nucleus,Training,,,,,,,,,,,222945.0,1.5164831478210992,14.684931434530252,0.5909903701134691,0.94876268698002
01C-0097 +coll 60x VehicleZstack cell1.nii.gz,,,,,,,,,Nucleus,Training,,,,,,,,,,,135126.0,2.044901373420677,13.534491516830505,0.5373100399798113,0.964462064721121
01C-0097 +coll 60x VehicleZstack cell2.nii.gz,,,,,,,,,Nucleus,Training,,,,,,,,,,,85452.0,0.8694733520016361,7.171308670092465,0.5006810882087559,0.915642174498422
01C-0097 +coll 60x VehicleZstack cell3.nii.gz,,,,,,,,,Nucleus,Training,,,,,,,,,,,131073.0,2.2491058865338207,11.262792822574376,0.5790452553809714,0.9621498864496594
01C-0097 +coll 60x VehicleZstack cell4.nii.gz,,,,,,,,,Nucleus,Training,,,,,,,,,,,120368.0,1.9971642468192616,12.78435090305825,0.5387930309368499,0.9623003451320332
01C-0097 +coll 60x VehicleZstack cell5.nii.gz,,,,,,,,,Nucleus,Training,,,,,,,,,,,96236.0,2.3134532744674723,13.176368176505148,0.5409316308877816,0.9615330815498672
01C-0097 -coll 60x VehicleZstack cell2.nii.gz,,,,,,,,,Nucleus,Training,,,,,,,,,,,68347.0,1.5189391561422585,12.07056144855112,0.271571125712226,0.9106633238204463
01C-0097 -coll 60x VehicleZstack cell3.nii.gz,,,,,,,,,Nucleus,Training,,,,,,,,,,,145992.0,2.7588178637810823,11.270869001044728,0.6404486645254218,0.9831819008425888
01C-0097 -coll 60x VehicleZstack cell4.nii.gz,,,,,,,,,Nucleus,Training,,,,,,,,,,,102369.0,1.5390609330053826,8.433540181608786,0.5242501700268717,0.935722708201936
01C-0097 -coll 60x VehicleZstack cell5.nii.gz,,,,,,,,,Nucleus,Training,,,,,,,,,,,221273.0,1.907444610259808,10.929334529364972,0.6497807384712092,0.9508504096157568
01C-0113 +coll veh60x Zstack cell4.nii.gz,,,,,,,,,Nucleus,Training,,,,,,,,,,,50185.0,1.988035960007573,5.67895409143605,0.688112866590239,0.9333097766454036
01C-0113 no coll veh60x Zstack cell1.nii.gz,,,,,,,,,Nucleus,Training,,,,,,,,,,,26377.0,0.2862485083710346,16.997168205355308,0.6699141321872745,0.6532355927586122
01C-0113 no coll veh60x Zstack cell2.nii.gz,,,,,,,,,Nucleus,Training,,,,,,,,,,,19046.0,0.4154939572573248,8.996229235997523,0.5211204105534802,0.7023897329989675
01C-0113 no coll veh60x Zstack cell3.nii.gz,,,,,,,,,Nucleus,Training,,,,,,,,,,,43491.0,2.529515771710345,6.800464341599303,0.9157596209182371,0.9734321142396706
01C-0113 no coll veh60x Zstack cell4.nii.gz,,,,,,,,,Nucleus,Training,,,,,,,,,,,31809.0,1.8244548677436137,4.376160413679073,0.592638601633939,0.9544227076332212
01C-0113 no coll veh60x Zstack cell5.nii.gz,,,,,,,,,Nucleus,Training,,,,,,,,,,,47206.0,1.4975170039184655,4.648008178589194,0.6578338743150928,0.9364040307863208
01C-0117 +coll 60x VehicleZstack cell1.nii.gz,,,,,,,,,Nucleus,Training,,,,,,,,,,,82883.0,0.7004096052575688,9.311447376584136,0.6885321549995033,0.8289588232351028
01C-0117 +coll 60x VehicleZstack cell2.nii.gz,,,,,,,,,Nucleus,Training,,,,,,,,,,,69360.0,1.1940122512275442,10.208481504965365,0.7115537463178035,0.9102602806253036
01C-0117 +coll 60x VehicleZstack cell3.nii.gz,,,,,,,,,Nucleus,Training,,,,,,,,,,,36044.0,0.4933433097055054,12.839693961385867,0.4115067729526477,0.7405211066801661
01C-0117 +coll 60x VehicleZstack cell4.nii.gz,,,,,,,,,Nucleus,Training,,,,,,,,,,,74236.0,0.4258473292647461,10.562763020194271,0.6886611028168554,0.8368096820353618
01C-0117 +coll 60x VehicleZstack cell5.nii.gz,,,,,,,,,Nucleus,Training,,,,,,,,,,,63911.0,0.4451109097033845,13.775765958829,0.69945786939102,0.7820231334404553
01C-0117 -coll 60x VehicleZstack cell1.nii.gz,,,,,,,,,Nucleus,Training,,,,,,,,,,,69859.0,1.1466754351574284,10.426181798302446,0.6750949561544348,0.8905933208369994
01C-0117 -coll 60x VehicleZstack cell2.nii.gz,,,,,,,,,Nucleus,Training,,,,,,,,,,,92734.0,2.616494249361804,11.02878871892806,0.5532050682696753,0.978423490435645
01C-0117 -coll 60x VehicleZstack cell3.nii.gz,,,,,,,,,Nucleus,Training,,,,,,,,,,,78639.0,1.1167122326719252,9.973716353262535,0.8330449140019409,0.8937749337940284
01C-0117 -coll 60x VehicleZstack cell4.nii.gz,,,,,,,,,Nucleus,Training,,,,,,,,,,,167154.0,0.0644434168610053,33.68848470597251,0.7793745051163078,0.202349073628852
01C-0117 -coll 60x VehicleZstack cell5.nii.gz,,,,,,,,,Nucleus,Training,,,,,,,,,,,98557.0,0.2068771992123107,18.935737292419915,0.5207203274051694,0.7725545639303703
01C-202 +coll 60x veh 48h-Zstack cell1.nii.gz,,,,,,,,,Nucleus,Training,,,,,,,,,,,56344.0,2.234542945006957,5.076336969656389,0.7673438699653302,0.980029225523624
01C-202 +coll 60x veh 48h-Zstack cell2.nii.gz,,,,,,,,,Nucleus,Training,,,,,,,,,,,51670.0,2.610725547271473,8.506519290252486,0.6946705341764103,0.9708756106726796
01C-202 +coll 60x veh 48h-Zstack cell3.nii.gz,,,,,,,,,Nucleus,Training,,,,,,,,,,,30156.0,0.5270052794360209,16.4285965371203,0.1691855923435526,0.3300850480109739
01C-202 +coll 60x veh 48h-Zstack cell4.nii.gz,,,,,,,,,Nucleus,Training,,,,,,,,,,,73987.0,1.895093795667632,9.91365685511174,0.7319224815756344,0.9530108842661172
01C-202 +coll 60x veh 48h-Zstack cell5.nii.gz,,,,,,,,,Nucleus,Training,,,,,,,,,,,54340.0,1.7367214404449838,17.127024284111187,0.2093225089448633,0.8338192419825073
01C-202 -coll 60x Veh24h-Zstack cell1.nii.gz,,,,,,,,,Nucleus,Training,,,,,,,,,,,66242.0,2.566425353546005,7.746358980897284,0.7994552627538084,0.9843060323688082
01C-202 -coll 60x Veh24h-Zstack cell2.nii.gz,,,,,,,,,Nucleus,Training,,,,,,,,,,,92930.0,2.956979715846121,11.237970364467166,0.7108228729429387,0.987356566085848
01C-202 -coll 60x Veh24h-Zstack cell3.nii.gz,,,,,,,,,Nucleus,Training,,,,,,,,,,,66609.0,2.997639787209192,11.146296766949948,0.7125559546746695,0.9870632168578288
01C-202 -coll 60x Veh24h-Zstack cell4.nii.gz,,,,,,,,,Nucleus,Training,,,,,,,,,,,22685.0,2.04911039302597,7.125276241767682,0.4351065540598482,0.9532313639801664
01C-202 -coll 60x Veh24h-Zstack cell5.nii.gz,,,,,,,,,Nucleus,Training,,,,,,,,,,,53710.0,2.5940035526985445,9.709227399581216,0.554269443370311,0.9808254200146092
01C-222 +Col 60x veh-Zstack Cell1.nii.gz,,,,,,,,,Nucleus,Training,,,,,,,,,,,133710.0,2.4954691743035182,7.053116110345616,0.7642150091836705,0.9885771320838416
01C-222 +Col 60x veh-Zstack Cell2.nii.gz,,,,,,,,,Nucleus,Training,,,,,,,,,,,137331.0,3.3550964638568703,16.159547056675574,0.6982760492797395,0.9891741216128614
01C-222 +Col 60x veh-Zstack Cell3.nii.gz,,,,,,,,,Nucleus,Training,,,,,,,,,,,154600.0,3.5662665780001115,22.168304144016638,0.5975343590473271,0.9893007064605304
01C-222 +Col 60x veh-Zstack Cell4.nii.gz,,,,,,,,,Nucleus,Training,,,,,,,,,,,103707.0,3.2094959214862118,14.292445090875258,0.6741439718241152,0.9873189958015596
01C-222 +Col 60x veh-Zstack Cell5.nii.gz,,,,,,,,,Nucleus,Training,,,,,,,,,,,78428.0,0.239254362204702,36.16203521236072,0.6866483406728069,0.6702274028559952
01C-222 -Col 60x veh-Zstack Cell3.nii.gz,,,,,,,,,Nucleus,Training,,,,,,,,,,,147396.0,2.750575483918565,11.667682969514471,0.6050626365775671,0.9825613950883928
01C-222 -Col 60x veh-Zstack Cell5.nii.gz,,,,,,,,,Nucleus,Training,,,,,,,,,,,69071.0,0.1437770041896005,29.10844675912256,0.7193403329853513,0.538154081092031
03Asc-0057 -Col 60x veh-Zstack Cell5.nii.gz,,,,,,,,,Nucleus,Training,,,,,,,,,,,17257.0,0.6895843221939475,11.29270643444545,0.2850201276710138,0.7187683777199025
03Asc-024 +coll 60x veh 48h-Zstack cell1.nii.gz,,,,,,,,,Nucleus,Training,,,,,,,,,,,67749.0,1.5990220515245377,14.594288254441825,0.6163826504799602,0.9305030971445838
03Asc-024 +coll 60x veh 48h-Zstack cell2.nii.gz,,,,,,,,,Nucleus,Training,,,,,,,,,,,44694.0,2.651918016896492,10.197258476362206,0.5746508943223883,0.966147859922179
03Asc-024 +coll 60x veh 48h-Zstack cell3.nii.gz,,,,,,,,,Nucleus,Training,,,,,,,,,,,156959.0,2.150199436779662,13.21350038052323,0.8765064441446693,0.9663951433655344
03Asc-024 +coll 60x veh 48h-Zstack cell5.nii.gz,,,,,,,,,Nucleus,Training,,,,,,,,,,,141404.0,2.635887236630016,15.908629397706884,0.7478189211787523,0.9659139035752832
03Asc24- DMSO low-cell-1.nii.gz,,,,,,,,,Nucleus,Training,,,,,,,,,,,149472.0,1.3775189629620626,10.921950166658544,0.5638778350554919,0.9526698874427972
03Asc24- DMSO low-cell-2.nii.gz,,,,,,,,,Nucleus,Training,,,,,,,,,,,40860.0,2.452256390424379,11.655998274027104,0.4002561911972409,0.9765540976554098
03Asc24- DMSO low-cell-3.nii.gz,,,,,,,,,Nucleus,Training,,,,,,,,,,,71840.0,0.953355519540221,8.56178067414884,0.7227559378549472,0.8844785344052792
03Asc24- DMSO low-cell-4.nii.gz,,,,,,,,,Nucleus,Training,,,,,,,,,,,222180.0,3.0520051337746112,13.42907172227533,0.6869020398684814,0.9884683145587528
03Asc24- DMSO low-cell-5.nii.gz,,,,,,,,,Nucleus,Training,,,,,,,,,,,79728.0,0.8069449008293385,10.973541567240924,0.5051735407213809,0.8890376270316701
03Asc24-DMSO high cell-1.nii.gz,,,,,,,,,Nucleus,Training,,,,,,,,,,,106736.0,2.721608820678118,13.01203687771527,0.6100811419673354,0.97530728809687
03Asc24-DMSO high cell-2.nii.gz,,,,,,,,,Nucleus,Training,,,,,,,,,,,69102.0,2.5910675194454518,9.303355209256702,0.5810637647139667,0.986494974874372
03Asc24-DMSO high cell-3.nii.gz,,,,,,,,,Nucleus,Training,,,,,,,,,,,118817.0,1.6099245744387594,12.699448977506202,0.5618628199552035,0.8970381457794712
03Asc24-DMSO high cell-4.nii.gz,,,,,,,,,Nucleus,Training,,,,,,,,,,,60779.0,1.958484617293515,9.31312438951278,0.6836795776298615,0.9569275398877468
03Asc24-DMSO high cell-5.nii.gz,,,,,,,,,Nucleus,Training,,,,,,,,,,,151298.0,2.269366344815904,12.964719149675696,0.6564325952515375,0.969529582898118
03Rt-0045 +coll 60x veh 48h-Zstack cell1.nii.gz,,,,,,,,,Nucleus,Training,,,,,,,,,,,117048.0,2.639307668517948,9.976610355781911,0.6562447944305688,0.987246963562753
03Rt-0045 +coll 60x veh 48h-Zstack cell2.nii.gz,,,,,,,,,Nucleus,Training,,,,,,,,,,,136050.0,2.461168627645009,7.49971733147113,0.6898696070531514,0.9843716084219666
03Rt-0045 +coll 60x veh 48h-Zstack cell3.nii.gz,,,,,,,,,Nucleus,Training,,,,,,,,,,,194064.0,2.7665329869087203,11.727375154455473,0.6249526839395682,0.9855416914240444
03Rt-0045 +coll 60x veh 48h-Zstack cell4.nii.gz,,,,,,,,,Nucleus,Training,,,,,,,,,,,153552.0,2.4235062693249807,7.458781956155702,0.6472627271182205,0.9870410367170628
03Rt-0045 +coll 60x veh 48h-Zstack cell5.nii.gz,,,,,,,,,Nucleus,Training,,,,,,,,,,,86532.0,2.582238627596132,8.630815278570216,0.6495648569845313,0.9836311553676168
03Rt-0045 -coll 60x veh 48h-Zstack cell1.nii.gz,,,,,,,,,Nucleus,Training,,,,,,,,,,,108185.0,2.8677151870040016,10.377459887574393,0.7299654342341076,0.9857672647088304
03Rt-0045 -coll 60x veh 48h-Zstack cell2.nii.gz,,,,,,,,,Nucleus,Training,,,,,,,,,,,165088.0,2.856223972207106,15.271627720516186,0.5138006649695754,0.9867192636423404
03Rt-0045 -coll 60x veh 48h-Zstack cell3.nii.gz,,,,,,,,,Nucleus,Training,,,,,,,,,,,63595.0,1.3362893736301709,5.253931306378344,0.8493858428384461,0.9140627245810216
03Rt-0045 -coll 60x veh 48h-Zstack cell4.nii.gz,,,,,,,,,Nucleus,Training,,,,,,,,,,,97351.0,1.478305497515491,6.5256353619777805,0.5524186011040948,0.933634471713132
03Rt-0045 -coll 60x veh 48h-Zstack cell5.nii.gz,,,,,,,,,Nucleus,Training,,,,,,,,,,,74180.0,2.237164186742381,10.207148503507884,0.690402370209921,0.9283738626550356
01ASC-0180 +coll 60x DMSO48h-Zstack cell10_segmentation.nii.gz,,,,,,,,,Nucleus,Inference,,,,,,,,,,,53241.0,2.0812038976382428,11.567710287101082,0.7736687312592786,0.9634428840306934
01ASC-0180 +coll 60x DMSO48h-Zstack cell1_segmentation.nii.gz,,,,,,,,,Nucleus,Inference,,,,,,,,,,,70475.0,2.4781711533244826,14.230027072669886,0.6696688892094321,0.9740843123704216
01ASC-0180 +coll 60x DMSO48h-Zstack cell2_segmentation.nii.gz,,,,,,,,,Nucleus,Inference,,,,,,,,,,,87536.0,1.7312220955540487,14.950556553511015,0.5338902817969401,0.9644766491406354
01ASC-0180 +coll 60x DMSO48h-Zstack cell3_segmentation.nii.gz,,,,,,,,,Nucleus,Inference,,,,,,,,,,,67083.0,1.2907221416724912,12.065110296973776,0.6510108222566431,0.9326056729699668
01ASC-0180 +coll 60x DMSO48h-Zstack cell4_segmentation.nii.gz,,,,,,,,,Nucleus,Inference,,,,,,,,,,,50397.0,2.381565350282785,11.78625569747284,0.6998180180637358,0.9703300088567136
01ASC-0180 +coll 60x DMSO48h-Zstack cell5_segmentation.nii.gz,,,,,,,,,Nucleus,Inference,,,,,,,,,,,59165.0,1.7586949243363437,15.79697228680521,0.7028608636570971,0.9549504471059173
01ASC-0180 +coll 60x DMSO48h-Zstack cell6_segmentation.nii.gz,,,,,,,,,Nucleus,Inference,,,,,,,,,,,51666.0,1.3831977693800783,9.692778045372268,0.5631301682466028,0.9341301124651936
01ASC-0180 +coll 60x DMSO48h-Zstack cell7_segmentation.nii.gz,,,,,,,,,Nucleus,Inference,,,,,,,,,,,65606.0,2.2983720241258485,10.272751717677249,0.6288665791151534,0.960640759071075
01ASC-0180 +coll 60x DMSO48h-Zstack cell8_segmentation.nii.gz,,,,,,,,,Nucleus,Inference,,,,,,,,,,,84265.0,1.3228146496042126,13.408334278317662,0.6541056868399232,0.9332705621711436
01ASC-0180 +coll 60x DMSO48h-Zstack cell9_segmentation.nii.gz,,,,,,,,,Nucleus,Inference,,,,,,,,,,,130754.0,2.330522624363981,19.336687850347843,0.6710110945805408,0.9720400850469096
01ASC-0180 -coll 60x DMSO48H-Zstack cell1_segmentation.nii.gz,,,,,,,,,Nucleus,Inference,,,,,,,,,,,65584.0,2.426568221546645,8.15550559811973,0.7101148705767625,0.9680009446215608
01ASC-0180 -coll 60x DMSO48H-Zstack cell2_segmentation.nii.gz,,,,,,,,,Nucleus,Inference,,,,,,,,,,,89464.0,1.9740411129457556,18.249973431283166,0.5272891283727124,0.9559549505267882
01ASC-0180 -coll 60x DMSO48H-Zstack cell3_segmentation.nii.gz,,,,,,,,,Nucleus,Inference,,,,,,,,,,,108363.0,2.8062457164339336,15.837521626511023,0.5788561483867057,0.9793400753734784
01ASC-0180 -coll 60x DMSO48H-Zstack cell4_segmentation.nii.gz,,,,,,,,,Nucleus,Inference,,,,,,,,,,,92458.0,2.169018552274424,17.533419737766756,0.5814008399561379,0.968826296983224
01ASC-0180 -coll 60x DMSO48H-Zstack cell5_segmentation.nii.gz,,,,,,,,,Nucleus,Inference,,,,,,,,,,,64851.0,1.8322972505037705,11.999769322493098,0.6200837369566151,0.9612967300109692
01ASC-0180 -coll 60x DMSO48h-Zstack cell10_segmentation.nii.gz,,,,,,,,,Nucleus,Inference,,,,,,,,,,,56235.0,1.6031239012168728,13.429705004624946,0.617677127512209,0.9516999779992892
01ASC-0180 -coll 60x DMSO48h-Zstack cell6_segmentation.nii.gz,,,,,,,,,Nucleus,Inference,,,,,,,,,,,99590.0,1.8283634433024265,7.424710103358157,0.6509430127043935,0.9499685216628192
01ASC-0180 -coll 60x DMSO48h-Zstack cell7_segmentation.nii.gz,,,,,,,,,Nucleus,Inference,,,,,,,,,,,80194.0,1.6446229870879574,7.618444780769082,0.6358026478674166,0.9523928304172754
01ASC-0180 -coll 60x DMSO48h-Zstack cell8_segmentation.nii.gz,,,,,,,,,Nucleus,Inference,,,,,,,,,,,97174.0,2.740647423262938,12.076556313433535,0.6477035242450586,0.9786394078251676
01ASC-0180 -coll 60x DMSO48h-Zstack cell9_segmentation.nii.gz,,,,,,,,,Nucleus,Inference,,,,,,,,,,,71424.0,2.0323254926317227,11.103441280083327,0.5703345105785191,0.965215276088543
01Asc-230 -Col 60x veh-Zstack Cell1_segmentation.nii.gz,,,,,,,,,Nucleus,Inference,,,,,,,,,,,127189.0,2.670344147785846,10.061019622511491,0.7026327023799606,0.9815329289561822
01C-0083 +coll 60x vehicleZstack cell3_segmentation.nii.gz,,,,,,,,,Nucleus,Inference,,,,,,,,,,,157545.0,1.128069246135302,7.116944601324303,0.5242512756194583,0.8912657099306893
01C-0096 +coll 60x vehicleZstack cell4_segmentation.nii.gz,,,,,,,,,Nucleus,Inference,,,,,,,,,,,0.0,0.0,0.0,,
01C-0096 -coll 60x vehicleZstack cell4_segmentation.nii.gz,,,,,,,,,Nucleus,Inference,,,,,,,,,,,9861.0,0.3633463708506979,6.373577529096496,0.5257577932579978,0.5890810180687779
01C-0097 -coll 60x VehicleZstack cell1_segmentation.nii.gz,,,,,,,,,Nucleus,Inference,,,,,,,,,,,0.0,0.0,0.0,,
01C-0113 +coll veh60x Zstack cell1_segmentation.nii.gz,,,,,,,,,Nucleus,Inference,,,,,,,,,,,0.0,0.0,0.0,,
01C-0113 +coll veh60x Zstack cell2_segmentation.nii.gz,,,,,,,,,Nucleus,Inference,,,,,,,,,,,4517.0,0.5537864000850982,8.121030498289825,0.4875172032120454,0.5946352812371698
01C-0113 +coll veh60x Zstack cell3_segmentation.nii.gz,,,,,,,,,Nucleus,Inference,,,,,,,,,,,18691.0,1.0883595508335864,5.218984376913273,0.505163813372898,0.8479967330641136
01C-0113 +coll veh60x Zstack cell5_segmentation.nii.gz,,,,,,,,,Nucleus,Inference,,,,,,,,,,,0.0,0.0,0.0,,
01C-222 -Col 60x veh-Zstack Cell1_segmentation.nii.gz,,,,,,,,,Nucleus,Inference,,,,,,,,,,,26.0,0.7045378325577814,3.2276318865200806,0.4959540455392736,0.6666666666666666
01C-222 -Col 60x veh-Zstack Cell2_segmentation.nii.gz,,,,,,,,,Nucleus,Inference,,,,,,,,,,,121530.0,1.2036358318024687,17.76783135184919,0.3566247250963119,0.7094681776516677
01C-222 -Col 60x veh-Zstack Cell4_segmentation.nii.gz,,,,,,,,,Nucleus,Inference,,,,,,,,,,,14414.0,0.1388614046538469,19.92736901720945,0.7254856050432952,0.4629808621689542
03Asc-0043 +coll 60x veh 48h-Zstack cell1_segmentation.nii.gz,,,,,,,,,Nucleus,Inference,,,,,,,,,,,61210.0,0.8456827484125365,9.1991456650556,0.6916788167304735,0.8968629576990139
03Asc-0043 +coll 60x veh 48h-Zstack cell2_segmentation.nii.gz,,,,,,,,,Nucleus,Inference,,,,,,,,,,,85698.0,2.6763497629234068,15.90823180246825,0.4606193680683467,0.9655234575690658
03Asc-0043 +coll 60x veh 48h-Zstack cell3_segmentation.nii.gz,,,,,,,,,Nucleus,Inference,,,,,,,,,,,62768.0,2.764963873661204,13.017027221243929,0.7111366223211761,0.9832478711803058
03Asc-0043 +coll 60x veh 48h-Zstack cell4_segmentation.nii.gz,,,,,,,,,Nucleus,Inference,,,,,,,,,,,130583.0,3.2338793225199245,15.528752854863566,0.7224366682789028,0.9866863122898484
03Asc-0043 +coll 60x veh 48h-Zstack cell5_segmentation.nii.gz,,,,,,,,,Nucleus,Inference,,,,,,,,,,,159341.0,1.2323529589362543,10.324028096585945,0.7200183021119184,0.9523001249125912
03Asc-0043 -coll 60x veh 48h-Zstack cell1_segmentation.nii.gz,,,,,,,,,Nucleus,Inference,,,,,,,,,,,78370.0,2.957891805608191,12.615812903025692,0.6556898661279371,0.9845106340213308
03Asc-0043 -coll 60x veh 48h-Zstack cell2_segmentation.nii.gz,,,,,,,,,Nucleus,Inference,,,,,,,,,,,39535.0,2.0511876748200817,9.362415897173756,0.6168150486152442,0.9720924514384068
03Asc-0043 -coll 60x veh 48h-Zstack cell3_segmentation.nii.gz,,,,,,,,,Nucleus,Inference,,,,,,,,,,,52313.0,2.602786619999632,8.64336716040795,0.6787269728633203,0.9800663206999268
03Asc-0043 -coll 60x veh 48h-Zstack cell4_segmentation.nii.gz,,,,,,,,,Nucleus,Inference,,,,,,,,,,,136909.0,3.0613849663178136,12.566368243148451,0.8400328519267692,0.984956834532374
03Asc-0043 -coll 60x veh 48h-Zstack cell5_segmentation.nii.gz,,,,,,,,,Nucleus,Inference,,,,,,,,,,,155856.0,2.915153375884826,16.35619530944357,0.5670359621360458,0.9820855834000214
03Asc-0051 +Col 60x veh-Zstack Cell1_segmentation.nii.gz,,,,,,,,,Nucleus,Inference,,,,,,,,,,,191849.0,2.964506911527415,17.21604844532504,0.6300787241166756,0.9829891017528398
03Asc-0051 +Col 60x veh-Zstack Cell2_segmentation.nii.gz,,,,,,,,,Nucleus,Inference,,,,,,,,,,,97838.0,2.21861097003133,10.885949517962374,0.627972094510636,0.9193859591329636
03Asc-0051 +Col 60x veh-Zstack Cell3_segmentation.nii.gz,,,,,,,,,Nucleus,Inference,,,,,,,,,,,175604.0,1.822042324678125,12.520042686144318,0.6289929503822939,0.9699307164498306
03Asc-0051 +Col 60x veh-Zstack Cell4_segmentation.nii.gz,,,,,,,,,Nucleus,Inference,,,,,,,,,,,69606.0,1.2703696451397624,6.63158695820919,0.4684069444356875,0.9411620194079352
03Asc-0051 +Col 60x veh-Zstack Cell5_segmentation.nii.gz,,,,,,,,,Nucleus,Inference,,,,,,,,,,,173296.0,2.870615505749678,13.958595876571936,0.6471688012951371,0.9845244858538802
03Asc-0051 -Col 60x veh-Zstack Cell1_segmentation.nii.gz,,,,,,,,,Nucleus,Inference,,,,,,,,,,,105826.0,1.495181423846048,8.863696409547858,0.3345656055970639,0.928047803856342
03Asc-0051 -Col 60x veh-Zstack Cell2_segmentation.nii.gz,,,,,,,,,Nucleus,Inference,,,,,,,,,,,82387.0,2.415495886460534,10.938726424399364,0.5072640638959293,0.9755932925962768
03Asc-0051 -Col 60x veh-Zstack Cell3_segmentation.nii.gz,,,,,,,,,Nucleus,Inference,,,,,,,,,,,241546.0,2.6050099622701848,9.75871365878916,0.7241757502939863,0.9858728927711335
03Asc-0051 -Col 60x veh-Zstack Cell4_segmentation.nii.gz,,,,,,,,,Nucleus,Inference,,,,,,,,,,,73050.0,1.7856407043510407,6.988544594481026,0.547845439296192,0.9369588918104278
03Asc-0051 -Col 60x veh-Zstack Cell5_segmentation.nii.gz,,,,,,,,,Nucleus,Inference,,,,,,,,,,,413117.0,3.0371304852419896,17.703535818788417,0.5786047984960397,0.9898407100001916
03Asc-0054 -Col 60x veh-Zstack Cell1_segmentation.nii.gz,,,,,,,,,Nucleus,Inference,,,,,,,,,,,102936.0,1.7656980822327262,7.92648862637032,0.7514420694215048,0.9328898596170054
03Asc-0054 -Col 60x veh-Zstack Cell2_segmentation.nii.gz,,,,,,,,,Nucleus,Inference,,,,,,,,,,,143174.0,1.816702220758077,16.35473699075016,0.5408575518448485,0.950829470440569
03Asc-0054 -Col 60x veh-Zstack Cell3_segmentation.nii.gz,,,,,,,,,Nucleus,Inference,,,,,,,,,,,56757.0,0.236492455375471,33.98552345684899,0.4983775346198352,0.6543029101139142
03Asc-0054 -Col 60x veh-Zstack Cell4_segmentation.nii.gz,,,,,,,,,Nucleus,Inference,,,,,,,,,,,141140.0,2.201101037640297,12.83683945160557,0.4894908476461596,0.9612018769111328
03Asc-0054 -Col 60x veh-Zstack Cell5_segmentation.nii.gz,,,,,,,,,Nucleus,Inference,,,,,,,,,,,49742.0,1.594554491109298,8.22266291627667,0.3843296810898593,0.825072983014862
03Asc-0055 +Col 60x veh-Zstack Cell1_segmentation.nii.gz,,,,,,,,,Nucleus,Inference,,,,,,,,,,,34850.0,0.2895967496603693,21.64407014935791,0.5970129046295427,0.7022953066118534
03Asc-0055 +Col 60x veh-Zstack Cell2_segmentation.nii.gz,,,,,,,,,Nucleus,Inference,,,,,,,,,,,79800.0,2.276306840063296,21.069289807916583,0.5276785814941944,0.9694113073689836
03Asc-0055 +Col 60x veh-Zstack Cell3_segmentation.nii.gz,,,,,,,,,Nucleus,Inference,,,,,,,,,,,55370.0,0.239286451525286,31.373602980559877,0.6063832564902163,0.6870920507284144
03Asc-0055 +Col 60x veh-Zstack Cell4_segmentation.nii.gz,,,,,,,,,Nucleus,Inference,,,,,,,,,,,95428.0,2.371232332461364,18.62097724166568,0.5336702487039225,0.96311173460634
03Asc-0055 +Col 60x veh-Zstack Cell5_segmentation.nii.gz,,,,,,,,,Nucleus,Inference,,,,,,,,,,,58175.0,2.748887661410101,11.939795347845372,0.543557835150208,0.9835164835164836
03Asc-0055 -Col 60x veh-Zstack Cell1_segmentation.nii.gz,,,,,,,,,Nucleus,Inference,,,,,,,,,,,139774.0,2.7982564674233945,10.170451088029084,0.7548029601319609,0.9861086614506536
03Asc-0055 -Col 60x veh-Zstack Cell2_segmentation.nii.gz,,,,,,,,,Nucleus,Inference,,,,,,,,,,,112867.0,2.4661543153285845,16.20604770636808,0.5840237322602906,0.9754299541958344
03Asc-0055 -Col 60x veh-Zstack Cell3_segmentation.nii.gz,,,,,,,,,Nucleus,Inference,,,,,,,,,,,60509.0,2.4259619473541423,13.03387257992098,0.4847571802586281,0.9612231930103255
03Asc-0055 -Col 60x veh-Zstack Cell4_segmentation.nii.gz,,,,,,,,,Nucleus,Inference,,,,,,,,,,,106870.0,2.676184076166696,10.74597511533651,0.6740021768780251,0.9785913119917956
03Asc-0055 -Col 60x veh-Zstack Cell5_segmentation.nii.gz,,,,,,,,,Nucleus,Inference,,,,,,,,,,,63241.0,0.2508912167140531,23.67475852873628,0.713469468024377,0.6243717972768831
03Asc-0056 +Col 60x veh-Zstack Cell2_segmentation.nii.gz,,,,,,,,,Nucleus,Inference,,,,,,,,,,,188314.0,3.156417879350337,23.3898402629709,0.4664003792249164,0.9592685038968978
03Asc-0056 +Col 60x veh-Zstack Cell3_segmentation.nii.gz,,,,,,,,,Nucleus,Inference,,,,,,,,,,,46280.0,1.7637943672119034,11.245292064297637,0.3718253199525643,0.9339834503409068
03Asc-0056 +Col 60x veh-Zstack Cell4_segmentation.nii.gz,,,,,,,,,Nucleus,Inference,,,,,,,,,,,0.0,0.0,0.0,,
03Asc-0056 +Col 60x veh-Zstack Cell5_segmentation.nii.gz,,,,,,,,,Nucleus,Inference,,,,,,,,,,,92348.0,1.293090638397372,14.0471901734611,0.6793311270136941,0.9341806994818652
03Asc-0056 +Col 60x veh-Zstack Cell6_segmentation.nii.gz,,,,,,,,,Nucleus,Inference,,,,,,,,,,,104355.0,3.056963154889364,18.111157611399904,0.6100648190386955,0.981185828726165
03Asc-0056 -Col 60x veh-Zstack Cell1_segmentation.nii.gz,,,,,,,,,Nucleus,Inference,,,,,,,,,,,93380.0,2.4527211054438776,17.011292094674364,0.4337934663050483,0.9685014053538276
03Asc-0056 -Col 60x veh-Zstack Cell2_segmentation.nii.gz,,,,,,,,,Nucleus,Inference,,,,,,,,,,,97290.0,1.689515684622468,9.333661267250198,0.6378224259456197,0.9572346598279088
03Asc-0056 -Col 60x veh-Zstack Cell3_segmentation.nii.gz,,,,,,,,,Nucleus,Inference,,,,,,,,,,,51417.0,2.546179577967503,10.666559657358729,0.606853309095418,0.972315198275373
03Asc-0056 -Col 60x veh-Zstack Cell4_segmentation.nii.gz,,,,,,,,,Nucleus,Inference,,,,,,,,,,,108747.0,3.1980198408657574,14.549631309093677,0.6816571681527521,0.9859738517054418
03Asc-0056 -Col 60x veh-Zstack Cell5_segmentation.nii.gz,,,,,,,,,Nucleus,Inference,,,,,,,,,,,62196.0,1.8150839096351752,7.402131735158415,0.5099779557522526,0.963141947012664
03Asc-0057 +Col 60x veh-Zstack Cell1_segmentation.nii.gz,,,,,,,,,Nucleus,Inference,,,,,,,,,,,10601.0,0.9243711545499734,9.455150940387556,0.2925463951408211,0.8909360810338806
03Asc-0057 +Col 60x veh-Zstack Cell2_segmentation.nii.gz,,,,,,,,,Nucleus,Inference,,,,,,,,,,,39886.0,1.7305142447208068,16.325476778267923,0.3146956668239763,0.9162876177348954
03Asc-0057 +Col 60x veh-Zstack Cell3_segmentation.nii.gz,,,,,,,,,Nucleus,Inference,,,,,,,,,,,33948.0,0.3252695279895994,16.89842026565616,0.6092012910911495,0.680921052631579
03Asc-0057 +Col 60x veh-Zstack Cell4_segmentation.nii.gz,,,,,,,,,Nucleus,Inference,,,,,,,,,,,22555.0,0.4719219255582129,11.658335500358165,0.3257131922156698,0.5406786711832174
03Asc-0057 +Col 60x veh-Zstack Cell5_segmentation.nii.gz,,,,,,,,,Nucleus,Inference,,,,,,,,,,,96492.0,0.6011734226132547,17.70227738079752,0.5349133327064982,0.860964380041402
03Asc-0057 -Col 60x veh-Zstack Cell1_segmentation.nii.gz,,,,,,,,,Nucleus,Inference,,,,,,,,,,,147172.0,2.768298885646846,12.991944931440631,0.6349727264425581,0.977425931952368
03Asc-0057 -Col 60x veh-Zstack Cell2_segmentation.nii.gz,,,,,,,,,Nucleus,Inference,,,,,,,,,,,20043.0,1.2501205284223715,7.449348367733034,0.348531791515268,0.9155080213903743
03Asc-0057 -Col 60x veh-Zstack Cell3_segmentation.nii.gz,,,,,,,,,Nucleus,Inference,,,,,,,,,,,95196.0,2.219709765750108,10.172168498097056,0.6818654451948756,0.9750791260793412
03Asc-0057 -Col 60x veh-Zstack Cell4_segmentation.nii.gz,,,,,,,,,Nucleus,Inference,,,,,,,,,,,21109.0,1.513018463015718,9.26866262337752,0.3419176546943341,0.8639544877829165
03Asc-024 +coll 60x veh 48h-Zstack cell4_segmentation.nii.gz,,,,,,,,,Nucleus,Inference,,,,,,,,,,,171288.0,1.7682118253857046,9.776489902695875,0.6724170959928889,0.9677111970296054
03Asc46 +coll 60x veh 48h-Zstack cell1_segmentation.nii.gz,,,,,,,,,Nucleus,Inference,,,,,,,,,,,151298.0,2.203903662566141,13.41704349716185,0.6170057178645381,0.9670631699381916
03Asc46 +coll 60x veh 48h-Zstack cell2_segmentation.nii.gz,,,,,,,,,Nucleus,Inference,,,,,,,,,,,74249.0,2.6741026142079427,12.877380108369644,0.6012102594956347,0.975920400625649
03Asc46 +coll 60x veh 48h-Zstack cell3_segmentation.nii.gz,,,,,,,,,Nucleus,Inference,,,,,,,,,,,99162.0,2.8013257256828323,14.46156826207613,0.6269072681339938,0.9825705254605088
03Asc46 +coll 60x veh 48h-Zstack cell4_segmentation.nii.gz,,,,,,,,,Nucleus,Inference,,,,,,,,,,,68117.0,2.7075813072968185,13.391957334686904,0.5074831249870302,0.9795933041877588
03Asc46 +coll 60x veh 48h-Zstack cell5_segmentation.nii.gz,,,,,,,,,Nucleus,Inference,,,,,,,,,,,53928.0,2.5071479691557728,7.773334051588985,0.8660853945527389,0.9716581683212916
03Asc46 -coll 60x veh 48h-Zstack cell1_segmentation.nii.gz,,,,,,,,,Nucleus,Inference,,,,,,,,,,,186778.0,1.5003821823306454,13.13507884054135,0.6483072852190436,0.9528323062482144
03Asc46 -coll 60x veh 48h-Zstack cell2_segmentation.nii.gz,,,,,,,,,Nucleus,Inference,,,,,,,,,,,81854.0,1.986855587005132,8.948854337271237,0.5936936869670194,0.9701214814814816
03Asc46 -coll 60x veh 48h-Zstack cell3_segmentation.nii.gz,,,,,,,,,Nucleus,Inference,,,,,,,,,,,102785.0,2.3383307427474858,10.70849746926026,0.6587861310735379,0.9746626587139782
03Asc46 -coll 60x veh 48h-Zstack cell4_segmentation.nii.gz,,,,,,,,,Nucleus,Inference,,,,,,,,,,,152167.0,2.605038688082112,10.897082115494776,0.71896273277571,0.9818112603719046
03Asc46 -coll 60x veh 48h-Zstack cell5_segmentation.nii.gz,,,,,,,,,Nucleus,Inference,,,,,,,,,,,126166.0,2.3085420387062032,10.442078780696022,0.6553328153939507,0.9765926155275176
03Asc47 +coll 60x veh 48h-Zstack cell1_segmentation.nii.gz,,,,,,,,,Nucleus,Inference,,,,,,,,,,,103496.0,2.7536050120051927,12.522132724452192,0.6416509968946418,0.9821216750965562
03Asc47 +coll 60x veh 48h-Zstack cell2_segmentation.nii.gz,,,,,,,,,Nucleus,Inference,,,,,,,,,,,76154.0,1.3829943110751368,9.084666204524726,0.5561296441907013,0.9373099789515146
03Asc47 +coll 60x veh 48h-Zstack cell3_segmentation.nii.gz,,,,,,,,,Nucleus,Inference,,,,,,,,,,,90827.0,1.9053559359502212,10.45171369407779,0.6385583110035253,0.9250504145193816
03Asc47 +coll 60x veh 48h-Zstack cell4_segmentation.nii.gz,,,,,,,,,Nucleus,Inference,,,,,,,,,,,150491.0,2.331765102478813,14.32830868549987,0.5318667914966337,0.9817785882013408
03Asc47 +coll 60x veh 48h-Zstack cell5_segmentation.nii.gz,,,,,,,,,Nucleus,Inference,,,,,,,,,,,91804.0,1.844886857973164,11.259367239747696,0.7114707354043236,0.9614515332134936
03Asc47 -coll 60x veh 48h-Zstack cell1_segmentation.nii.gz,,,,,,,,,Nucleus,Inference,,,,,,,,,,,97649.0,0.7858269842137123,11.905911739015917,0.5537373182363245,0.8545798253137527
03Asc47 -coll 60x veh 48h-Zstack cell2_segmentation.nii.gz,,,,,,,,,Nucleus,Inference,,,,,,,,,,,46332.0,2.4702139543138126,13.821368126714685,0.7029618662599775,0.9720706731576296
03Asc47 -coll 60x veh 48h-Zstack cell3_segmentation.nii.gz,,,,,,,,,Nucleus,Inference,,,,,,,,,,,108018.0,0.7852756365085237,15.87964875382559,0.518373185595073,0.8972204910881216
03Asc47 -coll 60x veh 48h-Zstack cell4_segmentation.nii.gz,,,,,,,,,Nucleus,Inference,,,,,,,,,,,91675.0,0.9155337754474032,13.529671282799262,0.5228310431906241,0.9063419483101391
03Asc47 -coll 60x veh 48h-Zstack cell5_segmentation.nii.gz,,,,,,,,,Nucleus,Inference,,,,,,,,,,,47549.0,0.4893090104819816,13.370521907171367,0.6658167841298394,0.7851876788419458
