Filename,Voxel_Source,Voxel_Z,Voxel_Y,Voxel_X,Actin_Volume,Actin_Skeleton_Length,Actin_Convex_Hull_Volume,Actin_Solidity,Actin_Extent,Actin_Fractional_Anisotropy,Actin_Major_Axis,Actin_Intermediate_Axis,Actin_Minor_Axis,Dataset_Source,Mito_Volume,Mito_Surface_Area,Mito_Sphericity,Mito_Fragment_Count,Mito_Mean_Fragment_Sphericity,Mito_Std_Fragment_Sphericity,Mito_Min_Fragment_Sphericity,Mito_Max_Fragment_Sphericity,Mito_Mean_Fragment_Volume,Mito_Junction_Count,Mito_Branch_Count,Mito_Mean_Branch_Length,Mito_Total_Network_Length,Mito_Mean_Tortuosity,Mito_Cyclomatic_Number,Nucleus_Volume,Nucleus_Sphericity,Nucleus_Circularity,Nucleus_Elongation,Nucleus_Flatness,Nucleus_Solidity
01C-0083 -coll 60x vehicleZstack cell3_segmentation.nii.gz,NIfTI_Header,1.0,1.0,1.0,891414.0,8692.813271116367,1865643.666666667,0.4778050685277341,0.2080413705029322,0.8319974646741907,327.1952981156611,191.91012844254743,3.861443506497203,Inference_Raw,,,,,,,,,,,,,,,,,,,,,
01C-0083 -coll 60x vehicleZstack cell4_segmentation.nii.gz,NIfTI_Header,1.0,1.0,1.0,1271732.0,24535.749888664177,2371986.0000000005,0.536146503394202,0.2925746751782735,0.7720246240833383,395.2573025575403,281.7791993171159,3.155444295874549,Inference_Raw,,,,,,,,,,,,,,,,,,,,,
01C-0083 -coll 60x vehicleZstack cell5_segmentation.nii.gz,NIfTI_Header,1.0,1.0,1.0,1927279.0,12839.131225562884,4380493.500000001,0.4399684647403311,0.2076603397077014,0.8693900726236392,526.4158393340139,268.7651423667133,4.270348330182047,Inference_Raw,,,,,,,,,,,,,,,,,,,,,
01C-0096 +coll 60x vehicleZstack cell1_segmentation.nii.gz,NIfTI_Header,1.0,1.0,1.0,1366423.0,28734.220719725887,3782733.166666667,0.3612263778055717,0.133344321563631,0.7864352307730047,380.1821615483743,258.7164078293254,4.950328985671286,Inference_Raw,,,,,,,,,,,,,,,,,,,,,
01C-0096 +coll 60x vehicleZstack cell2_segmentation.nii.gz,NIfTI_Header,1.0,1.0,1.0,1317448.0,32784.43207378777,4142978.166666664,0.3179954001688562,0.1316125031118719,0.7393057720981434,384.1251801694874,306.71902364705227,3.891312563066825,Inference_Raw,,,,,,,,,,,,,,,,,,,,,
01C-0096 +coll 60x vehicleZstack cell3_segmentation.nii.gz,NIfTI_Header,1.0,1.0,1.0,504871.0,12915.34608310878,3014476.1666666656,0.1674821667468262,0.0622836170737725,0.9015950012948936,468.7528434520247,206.48486652077725,4.94993146543104,Inference_Raw,,,,,,,,,,,,,,,,,,,,,
01C-0096 +coll 60x vehicleZstack cell4_segmentation.nii.gz,NIfTI_Header,1.0,1.0,1.0,648075.0,16523.403114358996,1142323.0,0.5673307812238745,0.2905175814520612,0.9202900621546724,446.6585736226732,176.86482610267308,2.439103086508396,Inference_Raw,,,,,,,,,,,,,,,,,,,,,
01C-0096 +coll 60x vehicleZstack cell5_segmentation.nii.gz,NIfTI_Header,1.0,1.0,1.0,1673987.0,21377.01249526445,3107267.833333333,0.5387327677525064,0.2835801098009028,0.7175817805363196,391.1111816051543,345.4753861521241,3.4195124151228558,Inference_Raw,,,,,,,,,,,,,,,,,,,,,
01C-0096 -coll 60x vehicleZstack cell1_segmentation.nii.gz,NIfTI_Header,1.0,1.0,1.0,1214397.0,19267.0593140526,2324997.4999999995,0.5223218519589807,0.2592826580808253,0.805167459592211,395.1274775512214,253.3269671318212,3.056954436977394,Inference_Raw,,,,,,,,,,,,,,,,,,,,,
01C-0096 -coll 60x vehicleZstack cell2_segmentation.nii.gz,NIfTI_Header,1.0,1.0,1.0,1281689.0,21294.71640447786,2895231.5000000005,0.4426896432979538,0.2242565543595414,0.7389879006455989,356.84959395953035,285.3055986704574,3.3009815629778068,Inference_Raw,,,,,,,,,,,,,,,,,,,,,
01C-0096 -coll 60x vehicleZstack cell3_segmentation.nii.gz,NIfTI_Header,1.0,1.0,1.0,1411833.0,18275.374360485774,2607930.166666664,0.5413615050147373,0.2250377763892785,0.780025366517603,366.5312064703597,254.6316654422933,3.62674757734042,Inference_Raw,,,,,,,,,,,,,,,,,,,,,
01C-0096 -coll 60x vehicleZstack cell4_segmentation.nii.gz,NIfTI_Header,1.0,1.0,1.0,1226725.0,22884.298429893992,4253162.333333333,0.2884265644849201,0.1215199079768214,0.738569146944984,394.7041622494171,316.0360480450836,4.60340692911846,Inference_Raw,,,,,,,,,,,,,,,,,,,,,
01C-0096 -coll 60x vehicleZstack cell5_segmentation.nii.gz,NIfTI_Header,1.0,1.0,1.0,1637031.0,22056.95764258516,4075141.166666668,0.4017114826328919,0.2232227740188338,0.8575513287388692,467.0175312482658,249.84349604286967,3.674768445532934,Inference_Raw,,,,,,,,,,,,,,,,,,,,,
01C-0097 +coll 60x VehicleZstack cell1_segmentation.nii.gz,NIfTI_Header,1.0,1.0,1.0,1133862.0,10239.952717812652,2522701.333333331,0.4494634323206979,0.1770462100004871,0.952669833406978,513.8172829852966,156.82904903705284,3.838022624446929,Inference_Raw,,,,,,,,,,,,,,,,,,,,,
01C-0097 +coll 60x VehicleZstack cell2_segmentation.nii.gz,NIfTI_Header,1.0,1.0,1.0,734137.0,7888.133239899246,3219877.5000000014,0.2280015311141494,0.0657440986428795,0.9800416748543496,580.0857485875056,115.29781794860868,4.909906052122384,Inference_Raw,,,,,,,,,,,,,,,,,,,,,
01C-0097 +coll 60x VehicleZstack cell3_segmentation.nii.gz,NIfTI_Header,1.0,1.0,1.0,912999.0,7187.617565449593,1779983.333333334,0.5129255891909098,0.1020356868249767,0.9838027744351696,534.4274887157176,95.72639797178076,4.745378864970517,Inference_Raw,,,,,,,,,,,,,,,,,,,,,
01C-0097 +coll 60x VehicleZstack cell4_segmentation.nii.gz,NIfTI_Header,1.0,1.0,1.0,847485.0,13185.328687543974,1929148.166666667,0.4393052926900637,0.1407153146798807,0.9497545382820723,454.9804738787717,143.038053988821,4.0425385058007794,Inference_Raw,,,,,,,,,,,,,,,,,,,,,
01C-0097 +coll 60x VehicleZstack cell5_segmentation.nii.gz,NIfTI_Header,1.0,1.0,1.0,1007243.0,8824.825620638576,2129300.333333333,0.4730394224957463,0.1615165422311165,0.9460626824336732,484.32101477612406,157.73483467896477,4.0487988331772495,Inference_Raw,,,,,,,,,,,,,,,,,,,,,
01C-0097 -coll 60x VehicleZstack cell1_segmentation.nii.gz,NIfTI_Header,1.0,1.0,1.0,220798.0,10307.728647397047,1162465.8333333335,0.1899393458875851,0.0514019257272693,0.9748952091847948,406.631252412742,90.61361353588416,2.6334833299440006,Inference_Raw,,,,,,,,,,,,,,,,,,,,,
01C-0097 -coll 60x VehicleZstack cell2_segmentation.nii.gz,NIfTI_Header,1.0,1.0,1.0,853641.0,7497.753201833457,2092335.8333333344,0.4079846965293571,0.1192159442270468,0.9241977274258502,370.0132534922607,142.7895074071874,4.5226941966775005,Inference_Raw,,,,,,,,,,,,,,,,,,,,,
01C-0097 -coll 60x VehicleZstack cell3_segmentation.nii.gz,NIfTI_Header,1.0,1.0,1.0,775926.0,6518.124960560543,1926134.6666666672,0.402840992080166,0.1574985385339872,0.886869793731244,368.3680293166367,174.3660043442907,3.654979178102376,Inference_Raw,,,,,,,,,,,,,,,,,,,,,
01C-0097 -coll 60x VehicleZstack cell4_segmentation.nii.gz,NIfTI_Header,1.0,1.0,1.0,897312.0,6493.655799001788,2333276.5000000014,0.384571652780971,0.1635735223345145,0.9700815323079324,442.38907553434166,107.47447687003884,4.840254818398734,Inference_Raw,,,,,,,,,,,,,,,,,,,,,
01C-0097 -coll 60x VehicleZstack cell5_segmentation.nii.gz,NIfTI_Header,1.0,1.0,1.0,954252.0,11670.153449486828,2870222.0,0.3324662691596678,0.1289250972762645,0.9409561761698694,442.24217208939183,150.6398238031596,4.532205492482808,Inference_Raw,,,,,,,,,,,,,,,,,,,,,
01C-0113 +coll veh60x Zstack cell1_segmentation.nii.gz,NIfTI_Header,1.0,1.0,1.0,981607.0,71159.69045452887,5122060.333333333,0.1916429983481256,0.066237167315133,0.9696388721539202,612.2435152735234,149.88441409424402,5.400113631740773,Inference_Raw,,,,,,,,,,,,,,,,,,,,,
01C-0113 +coll veh60x Zstack cell2_segmentation.nii.gz,NIfTI_Header,1.0,1.0,1.0,532349.0,24246.012407778755,3150659.833333335,0.1689642894379954,0.0873723099749215,0.9599443543151188,446.6804223186119,125.4721439950696,4.108787198312855,Inference_Raw,,,,,,,,,,,,,,,,,,,,,
01C-0113 +coll veh60x Zstack cell3_segmentation.nii.gz,NIfTI_Header,1.0,1.0,1.0,316605.0,8367.832717249396,1136614.5,0.2785509071017482,0.1332315806882064,0.8941803766220385,258.640260316298,118.21710745514822,3.90349721329138,Inference_Raw,,,,,,,,,,,,,,,,,,,,,
01C-0113 +coll veh60x Zstack cell4_segmentation.nii.gz,NIfTI_Header,1.0,1.0,1.0,430710.0,11039.629456125933,914746.5000000002,0.4708517605697315,0.2312921882299872,0.9733579849003456,302.4388886240452,69.29296536542276,4.430922281574793,Inference_Raw,,,,,,,,,,,,,,,,,,,,,
01C-0113 +coll veh60x Zstack cell5_segmentation.nii.gz,NIfTI_Header,1.0,1.0,1.0,956632.0,26933.723398808743,7436076.333333328,0.128647415265461,0.0766240290556031,0.8975622243794479,473.32228087462266,212.85315565605336,4.346686189178728,Inference_Raw,,,,,,,,,,,,,,,,,,,,,
01C-0113 no coll veh60x Zstack cell1_segmentation.nii.gz,NIfTI_Header,1.0,1.0,1.0,655440.0,16888.833666186358,1564179.6666666665,0.4190311471039453,0.1101393242959848,0.9757821443005706,535.3604270611168,117.18076023541366,3.687138249400313,Inference_Raw,,,,,,,,,,,,,,,,,,,,,
01C-0113 no coll veh60x Zstack cell2_segmentation.nii.gz,NIfTI_Header,1.0,1.0,1.0,598668.0,8886.616334399907,2472621.166666665,0.2421187717999935,0.1147332496216877,0.9467205606702742,449.06769861560525,145.31138267315634,5.238777185464826,Inference_Raw,,,,,,,,,,,,,,,,,,,,,
01C-0113 no coll veh60x Zstack cell3_segmentation.nii.gz,NIfTI_Header,1.0,1.0,1.0,256603.0,4827.189066052786,540565.333333333,0.4746937773787445,0.1815861356431159,0.9674597750314086,286.00743336784257,72.4505654577204,2.981816819282419,Inference_Raw,,,,,,,,,,,,,,,,,,,,,
01C-0113 no coll veh60x Zstack cell4_segmentation.nii.gz,NIfTI_Header,1.0,1.0,1.0,270724.0,2491.41654504396,481477.3333333335,0.562277767316149,0.2113518763135131,0.9483954297153908,219.0414652284236,69.60611553629386,5.070045996533042,Inference_Raw,,,,,,,,,,,,,,,,,,,,,
01C-0113 no coll veh60x Zstack cell5_segmentation.nii.gz,NIfTI_Header,1.0,1.0,1.0,853944.0,12305.241690997398,3340572.666666665,0.2556280270508511,0.1089524883688143,0.9669090517546958,533.3586737686182,136.24104516650343,5.529405933851959,Inference_Raw,,,,,,,,,,,,,,,,,,,,,
01C-0117 +coll 60x VehicleZstack cell1_segmentation.nii.gz,NIfTI_Header,1.0,1.0,1.0,1213869.0,8854.100911480728,2271545.333333333,0.5343802662387249,0.1752752869828893,0.9728683837660448,543.1251022631435,125.762009481664,4.246047648153204,Inference_Raw,,,,,,,,,,,,,,,,,,,,,
01C-0117 +coll 60x VehicleZstack cell2_segmentation.nii.gz,NIfTI_Header,1.0,1.0,1.0,817823.0,11932.923253601044,1474325.0000000005,0.5547101215810624,0.194682679489621,0.970231986079955,484.0895408443988,117.37367212332916,3.7758324076034007,Inference_Raw,,,,,,,,,,,,,,,,,,,,,
01C-0117 +coll 60x VehicleZstack cell3_segmentation.nii.gz,NIfTI_Header,1.0,1.0,1.0,607191.0,11719.310130778122,1554815.833333333,0.3905227789572078,0.2088116952789699,0.9026061258212988,379.7711301036057,166.43619262222697,2.938792003384001,Inference_Raw,,,,,,,,,,,,,,,,,,,,,
01C-0117 +coll 60x VehicleZstack cell4_segmentation.nii.gz,NIfTI_Header,1.0,1.0,1.0,880970.0,26153.901234339453,2321279.1666666674,0.3795191946968893,0.1359748229643212,0.9565165739598316,519.8477656325883,152.13480670072525,3.684554259002304,Inference_Raw,,,,,,,,,,,,,,,,,,,,,
01C-0117 +coll 60x VehicleZstack cell5_segmentation.nii.gz,NIfTI_Header,1.0,1.0,1.0,723995.0,8537.229640880863,2278485.1666666674,0.3177527818007153,0.1609872321122827,0.8748997836869721,428.6774412072555,213.916385492928,3.405000549905993,Inference_Raw,,,,,,,,,,,,,,,,,,,,,
01C-0117 -coll 60x VehicleZstack cell1_segmentation.nii.gz,NIfTI_Header,1.0,1.0,1.0,711370.0,14318.842314652213,2360555.166666667,0.3013570748293603,0.1259322281137056,0.9355670898572036,467.78428346955656,166.47654518641968,3.4683394413023545,Inference_Raw,,,,,,,,,,,,,,,,,,,,,
01C-0117 -coll 60x VehicleZstack cell2_segmentation.nii.gz,NIfTI_Header,1.0,1.0,1.0,1051989.0,22855.553304713085,2624147.666666664,0.4008878819446521,0.1525749466997346,0.9496922113539928,526.574776510446,165.6659873852664,4.075562704240291,Inference_Raw,,,,,,,,,,,,,,,,,,,,,
01C-0117 -coll 60x VehicleZstack cell3_segmentation.nii.gz,NIfTI_Header,1.0,1.0,1.0,641964.0,12742.305836993348,1501613.0000000002,0.4275162774962656,0.1826168585863183,0.911465525841341,346.91382757065475,144.80746790273355,3.6757466257472777,Inference_Raw,,,,,,,,,,,,,,,,,,,,,
01C-0117 -coll 60x VehicleZstack cell4_segmentation.nii.gz,NIfTI_Header,1.0,1.0,1.0,579949.0,11367.074034872468,1357671.6666666665,0.4271643978723378,0.0783712323095168,0.9866152169710612,569.84148258046,92.87742260882324,3.732110621518305,Inference_Raw,,,,,,,,,,,,,,,,,,,,,
01C-0117 -coll 60x VehicleZstack cell5_segmentation.nii.gz,NIfTI_Header,1.0,1.0,1.0,801191.0,14455.267839616925,1860320.0,0.430673755052894,0.1315826555951176,0.9603046175747348,482.7792972687195,135.02463362149444,3.86761953378005,Inference_Raw,,,,,,,,,,,,,,,,,,,,,
01C-202 +coll 60x veh 48h-Zstack cell1_segmentation.nii.gz,NIfTI_Header,1.0,1.0,1.0,1010412.0,35036.33889814562,4286049.500000002,0.2357443608619078,0.0900061250471671,0.9046990433792926,499.21480437048064,216.3338884065664,5.227605377737274,Inference_Raw,,,,,,,,,,,,,,,,,,,,,
01C-202 +coll 60x veh 48h-Zstack cell2_segmentation.nii.gz,NIfTI_Header,1.0,1.0,1.0,755048.0,33955.96563781026,4035908.166666665,0.1870825521343833,0.0918898657397941,0.9301817762235524,626.8857363490023,232.2498345563972,3.892418446986692,Inference_Raw,,,,,,,,,,,,,,,,,,,,,
01C-202 +coll 60x veh 48h-Zstack cell3_segmentation.nii.gz,NIfTI_Header,1.0,1.0,1.0,877939.0,23388.777188295087,2886756.8333333344,0.3041264126796038,0.1751972502896543,0.8698214900048744,384.9705573024605,196.1967066743728,3.3901806239262178,Inference_Raw,,,,,,,,,,,,,,,,,,,,,
01C-202 +coll 60x veh 48h-Zstack cell4_segmentation.nii.gz,NIfTI_Header,1.0,1.0,1.0,785491.0,22005.008817840797,2417572.666666666,0.3249089513751949,0.1517939134871065,0.7331379292104084,322.4263316609366,263.8460296101774,4.074776908517858,Inference_Raw,,,,,,,,,,,,,,,,,,,,,
01C-202 +coll 60x veh 48h-Zstack cell5_segmentation.nii.gz,NIfTI_Header,1.0,1.0,1.0,720764.0,29606.98836011466,3143670.166666667,0.2292746890696389,0.1077715416286875,0.908181182173302,493.1297556828417,209.7249609006885,3.63744017885535,Inference_Raw,,,,,,,,,,,,,,,,,,,,,
01C-202 -coll 60x Veh24h-Zstack cell1_segmentation.nii.gz,NIfTI_Header,1.0,1.0,1.0,469862.0,48350.25512056082,3106762.333333333,0.1512384758108843,0.0842726212895704,0.8651721101328643,391.6830219398646,203.39396284125797,3.630591500047251,Inference_Raw,,,,,,,,,,,,,,,,,,,,,
01C-202 -coll 60x Veh24h-Zstack cell2_segmentation.nii.gz,NIfTI_Header,1.0,1.0,1.0,979566.0,28399.225006395987,1920906.6666666667,0.5099498153649665,0.176156095974956,0.9560248445952362,457.9198370112862,134.73206116221533,4.213729255696254,Inference_Raw,,,,,,,,,,,,,,,,,,,,,
01C-202 -coll 60x Veh24h-Zstack cell3_segmentation.nii.gz,NIfTI_Header,1.0,1.0,1.0,1282589.0,25228.389610051403,2019271.0,0.6351742782419991,0.2786891978219207,0.9530835346265336,541.5331392894558,164.5748130569672,3.8407389571492008,Inference_Raw,,,,,,,,,,,,,,,,,,,,,
01C-202 -coll 60x Veh24h-Zstack cell4_segmentation.nii.gz,NIfTI_Header,1.0,1.0,1.0,313283.0,18729.27315194626,1770884.5000000005,0.1769076413509745,0.0861500681978176,0.9355400417316668,427.7190532864466,152.23662738331734,3.6787423442884384,Inference_Raw,,,,,,,,,,,,,,,,,,,,,
01C-202 -coll 60x Veh24h-Zstack cell5_segmentation.nii.gz,NIfTI_Header,1.0,1.0,1.0,1081172.0,24270.74021364587,2498383.833333332,0.4327485575174834,0.1615842722959788,0.9420333159468172,493.02619458175616,166.42501444308834,4.414945632800283,Inference_Raw,,,,,,,,,,,,,,,,,,,,,
01C-222 +Col 60x veh-Zstack Cell1_segmentation.nii.gz,NIfTI_Header,1.0,1.0,1.0,903411.0,46122.37392129303,4488585.5,0.2012685288048985,0.0866407431717299,0.9445424061661676,522.4657392695402,172.54161982251324,3.864423732574594,Inference_Raw,,,,,,,,,,,,,,,,,,,,,
01C-222 +Col 60x veh-Zstack Cell2_segmentation.nii.gz,NIfTI_Header,1.0,1.0,1.0,1072344.0,29041.393522248392,2150882.499999999,0.4985600096704494,0.2021669416034312,0.9391101848104332,494.3999232098433,171.0629286737103,3.22028966367978,Inference_Raw,,,,,,,,,,,,,,,,,,,,,
01C-222 +Col 60x veh-Zstack Cell3_segmentation.nii.gz,NIfTI_Header,1.0,1.0,1.0,1037367.0,37638.65136517312,2414998.0,0.4295519085316012,0.2013454121132508,0.9167301864457496,541.6694897852517,219.27716838619213,1.948352858548027,Inference_Raw,,,,,,,,,,,,,,,,,,,,,
01C-222 +Col 60x veh-Zstack Cell4_segmentation.nii.gz,NIfTI_Header,1.0,1.0,1.0,578902.0,34112.143048545186,2157043.833333333,0.2683774854521192,0.092288816926498,0.9590444681783674,536.4370613468418,152.4220241330106,2.442614645716366,Inference_Raw,,,,,,,,,,,,,,,,,,,,,
01C-222 +Col 60x veh-Zstack Cell5_segmentation.nii.gz,NIfTI_Header,1.0,1.0,1.0,615447.0,46324.55410651615,2104608.5000000005,0.2924282592225584,0.1741354723707665,0.8292242563875817,479.7230308893771,284.1363799440307,1.914618865503164,Inference_Raw,,,,,,,,,,,,,,,,,,,,,
01C-222 -Col 60x veh-Zstack Cell1_segmentation.nii.gz,NIfTI_Header,1.0,1.0,1.0,265383.0,20896.34260893174,956348.3333333336,0.2774961703284541,0.1464004369124851,0.8813798326507417,282.4922313272851,137.07162795649543,2.5341244161679577,Inference_Raw,,,,,,,,,,,,,,,,,,,,,
01C-222 -Col 60x veh-Zstack Cell2_segmentation.nii.gz,NIfTI_Header,1.0,1.0,1.0,1369674.0,43731.71811169294,4156392.333333336,0.329534338954367,0.171375998846878,0.85689185311208,493.1204223676865,264.47565701049626,3.7245532431297415,Inference_Raw,,,,,,,,,,,,,,,,,,,,,
01C-222 -Col 60x veh-Zstack Cell3_segmentation.nii.gz,NIfTI_Header,1.0,1.0,1.0,1353795.0,76199.3748819758,4842077.166666664,0.2795897201555684,0.1737416581108829,0.7437983509574667,408.1946338374066,320.48285308506547,3.268558940123764,Inference_Raw,,,,,,,,,,,,,,,,,,,,,
01C-222 -Col 60x veh-Zstack Cell4_segmentation.nii.gz,NIfTI_Header,1.0,1.0,1.0,1454933.0,67009.13872004676,4105514.333333332,0.3543850737987113,0.1826261672295075,0.8591803446761271,463.4908585274185,246.4206591878992,3.2390017889632703,Inference_Raw,,,,,,,,,,,,,,,,,,,,,
01C-222 -Col 60x veh-Zstack Cell5_segmentation.nii.gz,NIfTI_Header,1.0,1.0,1.0,799686.0,35772.47403533174,3258340.833333333,0.2454273634664268,0.1064204726924305,0.9557723655507804,508.7841427239141,150.16766976686472,3.1643335145473377,Inference_Raw,,,,,,,,,,,,,,,,,,,,,
03Asc-0043 +coll 60x veh 48h-Zstack cell1_segmentation.nii.gz,NIfTI_Header,1.0,1.0,1.0,716364.0,32076.415671223174,2477689.0000000014,0.2891258749584793,0.0785722041795405,0.9801981073451628,614.8646235437085,121.79001238296476,3.711763632383257,Inference_Raw,,,,,,,,,,,,,,,,,,,,,
03Asc-0043 +coll 60x veh 48h-Zstack cell2_segmentation.nii.gz,NIfTI_Header,1.0,1.0,1.0,1047273.0,39114.79010839328,2712471.833333333,0.386095437795944,0.2120437388690871,0.7925986910540879,440.1760910264464,293.81132127626216,2.6154464272344007,Inference_Raw,,,,,,,,,,,,,,,,,,,,,
03Asc-0043 +coll 60x veh 48h-Zstack cell3_segmentation.nii.gz,NIfTI_Header,1.0,1.0,1.0,589671.0,30268.354706604037,1407041.9999999998,0.4190855710064092,0.1309506995336442,0.9572008379859286,545.7492889901656,158.49161541002644,2.5577842422782093,Inference_Raw,,,,,,,,,,,,,,,,,,,,,
03Asc-0043 +coll 60x veh 48h-Zstack cell4_segmentation.nii.gz,NIfTI_Header,1.0,1.0,1.0,795383.0,43471.69512717056,2292216.666666666,0.3469929398762479,0.1825988359706733,0.7397829537403072,376.9376524752726,300.46058620503226,3.04490931183484,Inference_Raw,,,,,,,,,,,,,,,,,,,,,
03Asc-0043 +coll 60x veh 48h-Zstack cell5_segmentation.nii.gz,NIfTI_Header,1.0,1.0,1.0,1167380.0,43446.331334462186,3976568.833333335,0.2935646405047767,0.1279487827833272,0.8571678160650906,506.5868307760305,271.42292565454306,3.308481322152323,Inference_Raw,,,,,,,,,,,,,,,,,,,,,
03Asc-0043 -coll 60x veh 48h-Zstack cell1_segmentation.nii.gz,NIfTI_Header,1.0,1.0,1.0,966792.0,37456.18394499591,3042809.3333333344,0.3177300626131902,0.1491341570641862,0.8894517579631863,393.99168452087537,184.28934749260685,3.285622784286699,Inference_Raw,,,,,,,,,,,,,,,,,,,,,
03Asc-0043 -coll 60x veh 48h-Zstack cell2_segmentation.nii.gz,NIfTI_Header,1.0,1.0,1.0,575479.0,15957.86892252625,1520923.6666666674,0.378374676265804,0.1100184485972374,0.959959505400532,397.8184875168863,111.73293637592728,3.456534519692961,Inference_Raw,,,,,,,,,,,,,,,,,,,,,
03Asc-0043 -coll 60x veh 48h-Zstack cell3_segmentation.nii.gz,NIfTI_Header,1.0,1.0,1.0,609900.0,28930.407908399844,2304474.0000000014,0.2646590935718952,0.1212278057111236,0.8756782999404349,399.5520037123756,198.73039244495013,2.9739688119355967,Inference_Raw,,,,,,,,,,,,,,,,,,,,,
03Asc-0043 -coll 60x veh 48h-Zstack cell4_segmentation.nii.gz,NIfTI_Header,1.0,1.0,1.0,970889.0,28274.61911789168,3303444.9999999986,0.293901972032227,0.1450480521001654,0.9120945165724686,441.3687356157206,183.60810468404844,3.2528088244637026,Inference_Raw,,,,,,,,,,,,,,,,,,,,,
03Asc-0043 -coll 60x veh 48h-Zstack cell5_segmentation.nii.gz,NIfTI_Header,1.0,1.0,1.0,1034705.0,25685.75340884269,2063545.666666665,0.501420936165374,0.1775052357529877,0.9585724906319816,518.7932943214472,148.22436554199763,3.5030741899688023,Inference_Raw,,,,,,,,,,,,,,,,,,,,,
03Asc-0051 +Col 60x veh-Zstack Cell1_segmentation.nii.gz,NIfTI_Header,1.0,1.0,1.0,1560572.0,16612.965445338432,2676233.5,0.5831225115446765,0.2678008566486368,0.8714814641078015,438.4493830766639,221.94149687483983,3.4308227344682183,Inference_Raw,,,,,,,,,,,,,,,,,,,,,
03Asc-0051 +Col 60x veh-Zstack Cell2_segmentation.nii.gz,NIfTI_Header,1.0,1.0,1.0,859017.0,19094.95270206259,3263314.833333334,0.2632344851393181,0.1296455268650702,0.9381949990401324,476.22880395827343,165.98673143457162,3.895615673046536,Inference_Raw,,,,,,,,,,,,,,,,,,,,,
03Asc-0051 +Col 60x veh-Zstack Cell3_segmentation.nii.gz,NIfTI_Header,1.0,1.0,1.0,767526.0,25856.09281404022,3256020.166666665,0.2357251984669834,0.1235474212864593,0.861309224808032,390.51841090124987,205.89352482924957,3.788570498875298,Inference_Raw,,,,,,,,,,,,,,,,,,,,,
03Asc-0051 +Col 60x veh-Zstack Cell4_segmentation.nii.gz,NIfTI_Header,1.0,1.0,1.0,720231.0,40938.05693709394,4098999.000000001,0.175708996269577,0.0734501032968723,0.9112796998823376,435.11401288419694,181.8381275017803,3.8808565424255055,Inference_Raw,,,,,,,,,,,,,,,,,,,,,
03Asc-0051 +Col 60x veh-Zstack Cell5_segmentation.nii.gz,NIfTI_Header,1.0,1.0,1.0,1272002.0,49857.91507596792,3941718.000000001,0.3227024358414275,0.1538327762950836,0.780536149481694,424.8703611485547,294.72026752351496,2.674442267315753,Inference_Raw,,,,,,,,,,,,,,,,,,,,,
03Asc-0051 -Col 60x veh-Zstack Cell1_segmentation.nii.gz,NIfTI_Header,1.0,1.0,1.0,670607.0,34186.63101562006,3426415.0000000005,0.1957168060494715,0.0668737077384218,0.9383695002382602,445.4808235031182,155.00635470821155,5.0235464028526815,Inference_Raw,,,,,,,,,,,,,,,,,,,,,
03Asc-0051 -Col 60x veh-Zstack Cell2_segmentation.nii.gz,NIfTI_Header,1.0,1.0,1.0,515623.0,15728.041423372102,1706992.8333333344,0.3020651229057101,0.0878595332542701,0.975215919513904,449.8403607703231,99.57922999041249,3.640009870661359,Inference_Raw,,,,,,,,,,,,,,,,,,,,,
03Asc-0051 -Col 60x veh-Zstack Cell3_segmentation.nii.gz,NIfTI_Header,1.0,1.0,1.0,1298317.0,46760.617648944346,5088281.333333332,0.2551582577588084,0.1217121486783066,0.7555702105633619,432.3719291584295,325.560683435318,3.3104791442060693,Inference_Raw,,,,,,,,,,,,,,,,,,,,,
03Asc-0051 -Col 60x veh-Zstack Cell4_segmentation.nii.gz,NIfTI_Header,1.0,1.0,1.0,789431.0,16621.270170613945,3880719.5,0.2034238753921792,0.1015053420006799,0.8369347857093491,442.6434673784854,255.2671240599636,3.853972623356586,Inference_Raw,,,,,,,,,,,,,,,,,,,,,
03Asc-0051 -Col 60x veh-Zstack Cell5_segmentation.nii.gz,NIfTI_Header,1.0,1.0,1.0,1189548.0,41891.055401625366,4761700.5,0.2498157958485629,0.1272645107783716,0.8239066960400053,489.59216031604194,295.2000606735193,3.6906715832162,Inference_Raw,,,,,,,,,,,,,,,,,,,,,
03Asc-0054 -Col 60x veh-Zstack Cell1_segmentation.nii.gz,NIfTI_Header,1.0,1.0,1.0,1236579.0,57308.01221700355,4748485.500000002,0.2604154524637381,0.143550696103843,0.8929255262531979,489.21730519875086,225.0901559707941,3.791656144641212,Inference_Raw,,,,,,,,,,,,,,,,,,,,,
03Asc-0054 -Col 60x veh-Zstack Cell2_segmentation.nii.gz,NIfTI_Header,1.0,1.0,1.0,1234731.0,14995.527231018048,2267487.166666666,0.5445371502653857,0.196246722680955,0.9674657290507276,563.9367197449727,142.9203777113038,3.693691338035372,Inference_Raw,,,,,,,,,,,,,,,,,,,,,
03Asc-0054 -Col 60x veh-Zstack Cell3_segmentation.nii.gz,NIfTI_Header,1.0,1.0,1.0,659440.0,16255.5169893382,1833115.6666666665,0.359737256077858,0.1390424574569382,0.9451369869199504,488.769172690414,160.56519353383536,2.958936341096112,Inference_Raw,,,,,,,,,,,,,,,,,,,,,
03Asc-0054 -Col 60x veh-Zstack Cell4_segmentation.nii.gz,NIfTI_Header,1.0,1.0,1.0,1273986.0,26648.84517527491,3704442.333333333,0.3439076345004516,0.1350053409293217,0.9361043178194962,542.3030409424154,192.19827975910707,3.7273155730193688,Inference_Raw,,,,,,,,,,,,,,,,,,,,,
03Asc-0054 -Col 60x veh-Zstack Cell5_segmentation.nii.gz,NIfTI_Header,1.0,1.0,1.0,972260.0,25751.872443787768,5497283.000000003,0.1768619152406742,0.1145595467860029,0.8927244007066634,506.0503052018177,233.0700066747116,3.4812908732783097,Inference_Raw,,,,,,,,,,,,,,,,,,,,,
03Asc-0055 +Col 60x veh-Zstack Cell1_segmentation.nii.gz,NIfTI_Header,1.0,1.0,1.0,725139.0,22451.61550235811,1873464.3333333333,0.3870578089468121,0.1228432854025776,0.9691671823312282,493.3825020903836,121.7389783845225,3.635959734240813,Inference_Raw,,,,,,,,,,,,,,,,,,,,,
03Asc-0055 +Col 60x veh-Zstack Cell2_segmentation.nii.gz,NIfTI_Header,1.0,1.0,1.0,595845.0,8605.908066794053,930337.5000000002,0.6404611229795637,0.2436904163036943,0.9666529433114416,459.32268799048313,117.85584287388316,2.432538997967544,Inference_Raw,,,,,,,,,,,,,,,,,,,,,
03Asc-0055 +Col 60x veh-Zstack Cell3_segmentation.nii.gz,NIfTI_Header,1.0,1.0,1.0,813819.0,19574.142829930566,1794531.1666666658,0.4534995073457907,0.1542038808902309,0.9358271524951796,447.8901945581753,159.08663979034358,2.801197291822904,Inference_Raw,,,,,,,,,,,,,,,,,,,,,
03Asc-0055 +Col 60x veh-Zstack Cell4_segmentation.nii.gz,NIfTI_Header,1.0,1.0,1.0,762891.0,17839.298677190578,1661887.3333333335,0.4590509745746903,0.2047948162059601,0.8963671683731776,403.8158972785093,182.7124437065449,2.279440176775999,Inference_Raw,,,,,,,,,,,,,,,,,,,,,
03Asc-0055 +Col 60x veh-Zstack Cell5_segmentation.nii.gz,NIfTI_Header,1.0,1.0,1.0,634270.0,9806.5695249215,1655439.6666666667,0.3831429273874674,0.1252834467120181,0.9478879706671764,489.3994399211107,156.70295338529314,3.3263089398640613,Inference_Raw,,,,,,,,,,,,,,,,,,,,,
03Asc-0055 -Col 60x veh-Zstack Cell1_segmentation.nii.gz,NIfTI_Header,1.0,1.0,1.0,689562.0,32898.26837392308,3436877.0000000005,0.2006362171238598,0.0804763021808925,0.7390789946002223,375.6587399034945,300.2739769852128,2.546636602688722,Inference_Raw,,,,,,,,,,,,,,,,,,,,,
03Asc-0055 -Col 60x veh-Zstack Cell2_segmentation.nii.gz,NIfTI_Header,1.0,1.0,1.0,871625.0,36309.604306830566,2577490.1666666674,0.3381681184558026,0.2184673287169773,0.8218679019268299,400.1418276634523,242.9188893483851,2.7645603157277585,Inference_Raw,,,,,,,,,,,,,,,,,,,,,
03Asc-0055 -Col 60x veh-Zstack Cell3_segmentation.nii.gz,NIfTI_Header,1.0,1.0,1.0,725134.0,19216.19823999963,1991669.1666666667,0.3640835597277493,0.1422791059067292,0.936688816155702,485.977153200558,171.45937196871327,2.766980783884046,Inference_Raw,,,,,,,,,,,,,,,,,,,,,
03Asc-0055 -Col 60x veh-Zstack Cell4_segmentation.nii.gz,NIfTI_Header,1.0,1.0,1.0,903669.0,17843.11479522091,2508265.166666667,0.3602765018663962,0.1101747702215799,0.9834893848669278,587.662040503328,106.33064843910672,3.879785826799142,Inference_Raw,,,,,,,,,,,,,,,,,,,,,
03Asc-0055 -Col 60x veh-Zstack Cell5_segmentation.nii.gz,NIfTI_Header,1.0,1.0,1.0,695958.0,39120.42588973022,2091390.8333333344,0.3327728078882114,0.1505307828073089,0.8969697246613069,399.417610039074,180.16690229576864,3.020391179233396,Inference_Raw,,,,,,,,,,,,,,,,,,,,,
03Asc-0056 +Col 60x veh-Zstack Cell2_segmentation.nii.gz,NIfTI_Header,1.0,1.0,1.0,896133.0,32761.050392337154,2243077.0,0.3995105830071817,0.1859357571109871,0.9192799418486104,530.7512589639483,211.50632017203216,2.527107684710164,Inference_Raw,,,,,,,,,,,,,,,,,,,,,
03Asc-0056 +Col 60x veh-Zstack Cell3_segmentation.nii.gz,NIfTI_Header,1.0,1.0,1.0,709678.0,18051.25806984201,2333625.333333334,0.3041096571343357,0.1112253124498475,0.9475837182873148,532.609838446698,171.03865144641955,3.3754810634406454,Inference_Raw,,,,,,,,,,,,,,,,,,,,,
03Asc-0056 +Col 60x veh-Zstack Cell4_segmentation.nii.gz,NIfTI_Header,1.0,1.0,1.0,472673.0,19689.95262818314,1248135.1666666665,0.3787033749416296,0.1712428222081333,0.8628066733695678,372.6934928475204,195.3833840900276,1.917764261440264,Inference_Raw,,,,,,,,,,,,,,,,,,,,,
03Asc-0056 +Col 60x veh-Zstack Cell5_segmentation.nii.gz,NIfTI_Header,1.0,1.0,1.0,964316.0,21044.595127361277,2363629.333333333,0.4079810596359723,0.2085273580845989,0.9172262690824532,447.4973073670077,180.586257137737,3.058827762001209,Inference_Raw,,,,,,,,,,,,,,,,,,,,,
03Asc-0056 +Col 60x veh-Zstack Cell6_segmentation.nii.gz,NIfTI_Header,1.0,1.0,1.0,870560.0,17629.182667817575,1916975.6666666665,0.4541320034144061,0.2497944108443186,0.8158147847183304,394.5297785702886,244.34373216064245,3.0583542351880446,Inference_Raw,,,,,,,,,,,,,,,,,,,,,
03Asc-0056 -Col 60x veh-Zstack Cell1_segmentation.nii.gz,NIfTI_Header,1.0,1.0,1.0,710834.0,17964.302221102378,1639069.8333333333,0.4336813389789473,0.1528927788503563,0.951014785744589,502.3553547731364,155.9990232082538,2.51548586836051,Inference_Raw,,,,,,,,,,,,,,,,,,,,,
03Asc-0056 -Col 60x veh-Zstack Cell2_segmentation.nii.gz,NIfTI_Header,1.0,1.0,1.0,957560.0,31938.67501900766,2787984.0000000005,0.3434596468272414,0.1268123427360614,0.9408520926739818,527.6875492030401,179.96151577568924,3.2867909589950925,Inference_Raw,,,,,,,,,,,,,,,,,,,,,
03Asc-0056 -Col 60x veh-Zstack Cell3_segmentation.nii.gz,NIfTI_Header,1.0,1.0,1.0,586067.0,29771.304551742003,2093935.0,0.2798878666243222,0.1487250190833495,0.8878279979354964,398.04647454897815,187.6110761328108,2.802531925483528,Inference_Raw,,,,,,,,,,,,,,,,,,,,,
03Asc-0056 -Col 60x veh-Zstack Cell4_segmentation.nii.gz,NIfTI_Header,1.0,1.0,1.0,611405.0,29504.62469813795,1866058.6666666665,0.3276451115506194,0.1201993397543974,0.9347133635578044,432.7565343438715,155.0382148104512,2.6822744289728804,Inference_Raw,,,,,,,,,,,,,,,,,,,,,
03Asc-0056 -Col 60x veh-Zstack Cell5_segmentation.nii.gz,NIfTI_Header,1.0,1.0,1.0,718684.0,26334.64702609028,3078980.333333333,0.2334162359595022,0.0899793544929956,0.943638185554474,506.1940341971688,168.52460247857806,3.5226230818749986,Inference_Raw,,,,,,,,,,,,,,,,,,,,,
03Asc-0057 +Col 60x veh-Zstack Cell1_segmentation.nii.gz,NIfTI_Header,1.0,1.0,1.0,571033.0,30069.169518774062,1973840.499999999,0.2893004779261547,0.1741109269483746,0.8081570977540605,372.9868229763267,236.8490778547328,2.244402099108832,Inference_Raw,,,,,,,,,,,,,,,,,,,,,
03Asc-0057 +Col 60x veh-Zstack Cell2_segmentation.nii.gz,NIfTI_Header,1.0,1.0,1.0,942637.0,18119.39140593825,1979442.8333333328,0.4762132980686402,0.2108920836912944,0.9275552733891146,517.5908503255195,195.34566634673865,2.809322318352062,Inference_Raw,,,,,,,,,,,,,,,,,,,,,
03Asc-0057 +Col 60x veh-Zstack Cell3_segmentation.nii.gz,NIfTI_Header,1.0,1.0,1.0,883095.0,22728.93033502228,2097521.5000000005,0.4210183304438118,0.1247801040240433,0.9713603961657996,606.9398779771838,144.4153560820801,2.9191522162542376,Inference_Raw,,,,,,,,,,,,,,,,,,,,,
03Asc-0057 +Col 60x veh-Zstack Cell4_segmentation.nii.gz,NIfTI_Header,1.0,1.0,1.0,1010849.0,19976.60048062764,2921121.0,0.3460483150133117,0.1702976999132042,0.9201825802714304,490.7242603046656,194.437719650447,3.1119483912411265,Inference_Raw,,,,,,,,,,,,,,,,,,,,,
03Asc-0057 +Col 60x veh-Zstack Cell5_segmentation.nii.gz,NIfTI_Header,1.0,1.0,1.0,884188.0,17458.562470192155,2047947.1666666665,0.431743559790727,0.1254345297205277,0.9869888966067172,680.0314312729272,109.33083573008516,3.161046424611426,Inference_Raw,,,,,,,,,,,,,,,,,,,,,
03Asc-0057 -Col 60x veh-Zstack Cell1_segmentation.nii.gz,NIfTI_Header,1.0,1.0,1.0,1181152.0,18210.643871736185,3542156.166666666,0.3334556536821241,0.14377672947477,0.9238651066640488,506.7169134886471,196.0520979087679,3.627253004975851,Inference_Raw,,,,,,,,,,,,,,,,,,,,,
03Asc-0057 -Col 60x veh-Zstack Cell2_segmentation.nii.gz,NIfTI_Header,1.0,1.0,1.0,1160473.0,34606.54472198914,3450196.5000000037,0.3363498281909447,0.1528466624519256,0.8697138562542626,453.3388992684616,231.15717793610088,3.315663679867428,Inference_Raw,,,,,,,,,,,,,,,,,,,,,
03Asc-0057 -Col 60x veh-Zstack Cell3_segmentation.nii.gz,NIfTI_Header,1.0,1.0,1.0,1094271.0,33432.719716014464,3453331.4999999977,0.3168740099234611,0.1197978042362449,0.8802704032720986,489.4743680444592,238.68741493898267,3.4287345515976906,Inference_Raw,,,,,,,,,,,,,,,,,,,,,
03Asc-0057 -Col 60x veh-Zstack Cell4_segmentation.nii.gz,NIfTI_Header,1.0,1.0,1.0,1040286.0,41218.54713762903,3632360.5,0.2863939303381368,0.1557049579592452,0.8792195758956891,503.24433464146216,246.539672815396,3.0084084447938952,Inference_Raw,,,,,,,,,,,,,,,,,,,,,
03Asc-0057 -Col 60x veh-Zstack Cell5_segmentation.nii.gz,NIfTI_Header,1.0,1.0,1.0,568611.0,14584.40152155365,2555403.5000000037,0.2225131960569042,0.110792535151496,0.7667815742007472,399.00798097523256,289.36982615005894,2.859487324655833,Inference_Raw,,,,,,,,,,,,,,,,,,,,,
03Asc-024 +coll 60x veh 48h-Zstack cell1_segmentation.nii.gz,NIfTI_Header,1.0,1.0,1.0,567497.0,21927.97478932378,1354595.833333333,0.4189419353251124,0.1523411536433754,0.966496190355591,473.67943046332704,121.81845471349465,2.6904852064766827,Inference_Raw,,,,,,,,,,,,,,,,,,,,,
03Asc-024 +coll 60x veh 48h-Zstack cell2_segmentation.nii.gz,NIfTI_Header,1.0,1.0,1.0,545771.0,12841.311432965013,1826113.0,0.298870332777873,0.0871833505137429,0.9718555192397328,584.4527197687243,137.86995569836253,2.659596770141751,Inference_Raw,,,,,,,,,,,,,,,,,,,,,
03Asc-024 +coll 60x veh 48h-Zstack cell3_segmentation.nii.gz,NIfTI_Header,1.0,1.0,1.0,1184751.0,48317.01558466676,4321569.166666668,0.2741483369370268,0.1583310881676561,0.7691093609684612,442.6357038980332,318.57726732282765,2.974412174321676,Inference_Raw,,,,,,,,,,,,,,,,,,,,,
03Asc-024 +coll 60x veh 48h-Zstack cell4_segmentation.nii.gz,NIfTI_Header,1.0,1.0,1.0,840934.0,33418.43368696105,3782072.8333333335,0.2223473838442296,0.1029173420764866,0.858509045164912,495.4241697710556,264.08832879258176,2.9692773039445903,Inference_Raw,,,,,,,,,,,,,,,,,,,,,
03Asc-024 +coll 60x veh 48h-Zstack cell5_segmentation.nii.gz,NIfTI_Header,1.0,1.0,1.0,1115280.0,35882.8278147426,2585272.833333333,0.4313974082812795,0.1974663373436379,0.906419610599838,512.5720934082567,220.12769706679143,2.927955462141142,Inference_Raw,,,,,,,,,,,,,,,,,,,,,
03Asc24- DMSO low-cell-1_segmentation.nii.gz,NIfTI_Header,1.0,1.0,1.0,561531.0,38645.0866374054,4361064.000000001,0.1287600915739828,0.0575732832061596,0.9708902308186776,469.7488720774727,112.63038646603424,3.914780865990567,Inference_Raw,,,,,,,,,,,,,,,,,,,,,
03Asc24- DMSO low-cell-2_segmentation.nii.gz,NIfTI_Header,1.0,1.0,1.0,438367.0,25792.745328849465,3238078.666666669,0.1353787369382419,0.0599567414559314,0.9769494122895068,547.2087661657897,116.88047720734208,3.481405693866456,Inference_Raw,,,,,,,,,,,,,,,,,,,,,
03Asc24- DMSO low-cell-3_segmentation.nii.gz,NIfTI_Header,1.0,1.0,1.0,302171.0,21651.45054810581,3610678.6666666665,0.0836881450541708,0.0458405772037294,0.7989394323418986,321.2307878254504,210.06160122001432,3.936488314411829,Inference_Raw,,,,,,,,,,,,,,,,,,,,,
03Asc24- DMSO low-cell-4_segmentation.nii.gz,NIfTI_Header,1.0,1.0,1.0,691471.0,26000.03137974916,1887475.333333333,0.3663470392372457,0.1588241239040905,0.9437324466981702,368.2585597808362,122.44516322787425,4.294494276209338,Inference_Raw,,,,,,,,,,,,,,,,,,,,,
03Asc24- DMSO low-cell-5_segmentation.nii.gz,NIfTI_Header,1.0,1.0,1.0,491325.0,11242.247780197758,1126628.833333334,0.4361019223574517,0.0941573299850061,0.9881521823303206,544.8162039370725,83.51431032172943,4.5301672483764985,Inference_Raw,,,,,,,,,,,,,,,,,,,,,
03Asc24-DMSO high cell-1_segmentation.nii.gz,NIfTI_Header,1.0,1.0,1.0,482852.0,27577.354384791604,2602973.166666665,0.1855001834760879,0.0746306582123214,0.96390534229631,570.2397165775734,152.17082195302717,3.251736747607998,Inference_Raw,,,,,,,,,,,,,,,,,,,,,
03Asc24-DMSO high cell-2_segmentation.nii.gz,NIfTI_Header,1.0,1.0,1.0,557540.0,25288.897786153382,2689204.666666668,0.2073252389120252,0.0831783269092942,0.9712959774655676,513.3068900046455,122.24287023356824,3.5934306466018078,Inference_Raw,,,,,,,,,,,,,,,,,,,,,
03Asc24-DMSO high cell-3_segmentation.nii.gz,NIfTI_Header,1.0,1.0,1.0,617467.0,15127.72297940826,2227411.6666666665,0.2772127888348734,0.1111530545051705,0.9700469721931932,555.702509054107,135.16960985407908,3.7903941921894977,Inference_Raw,,,,,,,,,,,,,,,,,,,,,
03Asc24-DMSO high cell-4_segmentation.nii.gz,NIfTI_Header,1.0,1.0,1.0,694373.0,27714.20794288451,2599776.000000001,0.267089549253474,0.112684986478574,0.9351071639561892,443.6301094698352,158.44235037033624,3.28598610806524,Inference_Raw,,,,,,,,,,,,,,,,,,,,,
03Asc24-DMSO high cell-5_segmentation.nii.gz,NIfTI_Header,1.0,1.0,1.0,588071.0,24182.32744868948,2466808.1666666656,0.23839348675201,0.105203604326924,0.9595941328710166,483.25131470984167,136.3671925704662,3.3445667101485945,Inference_Raw,,,,,,,,,,,,,,,,,,,,,
03Asc46 +coll 60x veh 48h-Zstack cell1_segmentation.nii.gz,NIfTI_Header,1.0,1.0,1.0,1382273.0,75795.5001786205,4298919.333333335,0.321539645855183,0.1958763836174255,0.8358716466071532,517.3217927985532,299.47044532210225,3.0659712376842583,Inference_Raw,,,,,,,,,,,,,,,,,,,,,
03Asc46 -coll 60x veh 48h-Zstack cell2_segmentation.nii.gz,NIfTI_Header,1.0,1.0,1.0,1440182.0,32866.42518402108,5566678.5,0.2587147793787624,0.1395227761523706,0.9294490937778598,632.5320649003637,235.56217312724704,4.2932413930699145,Inference_Raw,,,,,,,,,,,,,,,,,,,,,
03Asc46 -coll 60x veh 48h-Zstack cell3_segmentation.nii.gz,NIfTI_Header,1.0,1.0,1.0,1145903.0,44139.48705759599,3472007.000000003,0.3300405212316677,0.1534063989806312,0.9356649094157804,572.4763495560089,203.58932252241576,3.8493591367302735,Inference_Raw,,,,,,,,,,,,,,,,,,,,,
03Asc46 -coll 60x veh 48h-Zstack cell4_segmentation.nii.gz,NIfTI_Header,1.0,1.0,1.0,1334695.0,48142.504819954345,4102483.1666666656,0.3253383245651344,0.177803103672906,0.7938778054322169,455.3066333876547,302.65881355370834,3.3933666859471803,Inference_Raw,,,,,,,,,,,,,,,,,,,,,
03Asc46 -coll 60x veh 48h-Zstack cell5_segmentation.nii.gz,NIfTI_Header,1.0,1.0,1.0,1260698.0,55426.52952923966,5269261.833333326,0.2392551442452205,0.1218921890061908,0.8919523744994138,615.0199326435315,284.3169785388216,3.7947856082820106,Inference_Raw,,,,,,,,,,,,,,,,,,,,,
03Asc47 +coll 60x veh 48h-Zstack cell1_segmentation.nii.gz,NIfTI_Header,1.0,1.0,1.0,1058771.0,43855.79175783638,3178664.1666666656,0.3330867762322591,0.132134827141746,0.9412414018898202,568.9988353004375,193.4215963990556,3.1008353159122386,Inference_Raw,,,,,,,,,,,,,,,,,,,,,
03Asc47 +coll 60x veh 48h-Zstack cell2_segmentation.nii.gz,NIfTI_Header,1.0,1.0,1.0,1935029.0,30193.90803581644,5293266.333333335,0.3655642618650273,0.1893269162091742,0.9075307010178592,512.511122530467,218.7417371180844,4.20361575663693,Inference_Raw,,,,,,,,,,,,,,,,,,,,,
03Asc47 +coll 60x veh 48h-Zstack cell3_segmentation.nii.gz,NIfTI_Header,1.0,1.0,1.0,755165.0,37514.23001669128,3175681.333333333,0.2377962146495807,0.1052629744859271,0.946942127060327,557.0771906698968,179.9835344819981,3.434212521814338,Inference_Raw,,,,,,,,,,,,,,,,,,,,,
03Asc47 +coll 60x veh 48h-Zstack cell4_segmentation.nii.gz,NIfTI_Header,1.0,1.0,1.0,1606411.0,38014.58973142272,3943570.833333336,0.4073493460347376,0.2373797556530248,0.7943076576640474,455.6870230650312,302.49853660015265,3.315758092368476,Inference_Raw,,,,,,,,,,,,,,,,,,,,,
03Asc47 +coll 60x veh 48h-Zstack cell5_segmentation.nii.gz,NIfTI_Header,1.0,1.0,1.0,804204.0,30824.18048797137,2422063.9999999977,0.3320325144174558,0.1276041137762252,0.8746942083062721,453.1972599810999,226.3550984197444,3.293313969791582,Inference_Raw,,,,,,,,,,,,,,,,,,,,,
03Asc47 -coll 60x veh 48h-Zstack cell1_segmentation.nii.gz,NIfTI_Header,1.0,1.0,1.0,1360930.0,21515.336942829952,3232900.833333336,0.420962494725454,0.1914543116715763,0.9213507284074548,543.644310569513,213.79948678163876,4.094731488542959,Inference_Raw,,,,,,,,,,,,,,,,,,,,,
03Asc47 -coll 60x veh 48h-Zstack cell2_segmentation.nii.gz,NIfTI_Header,1.0,1.0,1.0,620540.0,20535.0009025534,1677794.6666666658,0.3698545551064653,0.1370256854154889,0.9430199816596608,514.4623178436583,172.23106045874343,2.543614196575946,Inference_Raw,,,,,,,,,,,,,,,,,,,,,
03Asc47 -coll 60x veh 48h-Zstack cell3_segmentation.nii.gz,NIfTI_Header,1.0,1.0,1.0,874310.0,20768.37080589976,3431392.9999999995,0.254797395693236,0.1248121344044146,0.8565442269855155,420.0105717574402,225.55357664605083,3.5717968038777053,Inference_Raw,,,,,,,,,,,,,,,,,,,,,
03Asc47 -coll 60x veh 48h-Zstack cell4_segmentation.nii.gz,NIfTI_Header,1.0,1.0,1.0,975654.0,16023.241489280366,2062946.1666666667,0.4729420552822633,0.1664057127419196,0.9755622983792596,602.1163551272856,132.39924461702265,3.6981091276591993,Inference_Raw,,,,,,,,,,,,,,,,,,,,,
03Asc47 -coll 60x veh 48h-Zstack cell5_segmentation.nii.gz,NIfTI_Header,1.0,1.0,1.0,849872.0,26926.418471816207,2602330.333333333,0.3265811373421591,0.1589555979500991,0.932547460078051,558.50568311787,203.38972758703977,2.862644761144033,Inference_Raw,,,,,,,,,,,,,,,,,,,,,
03Rt-0045 +coll 60x veh 48h-Zstack cell1_segmentation.nii.gz,NIfTI_Header,1.0,1.0,1.0,720998.0,28971.62843249413,4350405.000000002,0.1657312365170598,0.0901957791761011,0.869916069838832,421.6768435628073,214.8023111497025,4.384777759019992,Inference_Raw,,,,,,,,,,,,,,,,,,,,,
03Rt-0045 +coll 60x veh 48h-Zstack cell2_segmentation.nii.gz,NIfTI_Header,1.0,1.0,1.0,1495965.0,59443.53635289566,6896133.000000002,0.2169280957893357,0.114427941754203,0.74648932674496,415.9329926275514,323.27594707374743,5.05038616699817,Inference_Raw,,,,,,,,,,,,,,,,,,,,,
03Rt-0045 +coll 60x veh 48h-Zstack cell3_segmentation.nii.gz,NIfTI_Header,1.0,1.0,1.0,1343858.0,40891.17703196721,3378868.833333333,0.3977242285176997,0.200804918327716,0.7215722597946214,329.2366234526927,284.24888453243904,4.059016904472717,Inference_Raw,,,,,,,,,,,,,,,,,,,,,
03Rt-0045 +coll 60x veh 48h-Zstack cell4_segmentation.nii.gz,NIfTI_Header,1.0,1.0,1.0,1251712.0,33054.47292833235,6224272.666666666,0.201101729797827,0.1027805750598924,0.7673728397835906,386.8875154000484,279.93020978099526,5.45856717444512,Inference_Raw,,,,,,,,,,,,,,,,,,,,,
03Rt-0045 +coll 60x veh 48h-Zstack cell5_segmentation.nii.gz,NIfTI_Header,1.0,1.0,1.0,536505.0,25760.671026734417,3691552.5,0.145333162673428,0.08091873964016,0.8298761932846409,373.3218003608641,220.5547780360432,4.513186003021042,Inference_Raw,,,,,,,,,,,,,,,,,,,,,
01ASC-0180 +coll 60x DMSO48h-Zstack cell1.nii.gz,NIfTI_Header,1.0,1.0,1.0,1037286.0,21781.29081906345,1742672.3333333335,0.5952272152137225,0.2541904123365739,0.9659115194678688,551.1624466856618,142.96650092342293,3.1427483102555867,Training_Labels,,,,,,,,,,,,,,,,,,,,,
01ASC-0180 +coll 60x DMSO48h-Zstack cell10.nii.gz,NIfTI_Header,1.0,1.0,1.0,465549.0,10913.387633668784,1322283.8333333333,0.3520794766327905,0.1170256247831923,0.914603923578968,374.0740841873499,153.3491095165205,2.765119260712069,Training_Labels,,,,,,,,,,,,,,,,,,,,,
01ASC-0180 +coll 60x DMSO48h-Zstack cell2.nii.gz,NIfTI_Header,1.0,1.0,1.0,861560.0,17300.713341704814,1520323.333333332,0.5666952424593896,0.1627282499044758,0.957108257203814,491.8832723714184,142.97427225860116,3.5231094560463587,Training_Labels,,,,,,,,,,,,,,,,,,,,,
01ASC-0180 +coll 60x DMSO48h-Zstack cell3.nii.gz,NIfTI_Header,1.0,1.0,1.0,528210.0,12349.593214221852,1209225.0000000005,0.4368169695466102,0.1420936929026593,0.974058207115372,446.4236338613713,101.10745831292488,3.100392111933925,Training_Labels,,,,,,,,,,,,,,,,,,,,,
01ASC-0180 +coll 60x DMSO48h-Zstack cell4.nii.gz,NIfTI_Header,1.0,1.0,1.0,248642.0,19897.515406849667,1110575.9999999995,0.2238856233161891,0.0752366255144032,0.9541371875055308,476.1722319510241,143.10963778133706,2.41647073642776,Training_Labels,,,,,,,,,,,,,,,,,,,,,
01ASC-0180 +coll 60x DMSO48h-Zstack cell5.nii.gz,NIfTI_Header,1.0,1.0,1.0,469105.0,13600.375856929002,925835.4999999997,0.5066828826503199,0.1538634365857178,0.9814749204921372,514.2842525330566,98.55985503951352,2.710683470950952,Training_Labels,,,,,,,,,,,,,,,,,,,,,
01ASC-0180 +coll 60x DMSO48h-Zstack cell6.nii.gz,NIfTI_Header,1.0,1.0,1.0,419033.0,11557.695139030851,1317447.8333333335,0.3180642067168504,0.0635388311474057,0.9952250229363204,651.6071514883816,63.50078955416949,3.611483795493261,Training_Labels,,,,,,,,,,,,,,,,,,,,,
01ASC-0180 +coll 60x DMSO48h-Zstack cell7.nii.gz,NIfTI_Header,1.0,1.0,1.0,711945.0,45666.52126877535,1552431.0000000002,0.4586000923712551,0.1339769617097383,0.9775402492080406,524.2291149248595,110.51608813170462,3.948151485676653,Training_Labels,,,,,,,,,,,,,,,,,,,,,
01ASC-0180 +coll 60x DMSO48h-Zstack cell8.nii.gz,NIfTI_Header,1.0,1.0,1.0,823533.0,32602.300615925604,2946559.500000001,0.2794896895854299,0.1482983113037681,0.8159129853563674,462.9019424037502,286.6138805460987,2.726158358354672,Training_Labels,,,,,,,,,,,,,,,,,,,,,
01ASC-0180 +coll 60x DMSO48h-Zstack cell9.nii.gz,NIfTI_Header,1.0,1.0,1.0,1030863.0,28362.995031916416,2125725.333333336,0.4849464716043586,0.1879448101742157,0.8896009143409853,488.3624367805576,228.29980822439344,2.631129087900913,Training_Labels,,,,,,,,,,,,,,,,,,,,,
01ASC-0180 -coll 60x DMSO48H-Zstack cell1.nii.gz,NIfTI_Header,1.0,1.0,1.0,445005.0,27200.67173767124,4653713.833333333,0.0956236279103682,0.0566709417725987,0.9752876410694272,480.54880177091593,106.25587808294004,2.947983097639827,Training_Labels,,,,,,,,,,,,,,,,,,,,,
01ASC-0180 -coll 60x DMSO48H-Zstack cell2.nii.gz,NIfTI_Header,1.0,1.0,1.0,910633.0,13389.196073072046,1553355.8333333335,0.5862359289860071,0.203194904290323,0.9504508524249796,490.710437285004,153.23506171373234,3.259851383939074,Training_Labels,,,,,,,,,,,,,,,,,,,,,
01ASC-0180 -coll 60x DMSO48H-Zstack cell3.nii.gz,NIfTI_Header,1.0,1.0,1.0,1574980.0,23708.465230103404,2651861.0000000005,0.5939149902653268,0.24270358273562,0.9706742315923002,615.6718800767619,148.20204458869,3.8514816237796072,Training_Labels,,,,,,,,,,,,,,,,,,,,,
01ASC-0180 -coll 60x DMSO48H-Zstack cell4.nii.gz,NIfTI_Header,1.0,1.0,1.0,1118630.0,16504.336889827657,1684969.8333333333,0.6638872565374316,0.2501131359312563,0.9130408593187632,423.8363737376528,175.34666960747236,3.3068647945509,Training_Labels,,,,,,,,,,,,,,,,,,,,,
01ASC-0180 -coll 60x DMSO48H-Zstack cell5.nii.gz,NIfTI_Header,1.0,1.0,1.0,1162667.0,14207.546597188695,1832693.8333333344,0.6344032914026463,0.2151827819276127,0.9438897354240756,442.9625560761931,147.1278885167228,3.741271034798063,Training_Labels,,,,,,,,,,,,,,,,,,,,,
01ASC-0180 -coll 60x DMSO48h-Zstack cell10.nii.gz,NIfTI_Header,1.0,1.0,1.0,560207.0,6998.414356359298,796132.8333333331,0.703660214156055,0.1825137584071915,0.9611719602968336,409.7821186715188,113.36297027125556,3.150477577857617,Training_Labels,,,,,,,,,,,,,,,,,,,,,
01ASC-0180 -coll 60x DMSO48h-Zstack cell6.nii.gz,NIfTI_Header,1.0,1.0,1.0,1802277.0,34848.85144443522,4406661.000000002,0.4089892551299043,0.1790089355631121,0.9526325451973588,583.700849135516,178.21451986225867,4.858312460321864,Training_Labels,,,,,,,,,,,,,,,,,,,,,
01ASC-0180 -coll 60x DMSO48h-Zstack cell7.nii.gz,NIfTI_Header,1.0,1.0,1.0,1620991.0,23040.531886087207,3732592.499999999,0.4342801953334045,0.1452070739617815,0.9768421809607492,626.213489845311,134.05076036764925,4.390369090829385,Training_Labels,,,,,,,,,,,,,,,,,,,,,
01ASC-0180 -coll 60x DMSO48h-Zstack cell8.nii.gz,NIfTI_Header,1.0,1.0,1.0,1443494.0,32064.074164304173,2679699.1666666646,0.5386776314132281,0.1872061234229747,0.966247826811794,592.5685741479558,152.9387646706684,3.9243801791273074,Training_Labels,,,,,,,,,,,,,,,,,,,,,
01ASC-0180 -coll 60x DMSO48h-Zstack cell9.nii.gz,NIfTI_Header,1.0,1.0,1.0,899991.0,16868.217061317057,2053515.0,0.4382685298135149,0.1285705836705725,0.9762392023122374,540.966315436767,117.29057029236871,3.785801935099468,Training_Labels,,,,,,,,,,,,,,,,,,,,,
01Asc-230 +Col 60x veh-Zstack Cell1.nii.gz,NIfTI_Header,1.0,1.0,1.0,525404.0,21938.245026713885,1643235.1666666674,0.3197375583592162,0.0909644933001196,0.9830588738184493,565.0454368738876,103.57457562918184,3.2002282952779018,Training_Labels,,,,,,,,,,,,,,,,,,,,,
01Asc-230 +Col 60x veh-Zstack Cell2.nii.gz,NIfTI_Header,1.0,1.0,1.0,770541.0,22656.21014369707,3034673.9999999995,0.2539122818464191,0.0772334360384813,0.9777996210256452,699.4619663931321,146.66263959281125,3.583263472840895,Training_Labels,,,,,,,,,,,,,,,,,,,,,
01Asc-230 +Col 60x veh-Zstack Cell3.nii.gz,NIfTI_Header,1.0,1.0,1.0,1199645.0,50769.513865527806,3807661.166666669,0.3150608595381406,0.1785798019767786,0.8715824803011111,478.5358884400839,242.1489925005078,2.87566099822148,Training_Labels,,,,,,,,,,,,,,,,,,,,,
01Asc-230 +Col 60x veh-Zstack Cell4.nii.gz,NIfTI_Header,1.0,1.0,1.0,1730921.0,19524.1387160545,2777017.666666668,0.6233021203922239,0.3174026367442502,0.905946916776319,512.3044467843006,220.56787673307284,3.4700198073232835,Training_Labels,,,,,,,,,,,,,,,,,,,,,
01Asc-230 +Col 60x veh-Zstack Cell5.nii.gz,NIfTI_Header,1.0,1.0,1.0,805671.0,23624.834050272857,2704010.0000000014,0.297954149577849,0.1293951278740339,0.9519211860924208,566.7645477832156,174.36467651214306,3.3700958246701527,Training_Labels,,,,,,,,,,,,,,,,,,,,,
01Asc-230 -Col 60x veh-Zstack Cell1.nii.gz,NIfTI_Header,1.0,1.0,1.0,976862.0,12277.158901781646,3621946.333333333,0.2697063705803114,0.1209161216214209,0.9843929460427784,610.828758396111,107.45501172092314,4.399616008910916,Training_Labels,,,,,,,,,,,,,,,,,,,,,
01Asc-230 -Col 60x veh-Zstack Cell2.nii.gz,NIfTI_Header,1.0,1.0,1.0,1900744.0,22110.69032421533,4594357.999999999,0.4137126449440815,0.1814383690837016,0.9521429906667186,569.5446204972523,174.7735196381291,5.043124887813497,Training_Labels,,,,,,,,,,,,,,,,,,,,,
01Asc-230 -Col 60x veh-Zstack Cell3.nii.gz,NIfTI_Header,1.0,1.0,1.0,982154.0,24030.135054099417,3204952.333333335,0.3064488634620357,0.0931516042705684,0.925981480207362,507.3256119460659,193.5396667454009,3.1112243417125347,Training_Labels,,,,,,,,,,,,,,,,,,,,,
01Asc-230 -Col 60x veh-Zstack Cell4.nii.gz,NIfTI_Header,1.0,1.0,1.0,645838.0,14258.201252474671,2173698.333333334,0.2971148250408864,0.0959560571482907,0.9658347819385128,537.2768193487449,139.52396504096964,2.9013408973138186,Training_Labels,,,,,,,,,,,,,,,,,,,,,
01Asc-230 -Col 60x veh-Zstack Cell5.nii.gz,NIfTI_Header,1.0,1.0,1.0,432243.0,28892.205637036488,1351979.6666666656,0.3197111692261646,0.0960900444433378,0.9762048394987812,539.5241853603773,117.0979418349015,2.495784950278399,Training_Labels,,,,,,,,,,,,,,,,,,,,,
01C-0083 +coll 60x vehicleZstack cell1.nii.gz,NIfTI_Header,1.0,1.0,1.0,2029123.0,27135.927496373013,4853527.166666667,0.418071833188805,0.2405143067112344,0.7349099379722119,432.097024457747,351.0655611731367,4.757729540992058,Training_Labels,,,,,,,,,,,,,,,,,,,,,
01C-0083 +coll 60x vehicleZstack cell2.nii.gz,NIfTI_Header,1.0,1.0,1.0,1814314.0,17830.64377082073,3609723.333333332,0.5026185755695036,0.2397621822775844,0.9310609792067776,547.1938093465654,201.41342730520375,4.682398693235143,Training_Labels,,,,,,,,,,,,,,,,,,,,,
01C-0083 +coll 60x vehicleZstack cell3.nii.gz,NIfTI_Header,1.0,1.0,1.0,1843419.0,15564.035802773951,4651285.500000004,0.396324628965476,0.117213347203288,0.9744301788138146,597.0474904465507,134.19251908924176,5.752295775572643,Training_Labels,,,,,,,,,,,,,,,,,,,,,
01C-0083 +coll 60x vehicleZstack cell4.nii.gz,NIfTI_Header,1.0,1.0,1.0,2376170.0,17135.412594037967,4746179.500000001,0.5006489956816845,0.2912688361210278,0.8572605038413816,509.6155993674177,272.9268062070665,4.374531374683385,Training_Labels,,,,,,,,,,,,,,,,,,,,,
01C-0083 +coll 60x vehicleZstack cell5.nii.gz,NIfTI_Header,1.0,1.0,1.0,1244886.0,22994.45063700724,3654106.666666669,0.3406813521225432,0.1560899461346333,0.7880911993154741,479.64216969307415,324.75553222420115,4.16616532714302,Training_Labels,,,,,,,,,,,,,,,,,,,,,
01C-0083 -coll 60x vehicleZstack cell1.nii.gz,NIfTI_Header,1.0,1.0,1.0,1440248.0,29231.25373249183,3347501.833333333,0.4302456194821103,0.235142837737584,0.7495298005651074,418.6796042593655,321.95669491643,3.3494255688062857,Training_Labels,,,,,,,,,,,,,,,,,,,,,
01C-0083 -coll 60x vehicleZstack cell2.nii.gz,NIfTI_Header,1.0,1.0,1.0,922039.0,6816.719913803765,2044745.4999999984,0.4509309349256427,0.2154679335582954,0.9845523204912874,539.4605095684171,94.34474861951216,5.310431047396987,Training_Labels,,,,,,,,,,,,,,,,,,,,,
03Asc46 +coll 60x veh 48h-Zstack cell2.nii.gz,NIfTI_Header,1.0,1.0,1.0,922762.0,43756.18962186111,4696351.166666666,0.1964848809751485,0.1312111739418779,0.9529535830963596,689.2849473520293,209.8032619481192,3.0965691896355985,Training_Labels,,,,,,,,,,,,,,,,,,,,,
03Asc46 +coll 60x veh 48h-Zstack cell3.nii.gz,NIfTI_Header,1.0,1.0,1.0,2053470.0,58153.10735674859,4855132.666666667,0.4229482778294146,0.2822399416791811,0.8549596947133545,553.5024885263098,299.05953098599764,3.2356894339163267,Training_Labels,,,,,,,,,,,,,,,,,,,,,
03Asc46 +coll 60x veh 48h-Zstack cell4.nii.gz,NIfTI_Header,1.0,1.0,1.0,1990956.0,22680.54416725242,3668690.6666666656,0.5426884359833374,0.331871632349448,0.8868460448235768,510.5738827808222,241.74075059083293,3.597772847969408,Training_Labels,,,,,,,,,,,,,,,,,,,,,
03Asc46 +coll 60x veh 48h-Zstack cell5.nii.gz,NIfTI_Header,1.0,1.0,1.0,437646.0,28494.02153372324,3138064.166666667,0.1394636874060096,0.0808236795877391,0.9488433119819684,520.5916425756836,165.17147224202705,3.226283157790415,Training_Labels,,,,,,,,,,,,,,,,,,,,,
03Asc46 -coll 60x veh 48h-Zstack cell1.nii.gz,NIfTI_Header,1.0,1.0,1.0,1024718.0,66727.45609796152,5402719.666666664,0.1896670682956652,0.1151430638955808,0.8799237271213138,548.1057291757163,267.6915548888365,3.443616513884132,Training_Labels,,,,,,,,,,,,,,,,,,,,,
03Rt-0045 -coll 60x veh 48h-Zstack cell1.nii.gz,NIfTI_Header,1.0,1.0,1.0,979790.0,31693.32762493806,3363783.000000002,0.2912762208501557,0.1590624989853533,0.7523501124477009,333.9370222208189,254.2002445260412,3.988575980215225,Training_Labels,,,,,,,,,,,,,,,,,,,,,
03Rt-0045 -coll 60x veh 48h-Zstack cell2.nii.gz,NIfTI_Header,1.0,1.0,1.0,1565175.0,34703.82728746382,4881475.333333333,0.3206356466275974,0.2036044495021159,0.956115389834106,563.8688748443345,165.77328893180248,3.937864160903159,Training_Labels,,,,,,,,,,,,,,,,,,,,,
03Rt-0045 -coll 60x veh 48h-Zstack cell3.nii.gz,NIfTI_Header,1.0,1.0,1.0,1198292.0,22096.023439759367,6061505.500000002,0.197688841493256,0.1278408860564488,0.9078301563941064,482.88347040485945,205.71313787442912,5.471574053299627,Training_Labels,,,,,,,,,,,,,,,,,,,,,
03Rt-0045 -coll 60x veh 48h-Zstack cell4.nii.gz,NIfTI_Header,1.0,1.0,1.0,1028213.0,41159.32813357271,6409957.999999998,0.1604086953455857,0.0767437677265263,0.8169649111663255,358.7764306033116,221.3119443943468,4.455800738155028,Training_Labels,,,,,,,,,,,,,,,,,,,,,
03Rt-0045 -coll 60x veh 48h-Zstack cell5.nii.gz,NIfTI_Header,1.0,1.0,1.0,727656.0,31206.40738257474,3709798.333333334,0.1961443546571938,0.102539908008658,0.7196183802638071,378.38132835040034,330.2677060732703,3.429910118134255,Training_Labels,,,,,,,,,,,,,,,,,,,,,
01Asc-230 +Col 60x veh-Zstack Cell4_segmentation.nii.gz,NIfTI_Header,1.0,1.0,1.0,,,,,,,,,,Inference_Raw,873113.0,407184.53,0.1084941920207102,137.0,0.7438530065567925,0.1679004468675908,0.1198676072192824,0.960861330798202,8730.09,569.0,1070.0,15.59359183253203,16685.143260809273,1.163790874968304,162.0,,,,,,
01Asc-230 +Col 60x veh-Zstack Cell5_segmentation.nii.gz,NIfTI_Header,1.0,1.0,1.0,,,,,,,,,,Inference_Raw,548703.0,287688.94,0.1126641778853649,72.0,0.7219798115045511,0.1522089728941863,0.1182495771191214,0.9258467385726848,9299.525423728814,465.0,827.0,16.078862536142196,13297.219317389598,1.1673405029235453,155.0,,,,,,
01C-0083 +coll 60x vehicleZstack cell1_segmentation.nii.gz,NIfTI_Header,1.0,1.0,1.0,,,,,,,,,,Inference_Raw,881188.0,419246.3,0.1060214946834743,97.0,0.7007897696121057,0.1526315263784831,0.1132809267503054,0.9362139699216568,9790.722222222224,683.0,1199.0,15.800046508688965,18944.255763918067,1.1686727853489258,252.0,,,,,,
01C-0083 +coll 60x vehicleZstack cell2_segmentation.nii.gz,NIfTI_Header,1.0,1.0,1.0,,,,,,,,,,Inference_Raw,770245.0,297551.03,0.1365657905971548,120.0,0.7453790299474102,0.1370555427061415,0.1469104714022284,0.952405649384754,7477.78640776699,466.0,868.0,14.231798458856112,12353.201062287106,1.1551269420001118,155.0,,,,,,
01C-0083 +coll 60x vehicleZstack cell3_segmentation.nii.gz,NIfTI_Header,1.0,1.0,1.0,,,,,,,,,,Inference_Raw,648199.0,297142.56,0.1218965735445649,145.0,0.72355604068798,0.1732674172021806,0.1370207448465212,0.9264540648992432,9530.323529411764,993.0,1932.0,8.130894128155681,15708.887455596778,1.1386151299726963,152.0,,,,,,
01C-0083 +coll 60x vehicleZstack cell4_segmentation.nii.gz,NIfTI_Header,1.0,1.0,1.0,,,,,,,,,,Inference_Raw,581167.0,316168.75,0.1065203242237524,259.0,0.7317607347648454,0.166030802059017,0.1313497914914108,1.0,2270.140625,509.0,1081.0,14.948445143276553,16159.269199881954,1.1872714176854473,149.0,,,,,,
01C-0083 +coll 60x vehicleZstack cell5_segmentation.nii.gz,NIfTI_Header,1.0,1.0,1.0,,,,,,,,,,Inference_Raw,498349.0,285280.94,0.1065533476813877,109.0,0.6776241105379501,0.1663015887797609,0.1272169840237517,0.919383683503052,4885.676470588235,486.0,917.0,14.486387996288432,13284.017792596493,1.190698381596515,146.0,,,,,,
01C-0083 -coll 60x vehicleZstack cell1_segmentation.nii.gz,NIfTI_Header,1.0,1.0,1.0,,,,,,,,,,Inference_Raw,459333.0,316743.12,0.0908926346925463,176.0,0.7291275200845421,0.1668791518247868,0.1073457056873817,1.0,2717.8402366863907,656.0,1232.0,14.725008938329523,18141.211012021973,1.1833081108783048,213.0,,,,,,
01C-0083 -coll 60x vehicleZstack cell2_segmentation.nii.gz,NIfTI_Header,1.0,1.0,1.0,,,,,,,,,,Inference_Raw,443138.0,148593.75,0.1891659258642913,21.0,0.788495339415727,0.1725506680409433,0.1918095975178716,0.9730348470938788,23322.894736842107,717.0,1394.0,6.766008594662073,9431.815980958929,1.1170513041111374,67.0,,,,,,
01C-0083 -coll 60x vehicleZstack cell3_segmentation.nii.gz,NIfTI_Header,1.0,1.0,1.0,,,,,,,,,,Inference_Raw,439388.0,220883.8,0.126537444703149,20.0,0.6953651658129258,0.1942097202100572,0.1286561770204321,0.8905340275006212,23125.21052631579,523.0,868.0,14.04568946211186,12191.658453113096,1.1683831765425354,200.0,,,,,,
01C-0083 -coll 60x vehicleZstack cell4_segmentation.nii.gz,NIfTI_Header,1.0,1.0,1.0,,,,,,,,,,Inference_Raw,545553.0,337356.7,0.0957089972958278,119.0,0.7151252986738809,0.1774051763349378,0.1057641776411029,0.94490561132312,5245.278846153846,700.0,1250.0,14.340470963019191,17925.58870377399,1.1949875072630816,249.0,,,,,,
01C-0083 -coll 60x vehicleZstack cell5_segmentation.nii.gz,NIfTI_Header,1.0,1.0,1.0,,,,,,,,,,Inference_Raw,480527.0,236541.1,0.1254265241512326,158.0,0.790213033989788,0.1403279665430074,0.1383770240280421,1.0,3431.9857142857145,473.0,876.0,13.478598628933623,11807.252398945857,1.1813077191265162,180.0,,,,,,
01C-0096 +coll 60x vehicleZstack cell1_segmentation.nii.gz,NIfTI_Header,1.0,1.0,1.0,,,,,,,,,,Inference_Raw,329756.0,113628.94,0.2031375996250814,90.0,0.742592547196992,0.1848485311998029,0.245771098404058,1.0,6727.428571428572,106.0,241.0,16.883376200177846,4068.8936642428607,1.1595713810468409,22.0,,,,,,
01C-0096 +coll 60x vehicleZstack cell2_segmentation.nii.gz,NIfTI_Header,1.0,1.0,1.0,,,,,,,,,,Inference_Raw,156039.0,45564.766,0.3076170639508924,33.0,0.8380351807738067,0.1376601229836296,0.3692850742852276,1.0,5200.8,21.0,59.0,16.821614782352388,992.475272158791,1.1661379123439932,4.0,,,,,,
01C-0096 +coll 60x vehicleZstack cell3_segmentation.nii.gz,NIfTI_Header,1.0,1.0,1.0,,,,,,,,,,Inference_Raw,119369.0,47063.82,0.2491100894297356,71.0,0.7752187297859136,0.1538169267162651,0.3090300930366706,0.9715522564827912,2485.333333333333,177.0,395.0,6.222180603481603,2457.761338375233,1.1227095407080967,5.0,,,,,,
01C-0096 +coll 60x vehicleZstack cell4_segmentation.nii.gz,NIfTI_Header,1.0,1.0,1.0,,,,,,,,,,Inference_Raw,154837.0,108258.19,0.1288071204860617,218.0,0.6979512089480838,0.1571798145778924,0.1388312927912535,0.9402043598843824,2662.5689655172414,255.0,567.0,10.35542143127102,5871.523951530668,1.1399056625035575,76.0,,,,,,
01C-0096 +coll 60x vehicleZstack cell5_segmentation.nii.gz,NIfTI_Header,1.0,1.0,1.0,,,,,,,,,,Inference_Raw,466833.0,189590.75,0.1534998700396539,65.0,0.6538147351281255,0.1678285608758814,0.1585692773891565,0.8963274299983405,17951.5,347.0,644.0,12.515974785344117,8060.2877617616095,1.1500768467077227,96.0,,,,,,
01C-0096 -coll 60x vehicleZstack cell1_segmentation.nii.gz,NIfTI_Header,1.0,1.0,1.0,,,,,,,,,,Inference_Raw,324365.0,168954.16,0.1351256830250508,90.0,0.7831311609193161,0.1404132287870397,0.1405241270388107,0.966237506512733,4840.641791044776,310.0,591.0,14.33424925996063,8471.541312636733,1.172047885355716,87.0,,,,,,
01C-0096 -coll 60x vehicleZstack cell2_segmentation.nii.gz,NIfTI_Header,1.0,1.0,1.0,,,,,,,,,,Inference_Raw,395062.0,184244.22,0.1413189581880172,150.0,0.7172905289188991,0.1509937240049367,0.1566240187138623,0.9718979782460234,4701.214285714285,393.0,819.0,11.542670442639412,9453.44709252168,1.140168823331814,74.0,,,,,,
01C-0096 -coll 60x vehicleZstack cell3_segmentation.nii.gz,NIfTI_Header,1.0,1.0,1.0,,,,,,,,,,Inference_Raw,442916.0,167533.36,0.1677247192229643,95.0,0.7742406244456316,0.1582593305610853,0.1842054507115257,0.9748511902720756,5467.518518518518,265.0,530.0,14.695781221463832,7788.764047375831,1.1483867445654066,68.0,,,,,,
01C-0096 -coll 60x vehicleZstack cell4_segmentation.nii.gz,NIfTI_Header,1.0,1.0,1.0,,,,,,,,,,Inference_Raw,283591.0,114817.22,0.1818048220316247,110.0,0.742381945773617,0.1506906177776917,0.2106307796768531,1.0,3830.554054054054,253.0,534.0,10.012984231828844,5346.933579796602,1.132397782629509,42.0,,,,,,
01C-0096 -coll 60x vehicleZstack cell5_segmentation.nii.gz,NIfTI_Header,1.0,1.0,1.0,,,,,,,,,,Inference_Raw,462588.0,197393.75,0.1465368894591898,152.0,0.7662244639663965,0.1330431051796172,0.1576134688868,0.9948437038541594,4322.186915887851,322.0,670.0,13.316473982626936,8922.037568360047,1.1661276014103157,72.0,,,,,,
01C-0097 +coll 60x VehicleZstack cell1_segmentation.nii.gz,NIfTI_Header,1.0,1.0,1.0,,,,,,,,,,Inference_Raw,584568.0,254223.19,0.13299204271397,144.0,0.6971323473899067,0.1446610332013188,0.1379882964791966,0.9356277784169256,7492.025641025641,280.0,584.0,15.641569567332263,9134.676627322042,1.1516364840931574,66.0,,,,,,
01C-0097 +coll 60x VehicleZstack cell2_segmentation.nii.gz,NIfTI_Header,1.0,1.0,1.0,,,,,,,,,,Inference_Raw,436534.0,178943.23,0.155518082026681,52.0,0.6854774718260971,0.179376082638219,0.1582571393109436,1.0,21823.6,329.0,647.0,9.724282382113229,6291.610701227259,1.1110807047504585,38.0,,,,,,
01C-0097 +coll 60x VehicleZstack cell3_segmentation.nii.gz,NIfTI_Header,1.0,1.0,1.0,,,,,,,,,,Inference_Raw,533120.0,225463.06,0.1410236787840462,44.0,0.6532834124002728,0.1855794647148257,0.1475827399946747,0.9956824510941088,15679.029411764706,329.0,603.0,13.98227486630964,8431.311744384713,1.1426160454993264,92.0,,,,,,
01C-0097 +coll 60x VehicleZstack cell4_segmentation.nii.gz,NIfTI_Header,1.0,1.0,1.0,,,,,,,,,,Inference_Raw,599390.0,261190.31,0.1316234858326438,63.0,0.7174608849935635,0.166098094331705,0.1332569532747297,0.966780015735195,22195.296296296296,448.0,789.0,12.989507727217278,10248.721596774432,1.1410952535332204,151.0,,,,,,
01C-0097 +coll 60x VehicleZstack cell5_segmentation.nii.gz,NIfTI_Header,1.0,1.0,1.0,,,,,,,,,,Inference_Raw,557696.0,245420.31,0.1335073901074452,82.0,0.7291444389963637,0.14623804986723,0.1410732838131937,0.9540665118213622,8851.79365079365,309.0,580.0,16.502048806619303,9571.188307839197,1.1658432738433675,96.0,,,,,,
01C-0097 -coll 60x VehicleZstack cell1_segmentation.nii.gz,NIfTI_Header,1.0,1.0,1.0,,,,,,,,,,Inference_Raw,40978.0,34694.934,0.1656730633782363,130.0,0.6519382360849028,0.2025252912358328,0.2048497739184596,0.9440151288057116,1510.111111111111,118.0,286.0,7.979365950253862,2282.0986617726044,1.1317722172365936,15.0,,,,,,
01C-0097 -coll 60x VehicleZstack cell2_segmentation.nii.gz,NIfTI_Header,1.0,1.0,1.0,,,,,,,,,,Inference_Raw,409717.0,213301.19,0.1250681830508241,79.0,0.6626324108735936,0.1553827689672948,0.1376638580402706,0.8901525815313522,9526.32558139535,356.0,677.0,13.416263268844553,9082.810233007762,1.154520527541666,98.0,,,,,,
01C-0097 -coll 60x VehicleZstack cell3_segmentation.nii.gz,NIfTI_Header,1.0,1.0,1.0,,,,,,,,,,Inference_Raw,228948.0,140119.7,0.1291643963731218,86.0,0.6988290970113836,0.180416926368405,0.1415778737678503,1.0,4670.285714285715,231.0,452.0,14.535008991462412,6569.82406414101,1.1364147228625998,63.0,,,,,,
01C-0097 -coll 60x VehicleZstack cell4_segmentation.nii.gz,NIfTI_Header,1.0,1.0,1.0,,,,,,,,,,Inference_Raw,436434.0,185646.03,0.1498801685792611,114.0,0.7186817226441905,0.1456712929020934,0.1635514669497402,1.0,5976.890410958904,312.0,637.0,12.12142335796868,7721.34667902605,1.1783051338907236,71.0,,,,,,
01C-0097 -coll 60x VehicleZstack cell5_segmentation.nii.gz,NIfTI_Header,1.0,1.0,1.0,,,,,,,,,,Inference_Raw,392454.0,189882.22,0.1365187594975027,260.0,0.6739333120245249,0.1666448141474321,0.1458654867860096,0.9605768219353844,4404.6292134831465,413.0,902.0,11.322486832852832,10212.883123233254,1.124774364151536,88.0,,,,,,
01C-0113 +coll veh60x Zstack cell1_segmentation.nii.gz,NIfTI_Header,1.0,1.0,1.0,,,,,,,,,,Inference_Raw,112061.0,79352.04,0.1416540608841815,107.0,0.7234000674800112,0.1563083277720136,0.2628851036637867,1.0,1120.42,83.0,247.0,10.477441625253707,2587.928081437666,1.1802832380531905,6.0,,,,,,
01C-0113 +coll veh60x Zstack cell2_segmentation.nii.gz,NIfTI_Header,1.0,1.0,1.0,,,,,,,,,,Inference_Raw,226558.0,131139.69,0.1370470152634761,127.0,0.7323288871440252,0.1478200976995759,0.1877529950488255,0.987633233449946,1872.206611570248,169.0,397.0,12.82456351088329,5091.351713820666,1.1750044057367146,35.0,,,,,,
01C-0113 +coll veh60x Zstack cell3_segmentation.nii.gz,NIfTI_Header,1.0,1.0,1.0,,,,,,,,,,Inference_Raw,112373.0,70411.58,0.1599366627687002,34.0,0.7149788141973263,0.1614751071429717,0.1806068890323757,0.9523290329714518,3305.0882352941176,127.0,243.0,13.7209589299018,3334.1930199661374,1.1842907634515627,41.0,,,,,,
01C-0113 +coll veh60x Zstack cell4_segmentation.nii.gz,NIfTI_Header,1.0,1.0,1.0,,,,,,,,,,Inference_Raw,119834.0,59626.63,0.1971350763601632,28.0,0.7442762729770396,0.1467617630575234,0.2158257424943575,0.8887360301603062,4279.785714285715,91.0,175.0,13.849472642632316,2423.657712460655,1.1920481221592374,28.0,,,,,,
01C-0113 +coll veh60x Zstack cell5_segmentation.nii.gz,NIfTI_Header,1.0,1.0,1.0,,,,,,,,,,Inference_Raw,264162.0,159719.5,0.1246540553397348,194.0,0.7313390105135267,0.12655426454051,0.185716725456984,0.944899061684279,1420.0913978494625,192.0,499.0,11.216404247155545,5596.985719330616,1.1961806967424145,49.0,,,,,,
01C-0113 no coll veh60x Zstack cell1_segmentation.nii.gz,NIfTI_Header,1.0,1.0,1.0,,,,,,,,,,Inference_Raw,198125.0,100510.14,0.1635185761850305,47.0,0.7097847003022643,0.14183301894989,0.1932360131676626,0.9146967301154356,4215.425531914893,79.0,181.0,19.678043976564467,3561.7259597581688,1.1732932721909126,19.0,,,,,,
01C-0113 no coll veh60x Zstack cell2_segmentation.nii.gz,NIfTI_Header,1.0,1.0,1.0,,,,,,,,,,Inference_Raw,188646.0,104513.5,0.152198416255295,82.0,0.7582653324033554,0.1469706487287036,0.2109919284767033,0.9709664913814025,2387.759493670886,121.0,265.0,14.350141528647956,3802.787505091708,1.1810688930819535,32.0,,,,,,
01C-0113 no coll veh60x Zstack cell3_segmentation.nii.gz,NIfTI_Header,1.0,1.0,1.0,,,,,,,,,,Inference_Raw,101483.0,60603.574,0.1736126705773454,58.0,0.756913684692683,0.1395509505338432,0.2041327083550057,0.9390562408492024,1878.9814814814813,93.0,209.0,12.124142261433835,2533.945732639672,1.1661949404566827,19.0,,,,,,
01C-0113 no coll veh60x Zstack cell4_segmentation.nii.gz,NIfTI_Header,1.0,1.0,1.0,,,,,,,,,,Inference_Raw,85174.0,39273.867,0.2383701224603359,16.0,0.7090162461917437,0.1549857840511148,0.27140860578748,0.8987233248644296,5323.375,42.0,90.0,14.58197204391172,1312.377483952055,1.2088343006583937,9.0,,,,,,
01C-0113 no coll veh60x Zstack cell5_segmentation.nii.gz,NIfTI_Header,1.0,1.0,1.0,,,,,,,,,,Inference_Raw,178149.0,98082.69,0.15610399821669,90.0,0.718467470817093,0.1436485255199154,0.2355103387216429,0.9933370356091884,1979.4333333333332,217.0,489.0,8.663868437980183,4236.631666172309,1.192689132515695,29.0,,,,,,
01C-0117 +coll 60x VehicleZstack cell1_segmentation.nii.gz,NIfTI_Header,1.0,1.0,1.0,,,,,,,,,,Inference_Raw,660169.0,259094.34,0.1415129801946197,71.0,0.676287414331583,0.1675929494005859,0.1497966771708667,0.9230789145587528,15351.13953488372,378.0,711.0,14.411153787039996,10246.330342585436,1.161549333550952,93.0,,,,,,
01C-0117 +coll 60x VehicleZstack cell2_segmentation.nii.gz,NIfTI_Header,1.0,1.0,1.0,,,,,,,,,,Inference_Raw,351482.0,156035.39,0.1543582115146425,31.0,0.645646333301259,0.1611624573703188,0.167571250878251,0.9133859082309912,14058.44,131.0,260.0,18.460371252966965,4799.696525771411,1.177381415749072,25.0,,,,,,
01C-0117 +coll 60x VehicleZstack cell3_segmentation.nii.gz,NIfTI_Header,1.0,1.0,1.0,,,,,,,,,,Inference_Raw,175923.0,103485.67,0.1467187604150882,93.0,0.7267585555135041,0.1630729029136894,0.1740587681621074,1.0,1976.3820224719104,161.0,361.0,13.76881627354794,4970.542674750806,1.1797566347427206,37.0,,,,,,
01C-0117 +coll 60x VehicleZstack cell4_segmentation.nii.gz,NIfTI_Header,1.0,1.0,1.0,,,,,,,,,,Inference_Raw,399799.0,241952.44,0.108471403248809,109.0,0.6754476527623399,0.1778677513541545,0.1450516336858436,0.9818864148456246,3997.73,305.0,641.0,15.310645722335614,9814.123908017127,1.187254321035485,62.0,,,,,,
01C-0117 +coll 60x VehicleZstack cell5_segmentation.nii.gz,NIfTI_Header,1.0,1.0,1.0,,,,,,,,,,Inference_Raw,158285.0,100936.945,0.140193261941655,50.0,0.7432670759204174,0.1688839130849793,0.161142059133655,0.9548071060214186,3165.7,98.0,210.0,18.63128586691056,3912.570032051217,1.1551865693873329,24.0,,,,,,
01C-0117 -coll 60x VehicleZstack cell1_segmentation.nii.gz,NIfTI_Header,1.0,1.0,1.0,,,,,,,,,,Inference_Raw,141081.0,98385.305,0.1332087978883062,100.0,0.7587612975934747,0.1637277600963723,0.1848365203328451,0.9918266033448038,1469.5104166666667,133.0,306.0,16.129261091832756,4935.553894100824,1.1695057960151367,31.0,,,,,,
01C-0117 -coll 60x VehicleZstack cell2_segmentation.nii.gz,NIfTI_Header,1.0,1.0,1.0,,,,,,,,,,Inference_Raw,488822.0,245453.94,0.122259125090453,148.0,0.7368188376224482,0.136814668534097,0.1445490029217274,0.9741848075552814,3941.6451612903215,395.0,788.0,13.045834698687516,10280.117742565762,1.1738762201134163,114.0,,,,,,
01C-0117 -coll 60x VehicleZstack cell3_segmentation.nii.gz,NIfTI_Header,1.0,1.0,1.0,,,,,,,,,,Inference_Raw,385625.0,180391.77,0.1420291657387023,54.0,0.692566320013866,0.1807452497460878,0.1595536046776638,0.9632392732414612,9639.8,188.0,371.0,16.095567598856544,5971.4555791757775,1.1757918333734962,41.0,,,,,,
01C-0117 -coll 60x VehicleZstack cell4_segmentation.nii.gz,NIfTI_Header,1.0,1.0,1.0,,,,,,,,,,Inference_Raw,146248.0,84063.5,0.1596871415433095,60.0,0.7543204765708074,0.1843462215832672,0.2045421799423101,1.0,2983.8367346938776,101.0,223.0,14.531271119011032,3240.47345953946,1.1626493031033711,20.0,,,,,,
01C-0117 -coll 60x VehicleZstack cell5_segmentation.nii.gz,NIfTI_Header,1.0,1.0,1.0,,,,,,,,,,Inference_Raw,169579.0,93859.61,0.1578532139328446,67.0,0.7741052106623528,0.1521906606910134,0.1776291942983735,0.9615665904175298,2734.983870967742,108.0,236.0,16.046336721751445,3786.9354663333406,1.15727186315624,27.0,,,,,,
01C-202 +coll 60x veh 48h-Zstack cell1_segmentation.nii.gz,NIfTI_Header,1.0,1.0,1.0,,,,,,,,,,Inference_Raw,235330.0,156036.83,0.1181340811032899,262.0,0.7366969801225084,0.1339885411441721,0.1954883224469913,1.0,1005.2521367521368,187.0,532.0,10.647580133957138,5664.512631265197,1.1852152498366169,43.0,,,,,,
01C-202 +coll 60x veh 48h-Zstack cell2_segmentation.nii.gz,NIfTI_Header,1.0,1.0,1.0,,,,,,,,,,Inference_Raw,214531.0,146210.16,0.1185313656253716,276.0,0.7621496643085907,0.1261369550812062,0.1754262865912385,0.9842402087869933,864.7016129032259,266.0,677.0,9.54383471413784,6461.1761014713165,1.1480334593945698,79.0,,,,,,
01C-202 +coll 60x veh 48h-Zstack cell3_segmentation.nii.gz,NIfTI_Header,1.0,1.0,1.0,,,,,,,,,,Inference_Raw,262793.0,225330.53,0.0880521461408473,1417.0,0.7368571941577662,0.1561581184264231,0.1710751673596512,1.0,488.9474671669794,798.0,2254.0,6.8475564391364045,15434.392213813457,1.15943328123499,159.0,,,,,,
01C-202 +coll 60x veh 48h-Zstack cell4_segmentation.nii.gz,NIfTI_Header,1.0,1.0,1.0,,,,,,,,,,Inference_Raw,184546.0,165520.02,0.094704372336158,579.0,0.7734084272390191,0.1397666459452651,0.1576449337321076,1.0,496.0512129380054,409.0,1067.0,7.893791703990447,8422.675748157806,1.1869300095028958,118.0,,,,,,
01C-202 +coll 60x veh 48h-Zstack cell5_segmentation.nii.gz,NIfTI_Header,1.0,1.0,1.0,,,,,,,,,,Inference_Raw,1744936.0,764698.5,0.0916600777593381,579.0,0.737481957762466,0.1440151577836684,0.0970218311084617,1.0,8149.686915887851,1036.0,2078.0,11.97071624453455,24875.1483561428,1.15402075061909,306.0,,,,,,
01C-202 -coll 60x Veh24h-Zstack cell1_segmentation.nii.gz,NIfTI_Header,1.0,1.0,1.0,,,,,,,,,,Inference_Raw,171774.0,141277.83,0.1057746833603667,191.0,0.7311711466595487,0.1526178538716109,0.1404415634729874,1.0,1010.0470588235294,297.0,662.0,10.681535970233028,7071.176812294264,1.1973532397521085,88.0,,,,,,
01C-202 -coll 60x Veh24h-Zstack cell2_segmentation.nii.gz,NIfTI_Header,1.0,1.0,1.0,,,,,,,,,,Inference_Raw,210268.0,140797.3,0.1214521656917711,128.0,0.7233644517331899,0.1369003558047359,0.1618167292669685,0.9405302811914558,1781.584745762712,191.0,460.0,11.958298494103786,5500.817307287742,1.1916156128418078,34.0,,,,,,
01C-202 -coll 60x Veh24h-Zstack cell3_segmentation.nii.gz,NIfTI_Header,1.0,1.0,1.0,,,,,,,,,,Inference_Raw,196689.0,118099.17,0.1384917767725677,133.0,0.7717566313996121,0.1279999893965986,0.1858113199097668,0.9572515692194024,1638.675,121.0,310.0,12.97898375442455,4023.4849638716105,1.159931070211078,32.0,,,,,,
01C-202 -coll 60x Veh24h-Zstack cell4_segmentation.nii.gz,NIfTI_Header,1.0,1.0,1.0,,,,,,,,,,Inference_Raw,125721.0,71167.07,0.1705337155475431,72.0,0.7689199316310654,0.1468708651678471,0.208147917891605,1.0,1821.8115942028985,101.0,222.0,14.152135165836908,3141.7740068157937,1.2271866451444806,32.0,,,,,,
01C-202 -coll 60x Veh24h-Zstack cell5_segmentation.nii.gz,NIfTI_Header,1.0,1.0,1.0,,,,,,,,,,Inference_Raw,183218.0,123512.09,0.1263048612312205,179.0,0.7659492316082323,0.1356836711903855,0.2510138886443116,1.0,1071.321637426901,105.0,342.0,12.144756767463363,4153.506814472471,1.1897025790960944,16.0,,,,,,
01C-222 +Col 60x veh-Zstack Cell1_segmentation.nii.gz,NIfTI_Header,1.0,1.0,1.0,,,,,,,,,,Inference_Raw,311501.0,191451.55,0.1160730888220069,221.0,0.7599929654209134,0.1259054229921553,0.1425162053515618,0.9697071060913548,1720.524861878453,227.0,559.0,14.233839870307566,7956.71648750193,1.1827143332170578,52.0,,,,,,
01C-222 +Col 60x veh-Zstack Cell2_segmentation.nii.gz,NIfTI_Header,1.0,1.0,1.0,,,,,,,,,,Inference_Raw,356488.0,213327.34,0.1139727101896492,190.0,0.7712352080268723,0.1392484369977262,0.1287827395367251,1.0,2241.364779874214,332.0,703.0,14.464973682007756,10168.876498451453,1.1517695118446891,104.0,,,,,,
01C-222 +Col 60x veh-Zstack Cell3_segmentation.nii.gz,NIfTI_Header,1.0,1.0,1.0,,,,,,,,,,Inference_Raw,424461.0,305673.78,0.0893547814876352,174.0,0.6822793560906348,0.1852936288630732,0.0977348136159098,0.9691935282237346,3314.7890625,648.0,1226.0,14.37789160841522,17627.29511191706,1.13350753372135,205.0,,,,,,
01C-222 +Col 60x veh-Zstack Cell4_segmentation.nii.gz,NIfTI_Header,1.0,1.0,1.0,,,,,,,,,,Inference_Raw,349273.0,210670.92,0.1138473357643777,161.0,0.7682396201594823,0.1511606865198816,0.1322091932592125,0.9846203384808035,2512.3237410071943,349.0,724.0,13.584955172491728,9835.50754488401,1.1568675724397914,85.0,,,,,,
01C-222 +Col 60x veh-Zstack Cell5_segmentation.nii.gz,NIfTI_Header,1.0,1.0,1.0,,,,,,,,,,Inference_Raw,181811.0,179814.9,0.0863121372303691,431.0,0.703988081738839,0.1633385245762893,0.1241205623478508,1.0,586.8996763754045,451.0,1099.0,11.631364873913904,12782.869996431382,1.159764061933083,111.0,,,,,,
01C-222 -Col 60x veh-Zstack Cell1_segmentation.nii.gz,NIfTI_Header,1.0,1.0,1.0,,,,,,,,,,Inference_Raw,60438.0,64125.9,0.1161423790544445,239.0,0.7515359601152639,0.1561615924418873,0.2063727409518789,1.0,303.035175879397,164.0,466.0,9.619187265325008,4482.541265641453,1.1746042260586766,37.0,,,,,,
01C-222 -Col 60x veh-Zstack Cell2_segmentation.nii.gz,NIfTI_Header,1.0,1.0,1.0,,,,,,,,,,Inference_Raw,975070.0,471168.8,0.1009248513166855,192.0,0.7104267411949123,0.1494101161119049,0.1115818834681211,0.9376667277094782,6249.673076923077,737.0,1379.0,14.44140292747663,19914.694636990276,1.2015085730185426,245.0,,,,,,
01C-222 -Col 60x veh-Zstack Cell3_segmentation.nii.gz,NIfTI_Header,1.0,1.0,1.0,,,,,,,,,,Inference_Raw,470955.0,317177.56,0.0922928255061673,253.0,0.721281714007221,0.1502894679709766,0.1148337497312068,1.0,2130.606334841629,506.0,1090.0,13.03405082905938,14207.115403674725,1.2067247391290683,113.0,,,,,,
01C-222 -Col 60x veh-Zstack Cell4_segmentation.nii.gz,NIfTI_Header,1.0,1.0,1.0,,,,,,,,,,Inference_Raw,943763.0,438271.22,0.1061654335464705,241.0,0.7513139151986657,0.1311845491007736,0.1167044356291812,1.0,5331.050847457627,654.0,1269.0,13.601012734126824,17259.68515960694,1.195014252074084,210.0,,,,,,
01C-222 -Col 60x veh-Zstack Cell5_segmentation.nii.gz,NIfTI_Header,1.0,1.0,1.0,,,,,,,,,,Inference_Raw,396578.0,265214.94,0.0984249544436094,174.0,0.7826588932897514,0.1431688396183633,0.1080726635630525,1.0,2541.826923076923,538.0,1009.0,13.570383272958438,13692.516722415065,1.1799643874102146,189.0,,,,,,
03Asc-0043 +coll 60x veh 48h-Zstack cell1_segmentation.nii.gz,NIfTI_Header,1.0,1.0,1.0,,,,,,,,,,Inference_Raw,1142061.0,791751.1,0.0667352004773678,1712.0,0.6853310007740288,0.1498172000974098,0.0704851937881007,1.0,3581.050314465409,2147.0,4547.0,9.10724412606302,41410.63904120856,1.1235291446973372,644.0,,,,,,
03Asc-0043 +coll 60x veh 48h-Zstack cell2_segmentation.nii.gz,NIfTI_Header,1.0,1.0,1.0,,,,,,,,,,Inference_Raw,1157766.0,702477.6,0.0759041444786689,753.0,0.7030218769008929,0.1307266064436525,0.0795114577426446,1.0,6086.252631578947,1418.0,2787.0,11.308418206812584,31516.561542386677,1.1424718976150023,436.0,,,,,,
03Asc-0043 +coll 60x veh 48h-Zstack cell3_segmentation.nii.gz,NIfTI_Header,1.0,1.0,1.0,,,,,,,,,,Inference_Raw,91546.0,112448.47,0.0873554812525728,704.0,0.7879390104018457,0.1620003557754554,0.2074554381993786,1.0,166.9871323529412,252.0,949.0,7.868556568600821,7467.2601836021795,1.1585399542420294,35.0,,,,,,
03Asc-0043 +coll 60x veh 48h-Zstack cell4_segmentation.nii.gz,NIfTI_Header,1.0,1.0,1.0,,,,,,,,,,Inference_Raw,241697.0,190221.06,0.0986445345447526,472.0,0.7685632301714888,0.1446014727648621,0.1637612243373846,1.0,656.0217391304348,367.0,983.0,9.721021324821614,9555.763962299648,1.1726318664951825,62.0,,,,,,
03Asc-0043 +coll 60x veh 48h-Zstack cell5_segmentation.nii.gz,NIfTI_Header,1.0,1.0,1.0,,,,,,,,,,Inference_Raw,2077732.0,1180218.8,0.0667187601219742,1435.0,0.7144950587797417,0.143781274964739,0.0676278352193984,1.0,13133.822784810129,2461.0,4769.0,10.03717922155331,47867.30770758774,1.1293272753891102,758.0,,,,,,
03Asc-0043 -coll 60x veh 48h-Zstack cell1_segmentation.nii.gz,NIfTI_Header,1.0,1.0,1.0,,,,,,,,,,Inference_Raw,323755.0,219738.69,0.1037660427157974,562.0,0.803147946646964,0.1512506370171477,0.13015106931292,1.0,815.8585858585859,581.0,1330.0,9.50915654453972,12647.178204237827,1.1609939405314222,177.0,,,,,,
03Asc-0043 -coll 60x veh 48h-Zstack cell2_segmentation.nii.gz,NIfTI_Header,1.0,1.0,1.0,,,,,,,,,,Inference_Raw,158322.0,111948.555,0.1264231125402614,125.0,0.7203353350177438,0.1742615773928181,0.1535666950835329,1.0,1566.7623762376238,331.0,638.0,10.81881194694959,6902.402022153838,1.171281112238846,114.0,,,,,,
03Asc-0043 -coll 60x veh 48h-Zstack cell3_segmentation.nii.gz,NIfTI_Header,1.0,1.0,1.0,,,,,,,,,,Inference_Raw,552724.0,236166.6,0.1379127887458087,141.0,0.7561950738824289,0.1486885242765737,0.1513869184877169,0.997484251841588,4683.669491525424,308.0,662.0,12.977815883502062,8591.314114878365,1.175258568372615,62.0,,,,,,
03Asc-0043 -coll 60x veh 48h-Zstack cell4_segmentation.nii.gz,NIfTI_Header,1.0,1.0,1.0,,,,,,,,,,Inference_Raw,842706.0,365175.88,0.1181497399239229,211.0,0.7399327432750874,0.1434492528241826,0.1381544675371732,1.0,4927.391812865497,439.0,925.0,13.585351888114552,12566.45049650596,1.1763821304068227,101.0,,,,,,
03Asc-0043 -coll 60x veh 48h-Zstack cell5_segmentation.nii.gz,NIfTI_Header,1.0,1.0,1.0,,,,,,,,,,Inference_Raw,776688.0,275347.38,0.1484001184081897,105.0,0.7106388839705843,0.1273367555099769,0.1612411231477017,0.9343340690798748,8825.113636363636,294.0,632.0,13.255279317961897,8377.336528951917,1.145867666871246,46.0,,,,,,
03Asc-0051 +Col 60x veh-Zstack Cell1_segmentation.nii.gz,NIfTI_Header,1.0,1.0,1.0,,,,,,,,,,Inference_Raw,801005.0,374508.3,0.1113728878477733,224.0,0.7495180074495938,0.1414604592419943,0.1191899699963849,0.9992537394503298,4974.173913043478,563.0,1119.0,13.715233381810528,15347.34615424598,1.1381272140922811,163.0,,,,,,
03Asc-0051 +Col 60x veh-Zstack Cell2_segmentation.nii.gz,NIfTI_Header,1.0,1.0,1.0,,,,,,,,,,Inference_Raw,747364.0,352481.3,0.1129889944854991,100.0,0.7307417030817432,0.1568858435477631,0.1181111842665474,1.0,10098.364864864863,601.0,1045.0,14.824729716798837,15491.842554054783,1.1659060771070462,227.0,,,,,,
03Asc-0051 +Col 60x veh-Zstack Cell3_segmentation.nii.gz,NIfTI_Header,1.0,1.0,1.0,,,,,,,,,,Inference_Raw,608015.0,322908.8,0.107484809088373,92.0,0.7104809742103589,0.1760242333247999,0.1113527292761911,1.0,10855.839285714286,830.0,1490.0,11.880009353501036,17701.213936716544,1.1474092001501692,238.0,,,,,,
03Asc-0051 +Col 60x veh-Zstack Cell4_segmentation.nii.gz,NIfTI_Header,1.0,1.0,1.0,,,,,,,,,,Inference_Raw,369505.0,219094.8,0.1136577201188664,121.0,0.6973970561237368,0.1856179383392917,0.1307841392036589,1.0,4104.988888888889,396.0,771.0,14.67792351416124,11316.679029418316,1.1813142166290715,102.0,,,,,,
03Asc-0051 +Col 60x veh-Zstack Cell5_segmentation.nii.gz,NIfTI_Header,1.0,1.0,1.0,,,,,,,,,,Inference_Raw,716715.0,438256.75,0.08837304917723,242.0,0.6857619328265606,0.1685756227155509,0.103585264934213,1.0,3412.5333333333333,803.0,1559.0,14.765510248385567,23019.4304772331,1.1596613065881276,249.0,,,,,,
03Asc-0051 -Col 60x veh-Zstack Cell1_segmentation.nii.gz,NIfTI_Header,1.0,1.0,1.0,,,,,,,,,,Inference_Raw,270027.0,163257.12,0.1237513963269079,248.0,0.6879655213291265,0.1556033145931706,0.1555017370045721,1.0,1644.621951219512,283.0,670.0,12.01041786706395,8046.979970932846,1.1580637610722704,74.0,,,,,,
03Asc-0051 -Col 60x veh-Zstack Cell2_segmentation.nii.gz,NIfTI_Header,1.0,1.0,1.0,,,,,,,,,,Inference_Raw,323358.0,172193.22,0.1323093350934066,155.0,0.8046633460440145,0.1313036407365884,0.1420010283396826,1.0,2693.625,285.0,595.0,12.523806965296822,7451.665144351609,1.152968969609449,80.0,,,,,,
03Asc-0051 -Col 60x veh-Zstack Cell3_segmentation.nii.gz,NIfTI_Header,1.0,1.0,1.0,,,,,,,,,,Inference_Raw,823241.0,479060.88,0.0886702804598224,389.0,0.7781028430806766,0.1286982362905337,0.0979879045141124,1.0,2604.5632911392404,1159.0,2219.0,11.223597319418506,24905.162451789663,1.1581958742283238,379.0,,,,,,
03Asc-0051 -Col 60x veh-Zstack Cell4_segmentation.nii.gz,NIfTI_Header,1.0,1.0,1.0,,,,,,,,,,Inference_Raw,313480.0,216897.39,0.1028891760305156,167.0,0.8024895014196284,0.1295624276405688,0.107719692437641,1.0,2633.18487394958,591.0,1078.0,11.069378328410924,11932.789838026976,1.147988581316841,219.0,,,,,,
03Asc-0051 -Col 60x veh-Zstack Cell5_segmentation.nii.gz,NIfTI_Header,1.0,1.0,1.0,,,,,,,,,,Inference_Raw,1053412.0,564623.9,0.0886727941814764,211.0,0.763483636718988,0.1422934887513707,0.0918631887150194,0.9949823184949788,7576.884892086331,1061.0,1913.0,12.98032478231596,24831.361308570435,1.1396463991017736,360.0,,,,,,
03Asc-0054 -Col 60x veh-Zstack Cell1_segmentation.nii.gz,NIfTI_Header,1.0,1.0,1.0,,,,,,,,,,Inference_Raw,905673.0,415478.1,0.1089557801226947,159.0,0.7365826951833988,0.1514419648978241,0.1183759567554715,0.9576147045071036,7546.341666666666,645.0,1210.0,14.931307818829216,18066.882460783352,1.1704602920268192,192.0,,,,,,
03Asc-0054 -Col 60x veh-Zstack Cell2_segmentation.nii.gz,NIfTI_Header,1.0,1.0,1.0,,,,,,,,,,Inference_Raw,799718.0,352258.5,0.1182807012107538,116.0,0.6902089103344156,0.1434432811227292,0.1269346612367551,0.9420385467342808,9634.132530120482,579.0,1058.0,14.223020217446948,15047.95539005887,1.1560074313224216,194.0,,,,,,
03Asc-0054 -Col 60x veh-Zstack Cell3_segmentation.nii.gz,NIfTI_Header,1.0,1.0,1.0,,,,,,,,,,Inference_Raw,137477.0,122115.61,0.1054871699662954,117.0,0.6923614793713108,0.1761804295099465,0.1174392583256255,1.0,1493.141304347826,413.0,787.0,12.407102604640103,9764.389749851762,1.1628025516106602,136.0,,,,,,
03Asc-0054 -Col 60x veh-Zstack Cell4_segmentation.nii.gz,NIfTI_Header,1.0,1.0,1.0,,,,,,,,,,Inference_Raw,834161.0,318717.12,0.1344555229166102,116.0,0.7164534049420734,0.1603995960249952,0.1451326113297182,0.9261441559694102,10558.113924050633,413.0,787.0,15.626616831896396,12298.147446702464,1.168617588356722,122.0,,,,,,
03Asc-0054 -Col 60x veh-Zstack Cell5_segmentation.nii.gz,NIfTI_Header,1.0,1.0,1.0,,,,,,,,,,Inference_Raw,842094.0,395264.44,0.1091030180704864,138.0,0.7387335687977843,0.1505851547064899,0.1141668441575569,0.9615413276346572,9460.269662921348,745.0,1349.0,13.242277176574175,17863.831911198566,1.1678227935551997,240.0,,,,,,
03Asc-0055 +Col 60x veh-Zstack Cell1_segmentation.nii.gz,NIfTI_Header,1.0,1.0,1.0,,,,,,,,,,Inference_Raw,218072.0,155154.9,0.1129237301871184,135.0,0.7005731279877457,0.169915356233083,0.1565752472668469,0.9463880095235672,1758.4596774193549,231.0,517.0,15.213055240108538,7865.149559136114,1.2036524449391406,53.0,,,,,,
03Asc-0055 +Col 60x veh-Zstack Cell2_segmentation.nii.gz,NIfTI_Header,1.0,1.0,1.0,,,,,,,,,,Inference_Raw,80488.0,83913.63,0.1074333270481841,92.0,0.6984822141064937,0.1953097803766643,0.121044738851424,1.0,1217.9242424242425,346.0,648.0,11.799888537265238,7646.327772147874,1.1613767029597597,117.0,,,,,,
03Asc-0055 +Col 60x veh-Zstack Cell3_segmentation.nii.gz,NIfTI_Header,1.0,1.0,1.0,,,,,,,,,,Inference_Raw,110268.0,99786.734,0.111440823518778,143.0,0.7254305884751909,0.1906371588571756,0.1539360891848743,1.0,841.3740458015267,169.0,402.0,16.698640337890012,6712.853415831785,1.171071790922931,49.0,,,,,,
03Asc-0055 +Col 60x veh-Zstack Cell4_segmentation.nii.gz,NIfTI_Header,1.0,1.0,1.0,,,,,,,,,,Inference_Raw,124774.0,115948.055,0.1041445920392547,292.0,0.7231533764707446,0.1720639601584486,0.127837439857854,1.0,731.1235294117647,426.0,926.0,10.305486691149058,9542.880676004028,1.1491052615667827,127.0,,,,,,
03Asc-0055 +Col 60x veh-Zstack Cell5_segmentation.nii.gz,NIfTI_Header,1.0,1.0,1.0,,,,,,,,,,Inference_Raw,104574.0,93891.25,0.1143250720351149,88.0,0.6625455023472887,0.1838257274915075,0.143136104337184,1.0,1215.8953488372092,262.0,530.0,13.442602004211343,7124.579062232013,1.279012568994121,78.0,,,,,,
03Asc-0055 -Col 60x veh-Zstack Cell1_segmentation.nii.gz,NIfTI_Header,1.0,1.0,1.0,,,,,,,,,,Inference_Raw,283879.0,183531.03,0.1138142910205593,223.0,0.6929485524201062,0.1441352092096741,0.200040053004833,0.9354273136472546,1550.6612021857925,207.0,549.0,13.167458941131338,7228.934958681105,1.2061022397523584,37.0,,,,,,
03Asc-0055 -Col 60x veh-Zstack Cell2_segmentation.nii.gz,NIfTI_Header,1.0,1.0,1.0,,,,,,,,,,Inference_Raw,181814.0,135896.5,0.114207353337928,135.0,0.7212711639213778,0.1609074962620078,0.1314039285801665,1.0,1580.4,331.0,663.0,13.708478179211433,9088.72103281718,1.173469265156508,112.0,,,,,,
03Asc-0055 -Col 60x veh-Zstack Cell3_segmentation.nii.gz,NIfTI_Header,1.0,1.0,1.0,,,,,,,,,,Inference_Raw,262472.0,174643.95,0.1135148182918896,128.0,0.7126050775613593,0.1767488005681221,0.1486050254933615,1.0,2523.173076923077,308.0,622.0,14.42098524464984,8969.8528221722,1.1759734625826566,87.0,,,,,,
03Asc-0055 -Col 60x veh-Zstack Cell4_segmentation.nii.gz,NIfTI_Header,1.0,1.0,1.0,,,,,,,,,,Inference_Raw,351872.0,209554.72,0.1150208270653929,103.0,0.6797615547667786,0.168854961917417,0.1396658307679775,0.9561783777145222,3998.011363636364,411.0,756.0,13.92788702647285,10529.482592013475,1.1890005127339562,146.0,,,,,,
03Asc-0055 -Col 60x veh-Zstack Cell5_segmentation.nii.gz,NIfTI_Header,1.0,1.0,1.0,,,,,,,,,,Inference_Raw,219147.0,140792.66,0.1248517042966049,160.0,0.739176913734155,0.1489329955399175,0.1648067470532528,0.9656282699284152,1542.957746478873,184.0,435.0,14.06615548035572,6118.777633954738,1.2040214770830713,52.0,,,,,,
03Asc-0056 +Col 60x veh-Zstack Cell2_segmentation.nii.gz,NIfTI_Header,1.0,1.0,1.0,,,,,,,,,,Inference_Raw,438591.0,260897.72,0.1070007905817011,364.0,0.715865592340991,0.1535882687589879,0.1186029233918645,1.0,2546.843023255814,711.0,1440.0,10.055478205577629,14479.888616031782,1.1404132146837973,220.0,,,,,,
03Asc-0056 +Col 60x veh-Zstack Cell3_segmentation.nii.gz,NIfTI_Header,1.0,1.0,1.0,,,,,,,,,,Inference_Raw,494137.0,284080.38,0.106399880791029,150.0,0.7030765998809841,0.1488274772084166,0.1115460685588355,0.9583834776966934,5880.476190476191,884.0,1627.0,9.660961754212911,15718.384774104408,1.1577925848178166,251.0,,,,,,
03Asc-0056 +Col 60x veh-Zstack Cell4_segmentation.nii.gz,NIfTI_Header,1.0,1.0,1.0,,,,,,,,,,Inference_Raw,140494.0,124187.19,0.1052395989790798,349.0,0.6758547287169039,0.1629885886446423,0.1743592492981477,1.0,809.1387283236994,286.0,745.0,9.682497374881708,7213.460544286872,1.1543233090228433,49.0,,,,,,
03Asc-0056 +Col 60x veh-Zstack Cell5_segmentation.nii.gz,NIfTI_Header,1.0,1.0,1.0,,,,,,,,,,Inference_Raw,537786.0,263136.84,0.1215370781841619,215.0,0.7100568932782167,0.1568681829237409,0.134927283921015,1.0,4335.241935483871,556.0,1103.0,11.576527213794888,12768.909516815762,1.1605656632789134,150.0,,,,,,
03Asc-0056 +Col 60x veh-Zstack Cell6_segmentation.nii.gz,NIfTI_Header,1.0,1.0,1.0,,,,,,,,,,Inference_Raw,521731.0,271893.3,0.1152701062603201,117.0,0.6677763489278092,0.1651629363317247,0.1235868177021409,1.0,7145.219178082192,538.0,1005.0,12.352554357986282,12414.317129776213,1.1584309722550643,163.0,,,,,,
03Asc-0056 -Col 60x veh-Zstack Cell1_segmentation.nii.gz,NIfTI_Header,1.0,1.0,1.0,,,,,,,,,,Inference_Raw,713461.0,426438.12,0.0905471790872301,105.0,0.7405328214028989,0.1680550858001699,0.0913275277957001,0.9812965377741784,16983.714285714286,835.0,1409.0,13.04606589369208,18381.906844212142,1.1290254322713793,320.0,,,,,,
03Asc-0056 -Col 60x veh-Zstack Cell2_segmentation.nii.gz,NIfTI_Header,1.0,1.0,1.0,,,,,,,,,,Inference_Raw,753100.0,407407.94,0.0982553944497507,120.0,0.6875826472620863,0.1534962289593202,0.1008310959232626,0.960429005517104,11951.301587301588,834.0,1477.0,12.988112094528402,19183.44156361845,1.1354072148513628,282.0,,,,,,
03Asc-0056 -Col 60x veh-Zstack Cell3_segmentation.nii.gz,NIfTI_Header,1.0,1.0,1.0,,,,,,,,,,Inference_Raw,243278.0,154633.34,0.1218754414997623,295.0,0.7041437246455068,0.1640510520629797,0.1411071102583337,1.0,1911.913385826772,475.0,997.0,9.726812908780998,9697.632470054656,1.1553432431568538,142.0,,,,,,
03Asc-0056 -Col 60x veh-Zstack Cell4_segmentation.nii.gz,NIfTI_Header,1.0,1.0,1.0,,,,,,,,,,Inference_Raw,212972.0,137114.5,0.1257812036651336,146.0,0.6939144594433939,0.1765275747601259,0.1296192665551262,0.927897299354862,4727.4,402.0,759.0,11.060717626104417,8395.084678213252,1.1172629301578572,135.0,,,,,,
03Asc-0056 -Col 60x veh-Zstack Cell5_segmentation.nii.gz,NIfTI_Header,1.0,1.0,1.0,,,,,,,,,,Inference_Raw,738217.0,317150.28,0.1245494225515834,150.0,0.7244969464232134,0.125203021570058,0.1279680759678108,0.9617589408724068,9710.736842105263,601.0,1122.0,12.40545110163739,13918.91613603715,1.1509477827981531,181.0,,,,,,
03Asc-024 +coll 60x veh 48h-Zstack cell1_segmentation.nii.gz,NIfTI_Header,1.0,1.0,1.0,,,,,,,,,,Inference_Raw,67141.0,70507.09,0.1133034622584529,243.0,0.7418085594181593,0.1731259671192313,0.2194879964790489,1.0,325.0970873786408,152.0,463.0,11.089905457664347,5134.626226898594,1.1646268509551014,28.0,,,,,,
03Asc-024 +coll 60x veh 48h-Zstack cell2_segmentation.nii.gz,NIfTI_Header,1.0,1.0,1.0,,,,,,,,,,Inference_Raw,122118.0,95217.86,0.1250121332188645,124.0,0.68818596121105,0.170008815896152,0.1777379130495832,1.0,1061.5826086956522,153.0,379.0,13.848965483262075,5248.757918156327,1.1895311715424943,34.0,,,,,,
03Asc-024 +coll 60x veh 48h-Zstack cell3_segmentation.nii.gz,NIfTI_Header,1.0,1.0,1.0,,,,,,,,,,Inference_Raw,475395.0,284323.3,0.1036035715951401,218.0,0.7086155692326581,0.1713875358511384,0.131678974928173,1.0,2353.247524752476,421.0,885.0,16.295654372691175,14421.65411983169,1.1731486040887058,130.0,,,,,,
03Asc-024 +coll 60x veh 48h-Zstack cell4_segmentation.nii.gz,NIfTI_Header,1.0,1.0,1.0,,,,,,,,,,Inference_Raw,321693.0,188727.53,0.1203030411668326,163.0,0.6815301840753438,0.1728858941252875,0.1792394563873743,1.0,2218.1724137931037,276.0,628.0,14.523122977006702,9120.521229560209,1.2008347802088546,61.0,,,,,,
03Asc-024 +coll 60x veh 48h-Zstack cell5_segmentation.nii.gz,NIfTI_Header,1.0,1.0,1.0,,,,,,,,,,Inference_Raw,144998.0,158526.42,0.0841958091928558,565.0,0.7128652465233491,0.1700792297156185,0.1583858100151236,1.0,324.75280898876406,435.0,1219.0,10.328998351830004,12591.048990880776,1.2260221260991129,91.0,,,,,,
03Asc24- DMSO low-cell-1_segmentation.nii.gz,NIfTI_Header,1.0,1.0,1.0,,,,,,,,,,Inference_Raw,1307159.0,420278.6,0.1375622061964009,386.0,0.7725872545541055,0.1383172269244021,0.1445038569225794,1.0,6598.651515151515,568.0,1235.0,11.883140560332045,14675.678592010076,1.1459199095273211,146.0,,,,,,
03Asc24- DMSO low-cell-2_segmentation.nii.gz,NIfTI_Header,1.0,1.0,1.0,,,,,,,,,,Inference_Raw,502603.0,222212.9,0.1375724788778607,169.0,0.7571728885907635,0.1448217734686377,0.1414749412220046,0.9795227378959838,7728.153846153846,360.0,702.0,12.165287605349764,8540.031898955534,1.1485078377478897,116.0,,,,,,
03Asc24- DMSO low-cell-3_segmentation.nii.gz,NIfTI_Header,1.0,1.0,1.0,,,,,,,,,,Inference_Raw,479726.0,215021.92,0.1378257051414935,84.0,0.7448092555749976,0.15917151874128,0.1408763113057479,0.9909452014225428,10900.613636363636,467.0,835.0,12.2059638945155,10191.97985192044,1.185200481549376,159.0,,,,,,
03Asc24- DMSO low-cell-4_segmentation.nii.gz,NIfTI_Header,1.0,1.0,1.0,,,,,,,,,,Inference_Raw,1009736.0,303356.38,0.1604487083918977,29.0,0.621619101888818,0.2033959316983519,0.1662778398938174,0.8807573689006487,50485.7,229.0,425.0,18.726604031237272,7958.806713275841,1.151314751585867,53.0,,,,,,
03Asc24- DMSO low-cell-5_segmentation.nii.gz,NIfTI_Header,1.0,1.0,1.0,,,,,,,,,,Inference_Raw,392466.0,140759.47,0.1841653254321558,54.0,0.7306007276581665,0.1707818074420961,0.1979164654640141,0.9559875013254509,11541.088235294115,251.0,513.0,10.098050306428176,5180.299807197654,1.1493309304425408,23.0,,,,,,
03Asc24-DMSO high cell-1_segmentation.nii.gz,NIfTI_Header,1.0,1.0,1.0,,,,,,,,,,Inference_Raw,171601.0,131251.22,0.1137786184142189,82.0,0.7119030463086451,0.1717720668249438,0.1311397659505647,1.0,2199.935897435897,338.0,635.0,13.035878683480858,8277.782964010345,1.185364207438076,114.0,,,,,,
03Asc24-DMSO high cell-2_segmentation.nii.gz,NIfTI_Header,1.0,1.0,1.0,,,,,,,,,,Inference_Raw,124243.0,84117.83,0.1431453879325268,131.0,0.7568482447462285,0.15358127964845,0.1994133457810452,1.0,1070.6810344827586,131.0,333.0,11.830713058974608,3939.6274486385446,1.1608964244079745,28.0,,,,,,
03Asc24-DMSO high cell-3_segmentation.nii.gz,NIfTI_Header,1.0,1.0,1.0,,,,,,,,,,Inference_Raw,187933.0,123819.4,0.1281437608425229,63.0,0.6711535385475309,0.1707679725729594,0.144643400616694,1.0,3239.810344827586,310.0,582.0,12.80412540407014,7452.000985168822,1.1707200132214886,95.0,,,,,,
03Asc24-DMSO high cell-4_segmentation.nii.gz,NIfTI_Header,1.0,1.0,1.0,,,,,,,,,,Inference_Raw,98877.0,83649.375,0.1236189199397409,281.0,0.7792031293667657,0.150039525102293,0.2191525610789933,1.0,363.3786764705882,122.0,416.0,10.86826144248201,4521.196760072517,1.173049135662513,32.0,,,,,,
03Asc24-DMSO high cell-5_segmentation.nii.gz,NIfTI_Header,1.0,1.0,1.0,,,,,,,,,,Inference_Raw,221020.0,152159.84,0.116181894490947,108.0,0.7348587383800899,0.1723455559981912,0.1492241882702756,0.9904702025731432,2232.4141414141413,427.0,808.0,11.451049898481433,9252.448317972998,1.175957418881202,134.0,,,,,,
03Asc46 +coll 60x veh 48h-Zstack cell1_segmentation.nii.gz,NIfTI_Header,1.0,1.0,1.0,,,,,,,,,,Inference_Raw,591296.0,306855.22,0.1110249462000309,192.0,0.6849797372899953,0.1773783125647081,0.1493916215560611,0.9858111623748912,3604.8658536585367,422.0,897.0,14.505724003834969,13011.634431439968,1.189395646557318,98.0,,,,,,
03Asc46 +coll 60x veh 48h-Zstack cell2_segmentation.nii.gz,NIfTI_Header,1.0,1.0,1.0,,,,,,,,,,Inference_Raw,264615.0,189020.28,0.1054513212200665,318.0,0.7529858146328942,0.1714732325930926,0.1220275997096452,1.0,1217.7511520737328,559.0,1160.0,10.622630523148398,12322.25140685214,1.1662557595599576,169.0,,,,,,
03Asc46 +coll 60x veh 48h-Zstack cell3_segmentation.nii.gz,NIfTI_Header,1.0,1.0,1.0,,,,,,,,,,Inference_Raw,273176.0,248650.7,0.0818821920476862,1004.0,0.7892921437084749,0.1615421622701567,0.1057745221130677,1.0,441.5934959349593,726.0,1880.0,9.226365023231,17345.56624367428,1.1537742536772246,212.0,,,,,,
03Asc46 +coll 60x veh 48h-Zstack cell4_segmentation.nii.gz,NIfTI_Header,1.0,1.0,1.0,,,,,,,,,,Inference_Raw,230938.0,191924.31,0.0948457185627527,931.0,0.8049972108629055,0.1466873626269156,0.1241124647791259,1.0,424.8666666666667,555.0,1520.0,8.173264266736691,12423.36168543977,1.145043351783409,166.0,,,,,,
03Asc46 +coll 60x veh 48h-Zstack cell5_segmentation.nii.gz,NIfTI_Header,1.0,1.0,1.0,,,,,,,,,,Inference_Raw,306964.0,160113.97,0.1374400165953732,63.0,0.6717113190535127,0.1930031557091399,0.1551870620083671,0.9416841804667584,6263.530612244898,257.0,484.0,14.79831035438616,7162.382211522901,1.1730840289718962,73.0,,,,,,
03Asc46 -coll 60x veh 48h-Zstack cell1_segmentation.nii.gz,NIfTI_Header,1.0,1.0,1.0,,,,,,,,,,Inference_Raw,487794.0,254634.61,0.1176858717933962,172.0,0.7189142926462445,0.1535098704448701,0.1343630202319224,0.9525009650192096,3932.798387096774,801.0,1577.0,9.377471191631368,14788.272069202669,1.157252997078433,162.0,,,,,,
03Asc46 -coll 60x veh 48h-Zstack cell2_segmentation.nii.gz,NIfTI_Header,1.0,1.0,1.0,,,,,,,,,,Inference_Raw,490123.0,283793.8,0.1059297443552544,241.0,0.7021112807964046,0.1715492590168685,0.1217382880919206,1.0,2721.8444444444444,643.0,1233.0,13.482884236438323,16624.396263528455,1.173938037174397,218.0,,,,,,
03Asc46 -coll 60x veh 48h-Zstack cell3_segmentation.nii.gz,NIfTI_Header,1.0,1.0,1.0,,,,,,,,,,Inference_Raw,523293.0,315414.97,0.0995631071209084,87.0,0.7226550254403216,0.1628762977590898,0.1055576438583981,0.9512289139252804,6885.039473684211,651.0,1166.0,15.64213395922682,18238.728196458476,1.1725289687038645,211.0,,,,,,
03Asc46 -coll 60x veh 48h-Zstack cell4_segmentation.nii.gz,NIfTI_Header,1.0,1.0,1.0,,,,,,,,,,Inference_Raw,465238.0,270261.1,0.1074362186779028,178.0,0.6919199138694948,0.179673353803496,0.1273354212959023,1.0,3080.317880794702,748.0,1412.0,12.125382338330573,17121.03986172277,1.1698419319371225,233.0,,,,,,
03Asc46 -coll 60x veh 48h-Zstack cell5_segmentation.nii.gz,NIfTI_Header,1.0,1.0,1.0,,,,,,,,,,Inference_Raw,510240.0,270551.38,0.114134615554262,180.0,0.7485957935284738,0.1463775370084536,0.1226429087410752,1.0,3806.6716417910447,608.0,1180.0,11.718031257718124,13827.276884107388,1.17886780129041,165.0,,,,,,
03Asc47 +coll 60x veh 48h-Zstack cell1_segmentation.nii.gz,NIfTI_Header,1.0,1.0,1.0,,,,,,,,,,Inference_Raw,463918.0,274696.8,0.1055013426741219,190.0,0.6756223768815949,0.1485171737500959,0.1693410697648222,0.9276131495235912,2521.217391304348,324.0,734.0,15.027097687850274,11029.8897028821,1.1901227984424665,67.0,,,,,,
03Asc47 +coll 60x veh 48h-Zstack cell2_segmentation.nii.gz,NIfTI_Header,1.0,1.0,1.0,,,,,,,,,,Inference_Raw,449507.0,320655.53,0.0884985920599002,354.0,0.6815807119996594,0.1582623161222935,0.1466595638192914,1.0,1361.960606060606,573.0,1318.0,12.28452798572815,16191.0078851897,1.1907133934529224,118.0,,,,,,
03Asc47 +coll 60x veh 48h-Zstack cell3_segmentation.nii.gz,NIfTI_Header,1.0,1.0,1.0,,,,,,,,,,Inference_Raw,289825.0,168245.34,0.1258823862938005,160.0,0.6974627544826696,0.1586381394127015,0.1723817459752857,1.0,2099.644927536232,220.0,517.0,14.440602420017418,7465.791451149005,1.1792838035538142,47.0,,,,,,
03Asc47 +coll 60x veh 48h-Zstack cell4_segmentation.nii.gz,NIfTI_Header,1.0,1.0,1.0,,,,,,,,,,Inference_Raw,520133.0,298545.56,0.1047650544926748,293.0,0.6987845353247819,0.1705677043955793,0.1399828469745771,0.9844631249533554,2222.038461538461,438.0,992.0,15.022062908206014,14901.886404940366,1.1823686902033903,102.0,,,,,,
03Asc47 +coll 60x veh 48h-Zstack cell5_segmentation.nii.gz,NIfTI_Header,1.0,1.0,1.0,,,,,,,,,,Inference_Raw,339481.0,186338.16,0.1262968868899092,180.0,0.7113074165456196,0.1748066333533347,0.1531799195650683,1.0,2203.935064935065,265.0,606.0,14.64381157334454,8874.149813446791,1.164471191131475,66.0,,,,,,
03Asc47 -coll 60x veh 48h-Zstack cell1_segmentation.nii.gz,NIfTI_Header,1.0,1.0,1.0,,,,,,,,,,Inference_Raw,747031.0,299024.34,0.1331486175015428,116.0,0.719609083253695,0.139162265277622,0.1450780341228632,0.9795227378959838,7545.19191919192,373.0,745.0,14.58520444714558,10865.977313123458,1.1926782116211463,87.0,,,,,,
03Asc47 -coll 60x veh 48h-Zstack cell2_segmentation.nii.gz,NIfTI_Header,1.0,1.0,1.0,,,,,,,,,,Inference_Raw,90031.0,93007.375,0.1044467153060871,258.0,0.706754613914467,0.1634291824982601,0.1520380690952057,1.0,448.915,237.0,616.0,11.031964677447466,6795.690241307639,1.164275276578587,55.0,,,,,,
03Asc47 -coll 60x veh 48h-Zstack cell3_segmentation.nii.gz,NIfTI_Header,1.0,1.0,1.0,,,,,,,,,,Inference_Raw,405771.0,216621.06,0.1223594303197917,88.0,0.6949006636983297,0.1639817503526396,0.1329567953132881,1.0,5880.072463768116,420.0,783.0,13.284868475625643,10402.05201641488,1.172936245255587,120.0,,,,,,
03Asc47 -coll 60x veh 48h-Zstack cell4_segmentation.nii.gz,NIfTI_Header,1.0,1.0,1.0,,,,,,,,,,Inference_Raw,445622.0,226998.25,0.1242909090376782,71.0,0.7017428496363636,0.1636445874049795,0.1340230258038502,0.9576147824292558,7682.637931034483,382.0,694.0,14.514172568204808,10072.835762334136,1.1739916999980018,122.0,,,,,,
03Asc47 -coll 60x veh 48h-Zstack cell5_segmentation.nii.gz,NIfTI_Header,1.0,1.0,1.0,,,,,,,,,,Inference_Raw,319367.0,222848.92,0.1013912038566205,258.0,0.7021399483401206,0.1600433530299121,0.1427699935552554,1.0,1431.7174887892377,461.0,1003.0,11.234965443708978,11268.670340040106,1.1625060082326422,124.0,,,,,,
03Rt-0045 +coll 60x veh 48h-Zstack cell1_segmentation.nii.gz,NIfTI_Header,1.0,1.0,1.0,,,,,,,,,,Inference_Raw,1440157.0,711007.9,0.0867393719695082,832.0,0.7203108594638191,0.1443012800962348,0.091277736843451,1.0,4811.645484949833,2259.0,4290.0,9.014244603296593,38671.10934814237,1.1502744033911323,735.0,,,,,,
03Rt-0045 +coll 60x veh 48h-Zstack cell2_segmentation.nii.gz,NIfTI_Header,1.0,1.0,1.0,,,,,,,,,,Inference_Raw,1846321.0,792403.0,0.0918493639044503,347.0,0.7525034561427194,0.1339578295586231,0.094197473839871,0.9954810592044748,11756.554140127388,1503.0,2722.0,12.01303110714998,32699.470673662247,1.1538010534496763,504.0,,,,,,
03Rt-0045 +coll 60x veh 48h-Zstack cell3_segmentation.nii.gz,NIfTI_Header,1.0,1.0,1.0,,,,,,,,,,Inference_Raw,1881148.0,644422.6,0.1143567984536784,684.0,0.7241526962169739,0.1308200411739905,0.1193496787916467,1.0,7966.432203389831,1358.0,2739.0,10.225710247421908,28008.22036768861,1.1476768735591134,360.0,,,,,,
03Rt-0045 +coll 60x veh 48h-Zstack cell4_segmentation.nii.gz,NIfTI_Header,1.0,1.0,1.0,,,,,,,,,,Inference_Raw,1019354.0,450256.44,0.1087863021776539,238.0,0.6523738201277195,0.1763443760614712,0.1150232351732912,0.9735501185690572,13959.287671232876,1248.0,2273.0,10.1658222858129,23106.91405565272,1.1602584371755649,355.0,,,,,,
03Rt-0045 +coll 60x veh 48h-Zstack cell5_segmentation.nii.gz,NIfTI_Header,1.0,1.0,1.0,,,,,,,,,,Inference_Raw,805574.0,271140.25,0.1544165195761506,294.0,0.7518481524004358,0.1404711043070719,0.163939328529092,1.0,5876.715328467153,431.0,960.0,11.319536867102505,10866.755392418405,1.1629149815406272,100.0,,,,,,
03Rt-0045 -coll 60x veh 48h-Zstack cell1_segmentation.nii.gz,NIfTI_Header,1.0,1.0,1.0,,,,,,,,,,Inference_Raw,2243981.0,1108484.0,0.0747769038653133,873.0,0.6512396916546764,0.1715237019534101,0.0773655266301062,0.9857410227215336,13348.535714285714,2815.0,5107.0,9.93789142520856,50752.81150854012,1.1510063109642683,926.0,,,,,,
03Rt-0045 -coll 60x veh 48h-Zstack cell2_segmentation.nii.gz,NIfTI_Header,1.0,1.0,1.0,,,,,,,,,,Inference_Raw,2230245.0,806576.5,0.1023466447354697,589.0,0.6926469502150111,0.1364774947866147,0.107135599946021,1.0,8574.523076923077,1224.0,2511.0,12.509330882690607,31410.929846436116,1.1614195671130592,318.0,,,,,,
03Rt-0045 -coll 60x veh 48h-Zstack cell3_segmentation.nii.gz,NIfTI_Header,1.0,1.0,1.0,,,,,,,,,,Inference_Raw,2879054.0,1175133.5,0.0832843609828435,184.0,0.6392567867257903,0.165473818651229,0.0836925736096913,0.8938627707307731,79966.47222222222,1412.0,2541.0,14.060846832694027,35728.61180187552,1.16333641797011,382.0,,,,,,
03Rt-0045 -coll 60x veh 48h-Zstack cell4_segmentation.nii.gz,NIfTI_Header,1.0,1.0,1.0,,,,,,,,,,Inference_Raw,2020485.0,741314.25,0.104260274274648,135.0,0.7957338515011442,0.1151228278983799,0.1052447415207837,1.0,28060.069444444445,957.0,1721.0,14.040407893137832,24163.54198409021,1.1533026354940348,280.0,,,,,,
03Rt-0045 -coll 60x veh 48h-Zstack cell5_segmentation.nii.gz,NIfTI_Header,1.0,1.0,1.0,,,,,,,,,,Inference_Raw,1089619.0,542181.0,0.0944473133766297,683.0,0.7513569079588156,0.1379691623043723,0.0991339323049109,1.0,4837.546666666667,1071.0,2199.0,10.992925474207556,24173.44311778241,1.1478821271002997,328.0,,,,,,
01ASC-0180 +coll 60x DMSO48h-Zstack cell1.nii.gz,NIfTI_Header,1.0,1.0,1.0,,,,,,,,,,Training_Labels,105119.0,120055.72,0.0897198942207242,736.0,0.7327833179743902,0.1815304672234199,0.1242784903152232,1.0,365.4561403508772,432.0,1118.0,9.531896305923445,10656.660070022408,1.1449948600028552,106.0,,,,,,
01ASC-0180 +coll 60x DMSO48h-Zstack cell10.nii.gz,NIfTI_Header,1.0,1.0,1.0,,,,,,,,,,Training_Labels,57883.0,58343.094,0.1240305561648659,98.0,0.7497126990068024,0.2033110106989835,0.1631123495672164,1.0,590.6428571428571,119.0,282.0,15.36492977946531,4332.910197809218,1.186425724797277,28.0,,,,,,
01ASC-0180 +coll 60x DMSO48h-Zstack cell2.nii.gz,NIfTI_Header,1.0,1.0,1.0,,,,,,,,,,Training_Labels,146639.0,114279.47,0.1176744666406689,477.0,0.7620527263079998,0.1783538121562841,0.1647343852408998,1.0,942.4903225806452,228.0,593.0,11.416310877910975,6769.872350601209,1.1527521781369203,64.0,,,,,,
01ASC-0180 +coll 60x DMSO48h-Zstack cell3.nii.gz,NIfTI_Header,1.0,1.0,1.0,,,,,,,,,,Training_Labels,138808.0,110366.17,0.1174693259286326,83.0,0.7325157881521038,0.1698117795545379,0.1353504657933568,0.9904879511952912,1672.3855421686746,228.0,455.0,14.351239155893696,6529.813815931631,1.1730320580835123,72.0,,,,,,
01ASC-0180 +coll 60x DMSO48h-Zstack cell4.nii.gz,NIfTI_Header,1.0,1.0,1.0,,,,,,,,,,Training_Labels,60797.0,59954.066,0.1247154466354621,120.0,0.7986048286148701,0.1626735654135806,0.1543333297526697,1.0,506.64166666666665,123.0,302.0,13.469681479674009,4067.84380686155,1.177309484492684,32.0,,,,,,
01ASC-0180 +coll 60x DMSO48h-Zstack cell5.nii.gz,NIfTI_Header,1.0,1.0,1.0,,,,,,,,,,Training_Labels,56197.0,59108.285,0.1200359091013255,114.0,0.7206679588469648,0.1796062015848082,0.1628674725415811,0.9925927173726306,492.9561403508772,152.0,364.0,12.81040519904758,4662.987492453319,1.1885036096843595,39.0,,,,,,
01ASC-0180 +coll 60x DMSO48h-Zstack cell6.nii.gz,NIfTI_Header,1.0,1.0,1.0,,,,,,,,,,Training_Labels,99874.0,73441.57,0.1417458870645475,47.0,0.7231103595423923,0.1974679275234629,0.191087854417801,1.0,2124.978723404255,171.0,323.0,13.705723011527764,4426.948532723468,1.184297147291446,56.0,,,,,,
01ASC-0180 +coll 60x DMSO48h-Zstack cell7.nii.gz,NIfTI_Header,1.0,1.0,1.0,,,,,,,,,,Training_Labels,134394.0,120912.23,0.1049382520567766,146.0,0.732411290133058,0.1556181396113804,0.1210257095728324,0.9910171532078736,920.5068493150684,407.0,804.0,10.83289156659068,8709.644819538908,1.1610224133659894,137.0,,,,,,
01ASC-0180 +coll 60x DMSO48h-Zstack cell8.nii.gz,NIfTI_Header,1.0,1.0,1.0,,,,,,,,,,Training_Labels,104541.0,119385.06,0.0898928673299364,492.0,0.7501467544079691,0.1786802704464531,0.1418481035568546,1.0,295.6619318181818,326.0,900.0,11.03365627485355,9930.290647368196,1.1541947430662618,82.0,,,,,,
01ASC-0180 +coll 60x DMSO48h-Zstack cell9.nii.gz,NIfTI_Header,1.0,1.0,1.0,,,,,,,,,,Training_Labels,101057.0,107188.91,0.0978840400574909,163.0,0.7481883985436596,0.172688170552011,0.1223507076264234,1.0,619.9815950920246,272.0,604.0,13.352218727257366,8064.740111263449,1.207871111100007,73.0,,,,,,
01ASC-0180 -coll 60x DMSO48H-Zstack cell1.nii.gz,NIfTI_Header,1.0,1.0,1.0,,,,,,,,,,Training_Labels,40069.0,49792.9,0.1137249409125162,89.0,0.7272081677831305,0.1565945318296986,0.1276686830491847,0.9739172258967008,450.2134831460674,192.0,397.0,10.866581834200035,4314.032988177414,1.1523837096173868,64.0,,,,,,
01ASC-0180 -coll 60x DMSO48H-Zstack cell2.nii.gz,NIfTI_Header,1.0,1.0,1.0,,,,,,,,,,Training_Labels,163859.0,138352.16,0.1046674697997169,75.0,0.7657150075572576,0.1581677599945405,0.1119978250296106,1.0,2184.786666666667,415.0,749.0,13.381817016523645,10022.98094537621,1.1546666602506244,145.0,,,,,,
01ASC-0180 -coll 60x DMSO48H-Zstack cell3.nii.gz,NIfTI_Header,1.0,1.0,1.0,,,,,,,,,,Training_Labels,496932.0,275270.34,0.1102188838321451,185.0,0.7107429157671181,0.1415057006486486,0.1331992301014441,0.9543767008142482,2686.118918918919,549.0,1095.0,12.58886001771103,13784.801719393578,1.1734330736236964,165.0,,,,,,
01ASC-0180 -coll 60x DMSO48H-Zstack cell4.nii.gz,NIfTI_Header,1.0,1.0,1.0,,,,,,,,,,Training_Labels,184091.0,145122.45,0.1078378493648396,171.0,0.7375758903447472,0.1653586150924527,0.1399960918243618,1.0,1076.5555555555557,269.0,602.0,13.471996133200284,8110.141672186572,1.1622917841949707,76.0,,,,,,
01ASC-0180 -coll 60x DMSO48H-Zstack cell5.nii.gz,NIfTI_Header,1.0,1.0,1.0,,,,,,,,,,Training_Labels,107484.0,101553.44,0.1076511588972495,180.0,0.7556189490898758,0.1580159661998252,0.1380558990462518,1.0,597.1333333333333,276.0,609.0,11.247003298804366,6849.425008971859,1.164639407851208,91.0,,,,,,
01ASC-0180 -coll 60x DMSO48h-Zstack cell10.nii.gz,NIfTI_Header,1.0,1.0,1.0,,,,,,,,,,Training_Labels,107882.0,81626.32,0.1342620368623367,68.0,0.7448492578504858,0.173843893003199,0.1641020489780033,1.0,1586.5,173.0,350.0,13.73346734496952,4806.713570739332,1.1676296746635526,55.0,,,,,,
01ASC-0180 -coll 60x DMSO48h-Zstack cell6.nii.gz,NIfTI_Header,1.0,1.0,1.0,,,,,,,,,,Training_Labels,199683.0,164885.97,0.1001984844877819,301.0,0.7488874482453322,0.1654876669444241,0.1868051104506768,1.0,670.0436241610738,245.0,664.0,12.418592373653356,8245.94533610583,1.190320993714783,54.0,,,,,,
01ASC-0180 -coll 60x DMSO48h-Zstack cell7.nii.gz,NIfTI_Header,1.0,1.0,1.0,,,,,,,,,,Training_Labels,172001.0,146461.0,0.1021212473153468,367.0,0.7873348307521971,0.1614771533546723,0.1491482839855318,1.0,471.1890410958904,335.0,856.0,10.77497830015596,9223.381424933505,1.1615117271914652,99.0,,,,,,
01ASC-0180 -coll 60x DMSO48h-Zstack cell8.nii.gz,NIfTI_Header,1.0,1.0,1.0,,,,,,,,,,Training_Labels,246055.0,198050.77,0.0958802288433547,236.0,0.731982273346989,0.1632845280292592,0.1221345085301736,0.9975872238047756,1042.6059322033898,510.0,1031.0,12.284007095348937,12664.811315304752,1.1576908918146944,191.0,,,,,,
01ASC-0180 -coll 60x DMSO48h-Zstack cell9.nii.gz,NIfTI_Header,1.0,1.0,1.0,,,,,,,,,,Training_Labels,176034.0,132300.0,0.1148123620865147,180.0,0.7562059433768057,0.1544800497220257,0.1505025003780039,0.9760201907215864,977.9666666666668,253.0,589.0,12.699816697600196,7480.192034886515,1.17084762429928,72.0,,,,,,
01Asc-230 +Col 60x veh-Zstack Cell1.nii.gz,NIfTI_Header,1.0,1.0,1.0,,,,,,,,,,Training_Labels,262275.0,162734.39,0.1217613289816311,46.0,0.6634921035549678,0.1844439278602146,0.1602750876764519,0.9246525191780872,5701.630434782609,204.0,414.0,17.325910254377128,7172.92684531213,1.2090774235179116,35.0,,,,,,
01Asc-230 +Col 60x veh-Zstack Cell2.nii.gz,NIfTI_Header,1.0,1.0,1.0,,,,,,,,,,Training_Labels,744229.0,326617.62,0.1215949580615884,74.0,0.7340135743265396,0.1250596196593175,0.1262337538946575,0.9073639678769092,10057.148648648648,548.0,1023.0,13.508732922547535,13819.433779766128,1.1601949348934824,145.0,,,,,,
01Asc-230 +Col 60x veh-Zstack Cell3.nii.gz,NIfTI_Header,1.0,1.0,1.0,,,,,,,,,,Training_Labels,996578.0,471632.97,0.1023027949069811,102.0,0.7132394949240648,0.1343179220902381,0.1086328260683027,0.9327956369398702,9770.372549019608,697.0,1324.0,14.659603448793504,19409.3149662026,1.168601745404514,165.0,,,,,,
01Asc-230 -Col 60x veh-Zstack Cell1.nii.gz,NIfTI_Header,1.0,1.0,1.0,,,,,,,,,,Training_Labels,285801.0,173348.06,0.1210433575724427,90.0,0.7115808160391961,0.146632875376245,0.1395557792440548,0.9220384539897136,3175.5666666666666,381.0,717.0,12.216911508000324,8759.525551236233,1.1776386491897723,122.0,,,,,,
01Asc-230 -Col 60x veh-Zstack Cell2.nii.gz,NIfTI_Header,1.0,1.0,1.0,,,,,,,,,,Training_Labels,1506524.0,512713.62,0.1239538352933678,45.0,0.7017980302250336,0.1454913537714092,0.1269092567329899,0.925579461361163,33478.311111111114,872.0,1516.0,13.859346336749567,21010.769046512345,1.172646792879492,277.0,,,,,,
01Asc-230 -Col 60x veh-Zstack Cell3.nii.gz,NIfTI_Header,1.0,1.0,1.0,,,,,,,,,,Training_Labels,857329.0,378149.62,0.115412308167941,75.0,0.6580355705338365,0.1591434914790525,0.125483145912206,0.9788506814146316,11431.053333333331,626.0,1133.0,14.681516809130128,16634.158544744434,1.1663054288487806,194.0,,,,,,
01Asc-230 -Col 60x veh-Zstack Cell4.nii.gz,NIfTI_Header,1.0,1.0,1.0,,,,,,,,,,Training_Labels,563662.0,244910.86,0.1347375317050426,33.0,0.621757607481888,0.1543660694024812,0.1462668266432088,0.8457724628364329,17080.666666666668,302.0,553.0,18.31688815861818,10129.239151715854,1.156623429902516,88.0,,,,,,
01Asc-230 -Col 60x veh-Zstack Cell5.nii.gz,NIfTI_Header,1.0,1.0,1.0,,,,,,,,,,Training_Labels,376464.0,192602.0,0.1309098424452099,90.0,0.712589060056562,0.1418679947369811,0.1465607989914939,0.9572977894506192,4182.933333333333,282.0,591.0,13.695869772137115,8094.259035333035,1.1595967003303218,56.0,,,,,,
03Asc-0057 +Col 60x veh-Zstack Cell1.nii.gz,NIfTI_Header,1.0,1.0,1.0,,,,,,,,,,Training_Labels,112254.0,101403.2,0.1109771755968966,235.0,0.7426582999794715,0.1730978765945182,0.1513408972302983,1.0,477.67659574468087,263.0,634.0,12.405151638996344,7864.866139123682,1.1648093197379237,90.0,,,,,,
03Asc-0057 +Col 60x veh-Zstack Cell2.nii.gz,NIfTI_Header,1.0,1.0,1.0,,,,,,,,,,Training_Labels,165704.0,146836.25,0.0993587611579238,313.0,0.7352027698475955,0.1807512169371201,0.1185332469216705,1.0,793.2596153846154,557.0,1156.0,10.44880856374856,12078.822699693334,1.146276419626246,192.0,,,,,,
03Asc-0057 +Col 60x veh-Zstack Cell3.nii.gz,NIfTI_Header,1.0,1.0,1.0,,,,,,,,,,Training_Labels,172613.0,152244.6,0.0984746800831976,153.0,0.7563393261173849,0.1734285082127298,0.1085284074150953,1.0,1128.18954248366,578.0,1059.0,11.160832288324965,11819.321393336138,1.1517122388500265,229.0,,,,,,
03Asc-0057 +Col 60x veh-Zstack Cell4.nii.gz,NIfTI_Header,1.0,1.0,1.0,,,,,,,,,,Training_Labels,179098.0,123257.64,0.1246610455086413,182.0,0.7216226751692623,0.1900952824061386,0.1695059491921279,1.0,984.054945054945,270.0,626.0,13.481827536308902,8439.624037729373,1.1706772876892435,76.0,,,,,,
03Asc-0057 +Col 60x veh-Zstack Cell5.nii.gz,NIfTI_Header,1.0,1.0,1.0,,,,,,,,,,Training_Labels,103152.0,108441.59,0.0980859195705529,116.0,0.7133401585901732,0.1961397249808224,0.147652662175313,1.0,889.2413793103449,336.0,687.0,12.972856697459491,8912.352551154672,1.1807455350466385,86.0,,,,,,
03Asc-0057 -Col 60x veh-Zstack Cell1.nii.gz,NIfTI_Header,1.0,1.0,1.0,,,,,,,,,,Training_Labels,241595.0,208856.5,0.089817595264345,157.0,0.7513516702392885,0.1839313802336906,0.1001687578937864,1.0,1538.8216560509554,800.0,1454.0,11.01199490087508,16011.440585872364,1.150119798448159,274.0,,,,,,
03Asc-0057 -Col 60x veh-Zstack Cell2.nii.gz,NIfTI_Header,1.0,1.0,1.0,,,,,,,,,,Training_Labels,171349.0,121605.91,0.122682845009189,194.0,0.7832914006409836,0.1715231001482967,0.1519563022339305,1.0,883.2422680412371,275.0,601.0,12.577164967652122,7558.876145558925,1.1601288286149574,96.0,,,,,,
03Asc-0057 -Col 60x veh-Zstack Cell3.nii.gz,NIfTI_Header,1.0,1.0,1.0,,,,,,,,,,Training_Labels,453078.0,318147.7,0.0896679697852444,230.0,0.7962533377079978,0.1585162380012398,0.098270403433763,1.0,1995.867841409692,940.0,1713.0,11.340709904030517,19426.63606560427,1.1528111991620285,350.0,,,,,,
03Asc-0057 -Col 60x veh-Zstack Cell4.nii.gz,NIfTI_Header,1.0,1.0,1.0,,,,,,,,,,Training_Labels,172127.0,155551.88,0.0961999560790614,290.0,0.7458693403203221,0.1735210700253973,0.1321463670314472,1.0,603.8561403508772,397.0,953.0,11.447205075151318,10909.186436619206,1.164575014771232,89.0,,,,,,
03Asc-0057 -Col 60x veh-Zstack Cell5.nii.gz,NIfTI_Header,1.0,1.0,1.0,,,,,,,,,,Training_Labels,86150.0,80357.0,0.1173898635073868,114.0,0.7329075125027203,0.1748780005624179,0.1374429194222658,1.0,755.7017543859649,232.0,493.0,12.806993499459711,6313.847795233638,1.1655040364123006,67.0,,,,,,
01ASC-0180 +coll 60x DMSO48h-Zstack cell10_segmentation.nii.gz,NIfTI_Header,1.0,1.0,1.0,,,,,,,,,,Inference_Raw,,,,,,,,,,,,,,,,40573.0,0.3685922167248519,0.7949089626415411,15.57486012622229,0.7711774262909897,0.9729036280363524
01ASC-0180 +coll 60x DMSO48h-Zstack cell1_segmentation.nii.gz,NIfTI_Header,1.0,1.0,1.0,,,,,,,,,,Inference_Raw,,,,,,,,,,,,,,,,53540.0,0.3458266635617559,0.8281660770216264,19.0892842964656,0.6746444432654115,0.9807297772567408
01ASC-0180 +coll 60x DMSO48h-Zstack cell2_segmentation.nii.gz,NIfTI_Header,1.0,1.0,1.0,,,,,,,,,,Inference_Raw,,,,,,,,,,,,,,,,69604.0,0.3576519353234753,0.6956367754743938,19.37729748915233,0.5352003466231262,0.9737101359529372
01ASC-0180 +coll 60x DMSO48h-Zstack cell3_segmentation.nii.gz,NIfTI_Header,1.0,1.0,1.0,,,,,,,,,,Inference_Raw,,,,,,,,,,,,,,,,53949.0,0.3746468407893214,0.7227195616982383,15.76393992867388,0.6486678305851549,0.9572546444984652
01ASC-0180 +coll 60x DMSO48h-Zstack cell4_segmentation.nii.gz,NIfTI_Header,1.0,1.0,1.0,,,,,,,,,,Inference_Raw,,,,,,,,,,,,,,,,38201.0,0.3774490655627782,0.7876378701527413,15.820170248110758,0.7003728913968897,0.9774326433487706
01ASC-0180 +coll 60x DMSO48h-Zstack cell5_segmentation.nii.gz,NIfTI_Header,1.0,1.0,1.0,,,,,,,,,,Inference_Raw,,,,,,,,,,,,,,,,43513.0,0.3094043383635302,0.7764319111174841,22.40450168500524,0.7006050234216558,0.9736847993913492
01ASC-0180 +coll 60x DMSO48h-Zstack cell6_segmentation.nii.gz,NIfTI_Header,1.0,1.0,1.0,,,,,,,,,,Inference_Raw,,,,,,,,,,,,,,,,42443.0,0.4358356690651461,0.7117965620613239,12.325529701569067,0.558628470069823,0.9523414185383804
01ASC-0180 +coll 60x DMSO48h-Zstack cell7_segmentation.nii.gz,NIfTI_Header,1.0,1.0,1.0,,,,,,,,,,Inference_Raw,,,,,,,,,,,,,,,,52847.0,0.4339927585183557,0.7664347933476318,12.925296274443198,0.6288432051265131,0.9642733327251164
01ASC-0180 +coll 60x DMSO48h-Zstack cell8_segmentation.nii.gz,NIfTI_Header,1.0,1.0,1.0,,,,,,,,,,Inference_Raw,,,,,,,,,,,,,,,,67345.0,0.3474498272914664,0.7160287415217437,17.505616030084393,0.6536834793234109,0.955924311894048
01ASC-0180 +coll 60x DMSO48h-Zstack cell9_segmentation.nii.gz,NIfTI_Header,1.0,1.0,1.0,,,,,,,,,,Inference_Raw,,,,,,,,,,,,,,,,98719.0,0.2839323563774027,0.7758155902064631,25.97686787330384,0.6724655492596221,0.9785688087945202
01ASC-0180 -coll 60x DMSO48H-Zstack cell1_segmentation.nii.gz,NIfTI_Header,1.0,1.0,1.0,,,,,,,,,,Inference_Raw,,,,,,,,,,,,,,,,53698.0,0.4665398239973105,0.8533941405811486,9.978746283018866,0.7105132291933066,0.9699608027311646
01ASC-0180 -coll 60x DMSO48H-Zstack cell2_segmentation.nii.gz,NIfTI_Header,1.0,1.0,1.0,,,,,,,,,,Inference_Raw,,,,,,,,,,,,,,,,68245.0,0.3194379590915462,0.7056613918097422,24.488372352800784,0.5320402556493379,0.965890595145425
01ASC-0180 -coll 60x DMSO48H-Zstack cell3_segmentation.nii.gz,NIfTI_Header,1.0,1.0,1.0,,,,,,,,,,Inference_Raw,,,,,,,,,,,,,,,,84650.0,0.3445826850393375,0.774511486434459,20.467100637408272,0.5798905269784349,0.981585843827547
01ASC-0180 -coll 60x DMSO48H-Zstack cell4_segmentation.nii.gz,NIfTI_Header,1.0,1.0,1.0,,,,,,,,,,Inference_Raw,,,,,,,,,,,,,,,,70453.0,0.3179237008884236,0.7345937820588961,23.517822647486543,0.5855452470070732,0.977929847452216
01ASC-0180 -coll 60x DMSO48H-Zstack cell5_segmentation.nii.gz,NIfTI_Header,1.0,1.0,1.0,,,,,,,,,,Inference_Raw,,,,,,,,,,,,,,,,51676.0,0.3944648493162002,0.7952686594336554,15.625786989377533,0.6168008983624577,0.9721574234329144
01ASC-0180 -coll 60x DMSO48h-Zstack cell10_segmentation.nii.gz,NIfTI_Header,1.0,1.0,1.0,,,,,,,,,,Inference_Raw,,,,,,,,,,,,,,,,43557.0,0.363298342053777,0.7808825787534527,18.13026579812812,0.6187043146185423,0.9692687703057546
01ASC-0180 -coll 60x DMSO48h-Zstack cell6_segmentation.nii.gz,NIfTI_Header,1.0,1.0,1.0,,,,,,,,,,Inference_Raw,,,,,,,,,,,,,,,,86190.0,0.5066157374701421,0.8104691199394941,8.699573664137953,0.6524493126397938,0.955162019593067
01ASC-0180 -coll 60x DMSO48h-Zstack cell7_segmentation.nii.gz,NIfTI_Header,1.0,1.0,1.0,,,,,,,,,,Inference_Raw,,,,,,,,,,,,,,,,69129.0,0.5037660209209931,0.8181600090049351,9.07805907980828,0.636451488528869,0.9617338064426356
01ASC-0180 -coll 60x DMSO48h-Zstack cell8_segmentation.nii.gz,NIfTI_Header,1.0,1.0,1.0,,,,,,,,,,Inference_Raw,,,,,,,,,,,,,,,,77977.0,0.3936658935557658,0.8225117198336707,15.155375690725045,0.6478341188130967,0.9803371845966232
01ASC-0180 -coll 60x DMSO48h-Zstack cell9_segmentation.nii.gz,NIfTI_Header,1.0,1.0,1.0,,,,,,,,,,Inference_Raw,,,,,,,,,,,,,,,,57888.0,0.4228649009619915,0.7678547586775311,13.970357565986388,0.571168674555298,0.9734638280698216
01Asc-230 -Col 60x veh-Zstack Cell1_segmentation.nii.gz,NIfTI_Header,1.0,1.0,1.0,,,,,,,,,,Inference_Raw,,,,,,,,,,,,,,,,106151.0,0.4327671901883945,0.8567631312810149,12.102500260490094,0.7023929443547183,0.9823520701845304
01C-0083 +coll 60x vehicleZstack cell3_segmentation.nii.gz,NIfTI_Header,1.0,1.0,1.0,,,,,,,,,,Inference_Raw,,,,,,,,,,,,,,,,142044.0,0.4791323261266825,0.5359399192624099,8.053082246922342,0.5244256681762892,0.8823200523530271
01C-0096 +coll 60x vehicleZstack cell4_segmentation.nii.gz,NIfTI_Header,1.0,1.0,1.0,,,,,,,,,,Inference_Raw,,,,,,,,,,,,,,,,0.0,0.0,,0.0,,
01C-0096 -coll 60x vehicleZstack cell4_segmentation.nii.gz,NIfTI_Header,1.0,1.0,1.0,,,,,,,,,,Inference_Raw,,,,,,,,,,,,,,,,10083.0,0.3936148618812543,0.2870848237229669,7.014988352793116,0.5506464058219871,0.6569593147751606
01C-0097 -coll 60x VehicleZstack cell1_segmentation.nii.gz,NIfTI_Header,1.0,1.0,1.0,,,,,,,,,,Inference_Raw,,,,,,,,,,,,,,,,0.0,0.0,,0.0,,
01C-0113 +coll veh60x Zstack cell1_segmentation.nii.gz,NIfTI_Header,1.0,1.0,1.0,,,,,,,,,,Inference_Raw,,,,,,,,,,,,,,,,0.0,0.0,,0.0,,
01C-0113 +coll veh60x Zstack cell2_segmentation.nii.gz,NIfTI_Header,1.0,1.0,1.0,,,,,,,,,,Inference_Raw,,,,,,,,,,,,,,,,3968.0,0.4116610247934825,0.5816928039824484,9.028647225798816,0.4901402920424669,0.6070528967254408
01C-0113 +coll veh60x Zstack cell3_segmentation.nii.gz,NIfTI_Header,1.0,1.0,1.0,,,,,,,,,,Inference_Raw,,,,,,,,,,,,,,,,15877.0,0.5685914708076308,0.6888399888532637,6.504639188149988,0.5005641565213448,0.8800443458980044
01C-0113 +coll veh60x Zstack cell5_segmentation.nii.gz,NIfTI_Header,1.0,1.0,1.0,,,,,,,,,,Inference_Raw,,,,,,,,,,,,,,,,0.0,0.0,,0.0,,
01C-222 -Col 60x veh-Zstack Cell1_segmentation.nii.gz,NIfTI_Header,1.0,1.0,1.0,,,,,,,,,,Inference_Raw,,,,,,,,,,,,,,,,31.0,0.6403832045084524,1.0,7.883661663143641,0.4600620257422342,0.6666666666666666
01C-222 -Col 60x veh-Zstack Cell2_segmentation.nii.gz,NIfTI_Header,1.0,1.0,1.0,,,,,,,,,,Inference_Raw,,,,,,,,,,,,,,,,101285.0,0.3648709924455786,0.3262299398877047,21.86246534478184,0.3594208875973358,0.721486525954367
01C-222 -Col 60x veh-Zstack Cell4_segmentation.nii.gz,NIfTI_Header,1.0,1.0,1.0,,,,,,,,,,Inference_Raw,,,,,,,,,,,,,,,,21106.0,0.2850244582532664,0.5339998243155435,18.857247687400427,0.7370515064293555,0.6741314223558769
03Asc-0043 +coll 60x veh 48h-Zstack cell1_segmentation.nii.gz,NIfTI_Header,1.0,1.0,1.0,,,,,,,,,,Inference_Raw,,,,,,,,,,,,,,,,54974.0,0.4720385113182685,0.8395435157817547,10.308616901322734,0.6916385326457971,0.9712206066816248
03Asc-0043 +coll 60x veh 48h-Zstack cell2_segmentation.nii.gz,NIfTI_Header,1.0,1.0,1.0,,,,,,,,,,Inference_Raw,,,,,,,,,,,,,,,,66744.0,0.364536252976292,0.7133089763490144,20.55091513184885,0.4613411479027822,0.9673174195979536
03Asc-0043 +coll 60x veh 48h-Zstack cell3_segmentation.nii.gz,NIfTI_Header,1.0,1.0,1.0,,,,,,,,,,Inference_Raw,,,,,,,,,,,,,,,,44435.0,0.3005479583935823,0.880273228116951,18.425440179715142,0.7103218251376814,0.985125634682984
03Asc-0043 +coll 60x veh 48h-Zstack cell4_segmentation.nii.gz,NIfTI_Header,1.0,1.0,1.0,,,,,,,,,,Inference_Raw,,,,,,,,,,,,,,,,101699.0,0.3286642134153638,0.8493983034177854,20.05823722529429,0.722741030629281,0.9873305891033358
03Asc-0043 +coll 60x veh 48h-Zstack cell5_segmentation.nii.gz,NIfTI_Header,1.0,1.0,1.0,,,,,,,,,,Inference_Raw,,,,,,,,,,,,,,,,140377.0,0.4325298984916795,0.8390716683562899,11.944965750823377,0.7170946314367622,0.9745763300217304
03Asc-0043 -coll 60x veh 48h-Zstack cell1_segmentation.nii.gz,NIfTI_Header,1.0,1.0,1.0,,,,,,,,,,Inference_Raw,,,,,,,,,,,,,,,,61065.0,0.3792325160807104,0.8461656759364352,16.30715111842717,0.6555582989859305,0.9859370963575304
03Asc-0043 -coll 60x veh 48h-Zstack cell2_segmentation.nii.gz,NIfTI_Header,1.0,1.0,1.0,,,,,,,,,,Inference_Raw,,,,,,,,,,,,,,,,31155.0,0.4547270100573281,0.8373564941597521,12.07634882694042,0.6181821425598448,0.9805803852448696
03Asc-0043 -coll 60x veh 48h-Zstack cell3_segmentation.nii.gz,NIfTI_Header,1.0,1.0,1.0,,,,,,,,,,Inference_Raw,,,,,,,,,,,,,,,,41933.0,0.4644668368117265,0.8599838616803676,10.840969765739697,0.6794592796142889,0.9819454852004496
03Asc-0043 -coll 60x veh 48h-Zstack cell4_segmentation.nii.gz,NIfTI_Header,1.0,1.0,1.0,,,,,,,,,,Inference_Raw,,,,,,,,,,,,,,,,109709.0,0.3599121136733835,0.873914136939066,15.772442159455435,0.8402267929621253,0.9872309408969836
03Asc-0043 -coll 60x veh 48h-Zstack cell5_segmentation.nii.gz,NIfTI_Header,1.0,1.0,1.0,,,,,,,,,,Inference_Raw,,,,,,,,,,,,,,,,124932.0,0.344835148494985,0.7732092347598478,20.53493129460113,0.5670174349657296,0.9844219086116824
03Asc-0051 +Col 60x veh-Zstack Cell1_segmentation.nii.gz,NIfTI_Header,1.0,1.0,1.0,,,,,,,,,,Inference_Raw,,,,,,,,,,,,,,,,153822.0,0.3252187062299903,0.8162310696603559,21.580243835179083,0.6315382532417415,0.984574222950484
03Asc-0051 +Col 60x veh-Zstack Cell2_segmentation.nii.gz,NIfTI_Header,1.0,1.0,1.0,,,,,,,,,,Inference_Raw,,,,,,,,,,,,,,,,80360.0,0.4159342027303482,0.7067445133755874,13.343224224978051,0.628777547825493,0.9208986956271908
03Asc-0051 +Col 60x veh-Zstack Cell3_segmentation.nii.gz,NIfTI_Header,1.0,1.0,1.0,,,,,,,,,,Inference_Raw,,,,,,,,,,,,,,,,147381.0,0.3745688260025377,0.7924680523320576,15.08433115883892,0.6291793364979613,0.972769996929198
03Asc-0051 +Col 60x veh-Zstack Cell4_segmentation.nii.gz,NIfTI_Header,1.0,1.0,1.0,,,,,,,,,,Inference_Raw,,,,,,,,,,,,,,,,61164.0,0.5146368919463166,0.7042970927314259,7.692109864511014,0.4651900447596895,0.9453322648061724
03Asc-0051 +Col 60x veh-Zstack Cell5_segmentation.nii.gz,NIfTI_Header,1.0,1.0,1.0,,,,,,,,,,Inference_Raw,,,,,,,,,,,,,,,,142110.0,0.3678104069904226,0.8326500533619147,17.092806233414006,0.6479967113067528,0.984693630083357
03Asc-0051 -Col 60x veh-Zstack Cell1_segmentation.nii.gz,NIfTI_Header,1.0,1.0,1.0,,,,,,,,,,Inference_Raw,,,,,,,,,,,,,,,,93076.0,0.5084570588959008,0.5785885116558486,10.156632367496057,0.3341007897831212,0.9304890655265508
03Asc-0051 -Col 60x veh-Zstack Cell2_segmentation.nii.gz,NIfTI_Header,1.0,1.0,1.0,,,,,,,,,,Inference_Raw,,,,,,,,,,,,,,,,67576.0,0.4426524267546112,0.762205116326215,13.407760070330625,0.5073229395265205,0.9754178815785676
03Asc-0051 -Col 60x veh-Zstack Cell3_segmentation.nii.gz,NIfTI_Header,1.0,1.0,1.0,,,,,,,,,,Inference_Raw,,,,,,,,,,,,,,,,209705.0,0.4437346619989998,0.8697456035574355,11.272862593394178,0.7242090156481333,0.9863259843927128
03Asc-0051 -Col 60x veh-Zstack Cell4_segmentation.nii.gz,NIfTI_Header,1.0,1.0,1.0,,,,,,,,,,Inference_Raw,,,,,,,,,,,,,,,,63153.0,0.535519991106647,0.7407238366564409,8.135993314877396,0.5507062526126064,0.9402245116722248
03Asc-0051 -Col 60x veh-Zstack Cell5_segmentation.nii.gz,NIfTI_Header,1.0,1.0,1.0,,,,,,,,,,Inference_Raw,,,,,,,,,,,,,,,,349969.0,0.33813618183546,0.805346854950235,20.943776034630613,0.5790056262256872,0.9902044280964843
03Asc-0054 -Col 60x veh-Zstack Cell1_segmentation.nii.gz,NIfTI_Header,1.0,1.0,1.0,,,,,,,,,,Inference_Raw,,,,,,,,,,,,,,,,87820.0,0.464559987845246,0.7936794100935256,9.449799995786549,0.7454572691575628,0.9396030599689724
03Asc-0054 -Col 60x veh-Zstack Cell2_segmentation.nii.gz,NIfTI_Header,1.0,1.0,1.0,,,,,,,,,,Inference_Raw,,,,,,,,,,,,,,,,116220.0,0.3423905676722422,0.7183892805303465,20.671513648213725,0.5403784521991609,0.9585233692649012
03Asc-0054 -Col 60x veh-Zstack Cell3_segmentation.nii.gz,NIfTI_Header,1.0,1.0,1.0,,,,,,,,,,Inference_Raw,,,,,,,,,,,,,,,,58985.0,0.253352814250999,0.7242003857408653,33.03875911653426,0.4964984430184649,0.7650874370816252
03Asc-0054 -Col 60x veh-Zstack Cell4_segmentation.nii.gz,NIfTI_Header,1.0,1.0,1.0,,,,,,,,,,Inference_Raw,,,,,,,,,,,,,,,,118215.0,0.4124550138459831,0.732175694100709,15.46217535022824,0.4904587636473335,0.9652725609955254
03Asc-0054 -Col 60x veh-Zstack Cell5_segmentation.nii.gz,NIfTI_Header,1.0,1.0,1.0,,,,,,,,,,Inference_Raw,,,,,,,,,,,,,,,,42331.0,0.5252671657596074,0.5218324831314662,9.725239089048914,0.384308219322882,0.8256968420231338
03Asc-0055 +Col 60x veh-Zstack Cell1_segmentation.nii.gz,NIfTI_Header,1.0,1.0,1.0,,,,,,,,,,Inference_Raw,,,,,,,,,,,,,,,,36502.0,0.3211921176700814,0.7727100221859186,21.10032471234509,0.5962613875335678,0.7476241192855972
03Asc-0055 +Col 60x veh-Zstack Cell2_segmentation.nii.gz,NIfTI_Header,1.0,1.0,1.0,,,,,,,,,,Inference_Raw,,,,,,,,,,,,,,,,57969.0,0.2850567402972993,0.7376537261726486,29.825939124410056,0.5304877773434455,0.9741379310344828
03Asc-0055 +Col 60x veh-Zstack Cell3_segmentation.nii.gz,NIfTI_Header,1.0,1.0,1.0,,,,,,,,,,Inference_Raw,,,,,,,,,,,,,,,,57258.0,0.2555005315814552,0.7920469340413989,30.46113184919502,0.6067938581949851,0.7708400646203554
03Asc-0055 +Col 60x veh-Zstack Cell4_segmentation.nii.gz,NIfTI_Header,1.0,1.0,1.0,,,,,,,,,,Inference_Raw,,,,,,,,,,,,,,,,72187.0,0.3105567674057461,0.7555746553117366,25.01371674467442,0.5351223851727226,0.9671874162602496
03Asc-0055 +Col 60x veh-Zstack Cell5_segmentation.nii.gz,NIfTI_Header,1.0,1.0,1.0,,,,,,,,,,Inference_Raw,,,,,,,,,,,,,,,,45326.0,0.4091421807218481,0.8108777760501256,15.42100920018136,0.5438286112707064,0.9846628432394856
03Asc-0055 -Col 60x veh-Zstack Cell1_segmentation.nii.gz,NIfTI_Header,1.0,1.0,1.0,,,,,,,,,,Inference_Raw,,,,,,,,,,,,,,,,116600.0,0.4237375789558322,0.880795659804761,12.227180437552796,0.7549903632647541,0.9865053513261982
03Asc-0055 -Col 60x veh-Zstack Cell2_segmentation.nii.gz,NIfTI_Header,1.0,1.0,1.0,,,,,,,,,,Inference_Raw,,,,,,,,,,,,,,,,88543.0,0.3391539692697039,0.8032179872550496,20.97061893277387,0.5864262204280143,0.9801193283078184
03Asc-0055 -Col 60x veh-Zstack Cell3_segmentation.nii.gz,NIfTI_Header,1.0,1.0,1.0,,,,,,,,,,Inference_Raw,,,,,,,,,,,,,,,,47112.0,0.3983699539641744,0.6893391652223614,16.852669730658263,0.4840375549534926,0.9673326078475658
03Asc-0055 -Col 60x veh-Zstack Cell4_segmentation.nii.gz,NIfTI_Header,1.0,1.0,1.0,,,,,,,,,,Inference_Raw,,,,,,,,,,,,,,,,87677.0,0.4191348550526926,0.8266146168125955,13.172638217407542,0.6742754349656445,0.9804309660393392
03Asc-0055 -Col 60x veh-Zstack Cell5_segmentation.nii.gz,NIfTI_Header,1.0,1.0,1.0,,,,,,,,,,Inference_Raw,,,,,,,,,,,,,,,,66643.0,0.2801293843148522,0.847817248500805,23.19694197676615,0.7146293664672121,0.7207687565568186
03Asc-0056 +Col 60x veh-Zstack Cell2_segmentation.nii.gz,NIfTI_Header,1.0,1.0,1.0,,,,,,,,,,Inference_Raw,,,,,,,,,,,,,,,,146601.0,0.2929736226397445,0.7094188778826517,30.20101016239705,0.4666405985322363,0.9600589390962672
03Asc-0056 +Col 60x veh-Zstack Cell3_segmentation.nii.gz,NIfTI_Header,1.0,1.0,1.0,,,,,,,,,,Inference_Raw,,,,,,,,,,,,,,,,37294.0,0.449317904794666,0.5889720548164016,14.138778600765042,0.3717379468459227,0.9408201540957016
03Asc-0056 +Col 60x veh-Zstack Cell4_segmentation.nii.gz,NIfTI_Header,1.0,1.0,1.0,,,,,,,,,,Inference_Raw,,,,,,,,,,,,,,,,0.0,0.0,,0.0,,
03Asc-0056 +Col 60x veh-Zstack Cell5_segmentation.nii.gz,NIfTI_Header,1.0,1.0,1.0,,,,,,,,,,Inference_Raw,,,,,,,,,,,,,,,,74591.0,0.3513589211758764,0.8176155768052824,17.81010147895768,0.6901573254069342,0.9614601062458096
03Asc-0056 +Col 60x veh-Zstack Cell6_segmentation.nii.gz,NIfTI_Header,1.0,1.0,1.0,,,,,,,,,,Inference_Raw,,,,,,,,,,,,,,,,78612.0,0.3093452818560325,0.8016176905471492,24.319852865167988,0.611167637612675,0.9832891379396608
03Asc-0056 -Col 60x veh-Zstack Cell1_segmentation.nii.gz,NIfTI_Header,1.0,1.0,1.0,,,,,,,,,,Inference_Raw,,,,,,,,,,,,,,,,73035.0,0.3530466048515603,0.6953379190686937,21.926779822552923,0.4350668452106658,0.9704616120545324
03Asc-0056 -Col 60x veh-Zstack Cell2_segmentation.nii.gz,NIfTI_Header,1.0,1.0,1.0,,,,,,,,,,Inference_Raw,,,,,,,,,,,,,,,,82044.0,0.4375684257747089,0.7809718733348457,11.235791195421715,0.6395244410984341,0.9614529894323744
03Asc-0056 -Col 60x veh-Zstack Cell3_segmentation.nii.gz,NIfTI_Header,1.0,1.0,1.0,,,,,,,,,,Inference_Raw,,,,,,,,,,,,,,,,40200.0,0.421458248261884,0.79448970485105,13.777908060475028,0.6080670266832982,0.9755624044458466
03Asc-0056 -Col 60x veh-Zstack Cell4_segmentation.nii.gz,NIfTI_Header,1.0,1.0,1.0,,,,,,,,,,Inference_Raw,,,,,,,,,,,,,,,,84557.0,0.3459774467526874,0.86168040236555,18.78481204150612,0.6817380420725323,0.9876769611736672
03Asc-0056 -Col 60x veh-Zstack Cell5_segmentation.nii.gz,NIfTI_Header,1.0,1.0,1.0,,,,,,,,,,Inference_Raw,,,,,,,,,,,,,,,,53077.0,0.529143490433215,0.7479467292772644,8.781043141220662,0.5108364408556579,0.9668929924415732
03Asc-0057 +Col 60x veh-Zstack Cell1_segmentation.nii.gz,NIfTI_Header,1.0,1.0,1.0,,,,,,,,,,Inference_Raw,,,,,,,,,,,,,,,,8764.0,0.4806116344210585,0.5398142930200741,12.26017694459392,0.3011942830078488,0.919415127528584
03Asc-0057 +Col 60x veh-Zstack Cell2_segmentation.nii.gz,NIfTI_Header,1.0,1.0,1.0,,,,,,,,,,Inference_Raw,,,,,,,,,,,,,,,,30305.0,0.3802116637925586,0.5092124144236158,22.007744102386397,0.3139443634623161,0.928262933807088
03Asc-0057 +Col 60x veh-Zstack Cell3_segmentation.nii.gz,NIfTI_Header,1.0,1.0,1.0,,,,,,,,,,Inference_Raw,,,,,,,,,,,,,,,,34923.0,0.3398682879929718,0.8345348802473977,17.673984825468892,0.6107173588970862,0.8043994011286422
03Asc-0057 +Col 60x veh-Zstack Cell4_segmentation.nii.gz,NIfTI_Header,1.0,1.0,1.0,,,,,,,,,,Inference_Raw,,,,,,,,,,,,,,,,18787.0,0.3250389171626328,0.1649763653055365,13.553211503066716,0.3434472060754714,0.5743012422360249
03Asc-0057 +Col 60x veh-Zstack Cell5_segmentation.nii.gz,NIfTI_Header,1.0,1.0,1.0,,,,,,,,,,Inference_Raw,,,,,,,,,,,,,,,,82301.0,0.3233604391917458,0.7436686830430227,22.07275162151968,0.5556597403832704,0.9214999104263704
03Asc-0057 -Col 60x veh-Zstack Cell1_segmentation.nii.gz,NIfTI_Header,1.0,1.0,1.0,,,,,,,,,,Inference_Raw,,,,,,,,,,,,,,,,120620.0,0.3836509887429154,0.8085848936324311,15.908299993101409,0.6358583655498053,0.97789956707149
03Asc-0057 -Col 60x veh-Zstack Cell2_segmentation.nii.gz,NIfTI_Header,1.0,1.0,1.0,,,,,,,,,,Inference_Raw,,,,,,,,,,,,,,,,16331.0,0.4920422942192468,0.577546476606016,9.368159582744363,0.3476742005389784,0.92971001705782
03Asc-0057 -Col 60x veh-Zstack Cell3_segmentation.nii.gz,NIfTI_Header,1.0,1.0,1.0,,,,,,,,,,Inference_Raw,,,,,,,,,,,,,,,,78635.0,0.4271506984366004,0.8426004936293228,12.47433293742256,0.6813263556477853,0.975729299797744
03Asc-0057 -Col 60x veh-Zstack Cell4_segmentation.nii.gz,NIfTI_Header,1.0,1.0,1.0,,,,,,,,,,Inference_Raw,,,,,,,,,,,,,,,,16497.0,0.4700214111464877,0.5491951693859262,11.97995414119815,0.3410427974389971,0.8739206441701541
03Asc-024 +coll 60x veh 48h-Zstack cell4_segmentation.nii.gz,NIfTI_Header,1.0,1.0,1.0,,,,,,,,,,Inference_Raw,,,,,,,,,,,,,,,,141068.0,0.3468123060329987,0.7973374408162255,11.990478816505156,0.6740075578960999,0.9719415035825044
03Asc46 +coll 60x veh 48h-Zstack cell1_segmentation.nii.gz,NIfTI_Header,1.0,1.0,1.0,,,,,,,,,,Inference_Raw,,,,,,,,,,,,,,,,124815.0,0.3758123560445545,0.7338570699595619,16.48937909682527,0.6190434096067822,0.971519529243271
03Asc46 +coll 60x veh 48h-Zstack cell2_segmentation.nii.gz,NIfTI_Header,1.0,1.0,1.0,,,,,,,,,,Inference_Raw,,,,,,,,,,,,,,,,57969.0,0.3815142530966369,0.8070267405002135,16.630111443031495,0.602345911806111,0.9792391634852528
03Asc46 +coll 60x veh 48h-Zstack cell3_segmentation.nii.gz,NIfTI_Header,1.0,1.0,1.0,,,,,,,,,,Inference_Raw,,,,,,,,,,,,,,,,77288.0,0.3527150457528598,0.8432119333719927,18.67927476031753,0.628698990590051,0.9859420844495472
03Asc46 +coll 60x veh 48h-Zstack cell4_segmentation.nii.gz,NIfTI_Header,1.0,1.0,1.0,,,,,,,,,,Inference_Raw,,,,,,,,,,,,,,,,53064.0,0.3898971263479179,0.7748813482834802,17.291625276867183,0.5077544991281077,0.9804696882910516
03Asc46 +coll 60x veh 48h-Zstack cell5_segmentation.nii.gz,NIfTI_Header,1.0,1.0,1.0,,,,,,,,,,Inference_Raw,,,,,,,,,,,,,,,,43229.0,0.4575281476304346,0.8761902685392958,9.757052275075862,0.8639616272254758,0.9744381579243964
03Asc46 -coll 60x veh 48h-Zstack cell1_segmentation.nii.gz,NIfTI_Header,1.0,1.0,1.0,,,,,,,,,,Inference_Raw,,,,,,,,,,,,,,,,159892.0,0.3866534712730331,0.8130191658529514,15.561211253512614,0.6415265741849481,0.9751950182667618
03Asc46 -coll 60x veh 48h-Zstack cell2_segmentation.nii.gz,NIfTI_Header,1.0,1.0,1.0,,,,,,,,,,Inference_Raw,,,,,,,,,,,,,,,,69137.0,0.4781073908714326,0.7791627423854752,10.8010367853143,0.5902752554135323,0.97289728832163
03Asc46 -coll 60x veh 48h-Zstack cell3_segmentation.nii.gz,NIfTI_Header,1.0,1.0,1.0,,,,,,,,,,Inference_Raw,,,,,,,,,,,,,,,,84724.0,0.4220190774952854,0.816195368050205,13.155031158060448,0.6591696772361245,0.9777613645543618
03Asc46 -coll 60x veh 48h-Zstack cell4_segmentation.nii.gz,NIfTI_Header,1.0,1.0,1.0,,,,,,,,,,Inference_Raw,,,,,,,,,,,,,,,,127302.0,0.413444497333073,0.8240134357745882,13.113627331577034,0.7192166189021978,0.9835206860586396
03Asc46 -coll 60x veh 48h-Zstack cell5_segmentation.nii.gz,NIfTI_Header,1.0,1.0,1.0,,,,,,,,,,Inference_Raw,,,,,,,,,,,,,,,,105834.0,0.4314230558079268,0.8122667345885027,12.572449660504194,0.6560846051586101,0.9789473684210528
03Asc47 +coll 60x veh 48h-Zstack cell1_segmentation.nii.gz,NIfTI_Header,1.0,1.0,1.0,,,,,,,,,,Inference_Raw,,,,,,,,,,,,,,,,83092.0,0.3877647879990631,0.8361133726436583,15.712717451088452,0.64259120200138,0.984513851039124
03Asc47 +coll 60x veh 48h-Zstack cell2_segmentation.nii.gz,NIfTI_Header,1.0,1.0,1.0,,,,,,,,,,Inference_Raw,,,,,,,,,,,,,,,,65379.0,0.4717120507824738,0.7863549003381246,11.012161362167635,0.5582335677498003,0.954140759552792
03Asc47 +coll 60x veh 48h-Zstack cell3_segmentation.nii.gz,NIfTI_Header,1.0,1.0,1.0,,,,,,,,,,Inference_Raw,,,,,,,,,,,,,,,,75094.0,0.4292598147450693,0.7048603630908908,12.906080682898477,0.6340552691104283,0.931976419484952
03Asc47 +coll 60x veh 48h-Zstack cell4_segmentation.nii.gz,NIfTI_Header,1.0,1.0,1.0,,,,,,,,,,Inference_Raw,,,,,,,,,,,,,,,,123745.0,0.374829878510916,0.7550385994554826,17.57103212362012,0.5322195671817713,0.9775761916129546
03Asc47 +coll 60x veh 48h-Zstack cell5_segmentation.nii.gz,NIfTI_Header,1.0,1.0,1.0,,,,,,,,,,Inference_Raw,,,,,,,,,,,,,,,,74404.0,0.3860643105087059,0.80528255555093,14.144161546943549,0.7151807854697376,0.9689258144707577
03Asc47 -coll 60x veh 48h-Zstack cell1_segmentation.nii.gz,NIfTI_Header,1.0,1.0,1.0,,,,,,,,,,Inference_Raw,,,,,,,,,,,,,,,,87032.0,0.4053684747983883,0.7693297480899389,13.999821371987917,0.5488434601026129,0.897838757930572
03Asc47 -coll 60x veh 48h-Zstack cell2_segmentation.nii.gz,NIfTI_Header,1.0,1.0,1.0,,,,,,,,,,Inference_Raw,,,,,,,,,,,,,,,,33478.0,0.3358524929032404,0.8382814774221848,19.56368788482377,0.7026582232507259,0.9792849201240564
03Asc47 -coll 60x veh 48h-Zstack cell3_segmentation.nii.gz,NIfTI_Header,1.0,1.0,1.0,,,,,,,,,,Inference_Raw,,,,,,,,,,,,,,,,93636.0,0.36296257724365,0.7379433571807433,18.929980544881925,0.5205258998315401,0.9610660367669712
03Asc47 -coll 60x veh 48h-Zstack cell4_segmentation.nii.gz,NIfTI_Header,1.0,1.0,1.0,,,,,,,,,,Inference_Raw,,,,,,,,,,,,,,,,76800.0,0.3574484599998764,0.6194519334389272,17.220402805298498,0.5207324910938738,0.9394753048404976
03Asc47 -coll 60x veh 48h-Zstack cell5_segmentation.nii.gz,NIfTI_Header,1.0,1.0,1.0,,,,,,,,,,Inference_Raw,,,,,,,,,,,,,,,,41921.0,0.3348623540548162,0.620633783710841,14.983030339741864,0.6610817647523339,0.8730295877939813
01Asc-230 +Col 60x veh-Zstack Cell1.nii.gz,NIfTI_Header,1.0,1.0,1.0,,,,,,,,,,Training_Labels,,,,,,,,,,,,,,,,35682.0,0.3354395062057909,0.8776893960148946,16.941303712665235,0.714819200257953,0.7736458649551151
01Asc-230 +Col 60x veh-Zstack Cell2.nii.gz,NIfTI_Header,1.0,1.0,1.0,,,,,,,,,,Training_Labels,,,,,,,,,,,,,,,,168071.0,0.3903938538341735,0.8006011998974265,12.88774371532547,0.7675750438603608,0.945552436300626
01Asc-230 +Col 60x veh-Zstack Cell3.nii.gz,NIfTI_Header,1.0,1.0,1.0,,,,,,,,,,Training_Labels,,,,,,,,,,,,,,,,100361.0,0.2103369595844185,0.6629403616815828,43.06431003469724,0.5242880193258749,0.7233642300096582
01Asc-230 +Col 60x veh-Zstack Cell4.nii.gz,NIfTI_Header,1.0,1.0,1.0,,,,,,,,,,Training_Labels,,,,,,,,,,,,,,,,117683.0,0.3035036078229863,0.540730811961105,21.2019523577452,0.5495291037100506,0.8925925360138097
01Asc-230 +Col 60x veh-Zstack Cell5.nii.gz,NIfTI_Header,1.0,1.0,1.0,,,,,,,,,,Training_Labels,,,,,,,,,,,,,,,,62995.0,0.3342117755294546,0.687898707436678,18.61684234435167,0.4570550833400904,0.8528145560880513
01Asc-230 -Col 60x veh-Zstack Cell2.nii.gz,NIfTI_Header,1.0,1.0,1.0,,,,,,,,,,Training_Labels,,,,,,,,,,,,,,,,234101.0,0.3608121392985718,0.7294345261921324,14.14115964049136,0.7011766510425355,0.9174818542381916
01Asc-230 -Col 60x veh-Zstack Cell3.nii.gz,NIfTI_Header,1.0,1.0,1.0,,,,,,,,,,Training_Labels,,,,,,,,,,,,,,,,164128.0,0.4381855490192015,0.7823322039368537,12.343815253372656,0.6048009692103393,0.9766356531004636
01Asc-230 -Col 60x veh-Zstack Cell4.nii.gz,NIfTI_Header,1.0,1.0,1.0,,,,,,,,,,Training_Labels,,,,,,,,,,,,,,,,50595.0,0.4209040732395626,0.8185714576956394,11.148448262163615,0.638755456315754,0.8994986488408476
01Asc-230 -Col 60x veh-Zstack Cell5.nii.gz,NIfTI_Header,1.0,1.0,1.0,,,,,,,,,,Training_Labels,,,,,,,,,,,,,,,,74377.0,0.2443726577079458,0.7908117291446787,32.443206609143644,0.5943195626831649,0.7460379553843685
01C-0083 +coll 60x vehicleZstack cell1.nii.gz,NIfTI_Header,1.0,1.0,1.0,,,,,,,,,,Training_Labels,,,,,,,,,,,,,,,,128227.0,0.3979708693828577,0.7592196083259167,14.812489846412554,0.5905116129847998,0.9533818598184346
01C-0083 +coll 60x vehicleZstack cell2.nii.gz,NIfTI_Header,1.0,1.0,1.0,,,,,,,,,,Training_Labels,,,,,,,,,,,,,,,,125041.0,0.3828373026140752,0.577231050636752,16.282187266653327,0.4655139748185387,0.93476777509894
01C-0083 +coll 60x vehicleZstack cell4.nii.gz,NIfTI_Header,1.0,1.0,1.0,,,,,,,,,,Training_Labels,,,,,,,,,,,,,,,,109420.0,0.3914041347799242,0.7414480681775659,13.746919140441436,0.7762215913361136,0.9655893670349844
01C-0083 +coll 60x vehicleZstack cell5.nii.gz,NIfTI_Header,1.0,1.0,1.0,,,,,,,,,,Training_Labels,,,,,,,,,,,,,,,,57946.0,0.4234423890993811,0.7733321195377261,11.231813258107833,0.8936270028918635,0.9594979467479136
01C-0083 -coll 60x vehicleZstack cell1.nii.gz,NIfTI_Header,1.0,1.0,1.0,,,,,,,,,,Training_Labels,,,,,,,,,,,,,,,,83149.0,0.3821734319862664,0.7119129144450328,16.23688096645461,0.6045610822551892,0.9586163159411936
01C-0083 -coll 60x vehicleZstack cell2.nii.gz,NIfTI_Header,1.0,1.0,1.0,,,,,,,,,,Training_Labels,,,,,,,,,,,,,,,,155344.0,0.3750247400892448,0.3151795636227548,9.468757851856708,0.6212751574212004,0.8479324653026185
01C-0083 -coll 60x vehicleZstack cell3.nii.gz,NIfTI_Header,1.0,1.0,1.0,,,,,,,,,,Training_Labels,,,,,,,,,,,,,,,,100581.0,0.3658883723418056,0.7682449926164712,17.830787913690806,0.6084730558588,0.9685592126803152
01C-0083 -coll 60x vehicleZstack cell4.nii.gz,NIfTI_Header,1.0,1.0,1.0,,,,,,,,,,Training_Labels,,,,,,,,,,,,,,,,87242.0,0.3257210665131812,0.6844122750104221,19.33236844716438,0.6923305778677348,0.9385085416756316
01C-0083 -coll 60x vehicleZstack cell5.nii.gz,NIfTI_Header,1.0,1.0,1.0,,,,,,,,,,Training_Labels,,,,,,,,,,,,,,,,162709.0,0.3644944057610982,0.7085589626960587,16.085462854840006,0.646573024845454,0.92840758661615
01C-0096 +coll 60x vehicleZstack cell1.nii.gz,NIfTI_Header,1.0,1.0,1.0,,,,,,,,,,Training_Labels,,,,,,,,,,,,,,,,138488.0,0.4882835141961395,0.7858808827973156,8.861119402082112,0.7763391495353822,0.9599356752710234
01C-0096 +coll 60x vehicleZstack cell2.nii.gz,NIfTI_Header,1.0,1.0,1.0,,,,,,,,,,Training_Labels,,,,,,,,,,,,,,,,150177.0,0.4461855258388362,0.7776321118353292,10.573440418322091,0.7509875123063945,0.959935815475886
01C-0096 +coll 60x vehicleZstack cell3.nii.gz,NIfTI_Header,1.0,1.0,1.0,,,,,,,,,,Training_Labels,,,,,,,,,,,,,,,,52613.0,0.4770179511539259,0.3322668579035982,10.9451158781501,0.2556781598601564,0.867600013192177
01C-0096 +coll 60x vehicleZstack cell5.nii.gz,NIfTI_Header,1.0,1.0,1.0,,,,,,,,,,Training_Labels,,,,,,,,,,,,,,,,240374.0,0.2843115315210392,0.6881533085355558,31.1146405623484,0.4747543381049418,0.9727802509105624
01C-0096 -coll 60x vehicleZstack cell1.nii.gz,NIfTI_Header,1.0,1.0,1.0,,,,,,,,,,Training_Labels,,,,,,,,,,,,,,,,110010.0,0.3353746185631093,0.6755799211243892,19.75690599432747,0.5521443806962308,0.927110459383612
01C-0096 -coll 60x vehicleZstack cell2.nii.gz,NIfTI_Header,1.0,1.0,1.0,,,,,,,,,,Training_Labels,,,,,,,,,,,,,,,,235751.0,0.340687175702269,0.616186448891567,20.4280552692198,0.5483772522413418,0.9481658146952008
01C-0096 -coll 60x vehicleZstack cell3.nii.gz,NIfTI_Header,1.0,1.0,1.0,,,,,,,,,,Training_Labels,,,,,,,,,,,,,,,,238229.0,0.2937076942852303,0.6260679271295073,19.877199594528385,0.5663543043476038,0.9258525270611216
01C-0096 -coll 60x vehicleZstack cell5.nii.gz,NIfTI_Header,1.0,1.0,1.0,,,,,,,,,,Training_Labels,,,,,,,,,,,,,,,,189077.0,0.3600346697654609,0.7396782628274117,17.69986253044626,0.5977286804007866,0.960556997779934
01C-0097 +coll 60x VehicleZstack cell1.nii.gz,NIfTI_Header,1.0,1.0,1.0,,,,,,,,,,Training_Labels,,,,,,,,,,,,,,,,111305.0,0.380067352762819,0.7314628362081357,16.565510962576738,0.5410037292752552,0.9648216738831794
01C-0097 +coll 60x VehicleZstack cell2.nii.gz,NIfTI_Header,1.0,1.0,1.0,,,,,,,,,,Training_Labels,,,,,,,,,,,,,,,,76570.0,0.4615555781854349,0.7245926855458676,8.356158421464217,0.5045915475082133,0.9287917087967644
01C-0097 +coll 60x VehicleZstack cell3.nii.gz,NIfTI_Header,1.0,1.0,1.0,,,,,,,,,,Training_Labels,,,,,,,,,,,,,,,,109607.0,0.4204612987688211,0.7250714434242478,13.576906810984196,0.5791462097982747,0.9649254257607276
01C-0097 +coll 60x VehicleZstack cell4.nii.gz,NIfTI_Header,1.0,1.0,1.0,,,,,,,,,,Training_Labels,,,,,,,,,,,,,,,,99200.0,0.39167971374945,0.7580264323957334,15.686827249286548,0.5390237059102951,0.9675442467029464
01C-0097 +coll 60x VehicleZstack cell5.nii.gz,NIfTI_Header,1.0,1.0,1.0,,,,,,,,,,Training_Labels,,,,,,,,,,,,,,,,77426.0,0.3889230669558371,0.6940338026735252,16.544017944469832,0.5435876440787587,0.9653994339222703
01C-0097 -coll 60x VehicleZstack cell2.nii.gz,NIfTI_Header,1.0,1.0,1.0,,,,,,,,,,Training_Labels,,,,,,,,,,,,,,,,57163.0,0.450921532990727,0.4539018597243673,14.484910181661682,0.2722255787875377,0.9145144504042912
01C-0097 -coll 60x VehicleZstack cell3.nii.gz,NIfTI_Header,1.0,1.0,1.0,,,,,,,,,,Training_Labels,,,,,,,,,,,,,,,,121685.0,0.4164091796472212,0.8087395326197481,13.54323721786127,0.6405402088845973,0.983303296507916
01C-0097 -coll 60x VehicleZstack cell4.nii.gz,NIfTI_Header,1.0,1.0,1.0,,,,,,,,,,Training_Labels,,,,,,,,,,,,,,,,89239.0,0.5000251390026769,0.673124940221706,9.890623489691585,0.5263477984709835,0.9467324421812008
01C-0097 -coll 60x VehicleZstack cell5.nii.gz,NIfTI_Header,1.0,1.0,1.0,,,,,,,,,,Training_Labels,,,,,,,,,,,,,,,,190874.0,0.4120106560851691,0.7357942374621725,12.786366545069937,0.6501270901322722,0.9546608450958106
01C-0113 +coll veh60x Zstack cell4.nii.gz,NIfTI_Header,1.0,1.0,1.0,,,,,,,,,,Training_Labels,,,,,,,,,,,,,,,,42649.0,0.5621235019131289,0.7022404417111975,6.735251967386364,0.6891929663415989,0.9376910054306004
01C-0113 no coll veh60x Zstack cell1.nii.gz,NIfTI_Header,1.0,1.0,1.0,,,,,,,,,,Training_Labels,,,,,,,,,,,,,,,,28612.0,0.3365092756885939,0.7984579177728821,16.142976669448636,0.6718207981138132,0.7513063571672399
01C-0113 no coll veh60x Zstack cell2.nii.gz,NIfTI_Header,1.0,1.0,1.0,,,,,,,,,,Training_Labels,,,,,,,,,,,,,,,,20162.0,0.4784308767205909,0.7145454016547773,8.928904415384714,0.5197356217865816,0.7650741851022654
01C-0113 no coll veh60x Zstack cell3.nii.gz,NIfTI_Header,1.0,1.0,1.0,,,,,,,,,,Training_Labels,,,,,,,,,,,,,,,,34864.0,0.4863535238554675,0.8951004556932014,8.537258715451285,0.9159080590467484,0.9755169422759452
01C-0113 no coll veh60x Zstack cell4.nii.gz,NIfTI_Header,1.0,1.0,1.0,,,,,,,,,,Training_Labels,,,,,,,,,,,,,,,,27355.0,0.643471868755414,0.838276944878445,5.106177651505982,0.5956073139418256,0.9567696128152215
01C-0113 no coll veh60x Zstack cell5.nii.gz,NIfTI_Header,1.0,1.0,1.0,,,,,,,,,,Training_Labels,,,,,,,,,,,,,,,,41740.0,0.6212732366119337,0.795468937898635,5.3843766223244725,0.6600391402728584,0.9492620135998726
01C-0117 +coll 60x VehicleZstack cell1.nii.gz,NIfTI_Header,1.0,1.0,1.0,,,,,,,,,,Training_Labels,,,,,,,,,,,,,,,,74085.0,0.3911939188659107,0.789075802615687,11.549269749786095,0.6910429751696677,0.8630860126088122
01C-0117 +coll 60x VehicleZstack cell2.nii.gz,NIfTI_Header,1.0,1.0,1.0,,,,,,,,,,Training_Labels,,,,,,,,,,,,,,,,57833.0,0.4008941443242492,0.8083847738485122,13.00159472913454,0.7075807206987147,0.9339782619228346
01C-0117 +coll 60x VehicleZstack cell3.nii.gz,NIfTI_Header,1.0,1.0,1.0,,,,,,,,,,Training_Labels,,,,,,,,,,,,,,,,32725.0,0.3888664127820138,0.4816172813076353,15.78870944930916,0.4068863132310037,0.8129390663145832
01C-0117 +coll 60x VehicleZstack cell4.nii.gz,NIfTI_Header,1.0,1.0,1.0,,,,,,,,,,Training_Labels,,,,,,,,,,,,,,,,63538.0,0.2835367905228243,0.6803233580342088,14.05440802031836,0.658860032732913,0.8905818818432687
01C-0117 +coll 60x VehicleZstack cell5.nii.gz,NIfTI_Header,1.0,1.0,1.0,,,,,,,,,,Training_Labels,,,,,,,,,,,,,,,,57327.0,0.3201159793814864,0.8034009142143301,18.12329878386436,0.6932520038498209,0.8734003447171337
01C-0117 -coll 60x VehicleZstack cell1.nii.gz,NIfTI_Header,1.0,1.0,1.0,,,,,,,,,,Training_Labels,,,,,,,,,,,,,,,,58106.0,0.3919378764912761,0.6860842820507241,13.496007217908335,0.6703192772686106,0.912298608712038
01C-0117 -coll 60x VehicleZstack cell2.nii.gz,NIfTI_Header,1.0,1.0,1.0,,,,,,,,,,Training_Labels,,,,,,,,,,,,,,,,75940.0,0.4329815380371283,0.7928012910923149,13.52088115810445,0.5529030659018991,0.9789993425208524
01C-0117 -coll 60x VehicleZstack cell3.nii.gz,NIfTI_Header,1.0,1.0,1.0,,,,,,,,,,Training_Labels,,,,,,,,,,,,,,,,65376.0,0.378591125612741,0.7573278183742012,12.921178430481724,0.8112220818709382,0.9162076939247424
01C-0117 -coll 60x VehicleZstack cell4.nii.gz,NIfTI_Header,1.0,1.0,1.0,,,,,,,,,,Training_Labels,,,,,,,,,,,,,,,,155499.0,0.0700730475222661,0.0039836035769565,37.14494967547885,0.8099231084454781,0.2383367785800358
01C-0117 -coll 60x VehicleZstack cell5.nii.gz,NIfTI_Header,1.0,1.0,1.0,,,,,,,,,,Training_Labels,,,,,,,,,,,,,,,,93727.0,0.2139099529650862,0.6113540308903552,20.914521398994296,0.5203505246174127,0.8571311483807513
01C-202 +coll 60x veh 48h-Zstack cell1.nii.gz,NIfTI_Header,1.0,1.0,1.0,,,,,,,,,,Training_Labels,,,,,,,,,,,,,,,,48291.0,0.591256061634126,0.8728494633761519,5.927884456628393,0.7673438699653301,0.980029225523624
01C-202 +coll 60x veh 48h-Zstack cell2.nii.gz,NIfTI_Header,1.0,1.0,1.0,,,,,,,,,,Training_Labels,,,,,,,,,,,,,,,,41336.0,0.4638965161254369,0.813679661750026,10.6634862618042,0.6946705341764102,0.9708756106726796
01C-202 +coll 60x veh 48h-Zstack cell3.nii.gz,NIfTI_Header,1.0,1.0,1.0,,,,,,,,,,Training_Labels,,,,,,,,,,,,,,,,26615.0,0.3625083342265164,0.1058592903303863,23.21323951140849,0.1642811513396908,0.3404569185576664
01C-202 +coll 60x veh 48h-Zstack cell4.nii.gz,NIfTI_Header,1.0,1.0,1.0,,,,,,,,,,Training_Labels,,,,,,,,,,,,,,,,59880.0,0.4114808194612186,0.7988551277995358,12.510945409557992,0.727041557421812,0.9624997990773632
01C-202 +coll 60x veh 48h-Zstack cell5.nii.gz,NIfTI_Header,1.0,1.0,1.0,,,,,,,,,,Training_Labels,,,,,,,,,,,,,,,,43472.0,0.4215051096765445,0.3510477613500523,21.46986116501082,0.2093225089448633,0.8338192419825073
01C-202 -coll 60x Veh24h-Zstack cell1.nii.gz,NIfTI_Header,1.0,1.0,1.0,,,,,,,,,,Training_Labels,,,,,,,,,,,,,,,,54252.0,0.4755427879531265,0.8732689824746479,9.482918345894372,0.801029650488868,0.9854503841752492
01C-202 -coll 60x Veh24h-Zstack cell2.nii.gz,NIfTI_Header,1.0,1.0,1.0,,,,,,,,,,Training_Labels,,,,,,,,,,,,,,,,74352.0,0.4002345601693785,0.8569979736125105,14.089814202216726,0.7106723627741083,0.9874628134296642
01C-202 -coll 60x Veh24h-Zstack cell3.nii.gz,NIfTI_Header,1.0,1.0,1.0,,,,,,,,,,Training_Labels,,,,,,,,,,,,,,,,51807.0,0.3966413762647806,0.8616670404328807,14.389807250094195,0.7125559546746695,0.9870632168578288
01C-202 -coll 60x Veh24h-Zstack cell4.nii.gz,NIfTI_Header,1.0,1.0,1.0,,,,,,,,,,Training_Labels,,,,,,,,,,,,,,,,18169.0,0.5493349422116999,0.6876155080259996,8.936004255329763,0.4354165167211178,0.9541038701885208
01C-202 -coll 60x Veh24h-Zstack cell5.nii.gz,NIfTI_Header,1.0,1.0,1.0,,,,,,,,,,Training_Labels,,,,,,,,,,,,,,,,42968.0,0.4583375466565796,0.7913238290497107,12.17116066577379,0.5542694433703113,0.9808254200146092
01C-222 +Col 60x veh-Zstack Cell1.nii.gz,NIfTI_Header,1.0,1.0,1.0,,,,,,,,,,Training_Labels,,,,,,,,,,,,,,,,115895.0,0.5148234112009906,0.8726868055597085,8.145574796910756,0.7640466445489571,0.9886880337140956
01C-222 +Col 60x veh-Zstack Cell2.nii.gz,NIfTI_Header,1.0,1.0,1.0,,,,,,,,,,Training_Labels,,,,,,,,,,,,,,,,106827.0,0.3240693437474842,0.8568053944055567,20.861897592790093,0.6983583219505995,0.9893037728510308
01C-222 +Col 60x veh-Zstack Cell3.nii.gz,NIfTI_Header,1.0,1.0,1.0,,,,,,,,,,Training_Labels,,,,,,,,,,,,,,,,115968.0,0.2759956724836406,0.8067258019093666,29.73959734031071,0.5976994197075317,0.989454284836695
01C-222 +Col 60x veh-Zstack Cell4.nii.gz,NIfTI_Header,1.0,1.0,1.0,,,,,,,,,,Training_Labels,,,,,,,,,,,,,,,,80668.0,0.3509316812391888,0.8527625328925582,18.45088252937348,0.6742510234110131,0.9874046782623596
01C-222 +Col 60x veh-Zstack Cell5.nii.gz,NIfTI_Header,1.0,1.0,1.0,,,,,,,,,,Training_Labels,,,,,,,,,,,,,,,,74901.0,0.2133759389042848,0.7850966030393545,39.72201183455138,0.6882898201089579,0.8134516388279502
01C-222 -Col 60x veh-Zstack Cell3.nii.gz,NIfTI_Header,1.0,1.0,1.0,,,,,,,,,,Training_Labels,,,,,,,,,,,,,,,,122830.0,0.4151564951708427,0.7859416859465185,14.0228097374807,0.605062636577567,0.9825613950883928
01C-222 -Col 60x veh-Zstack Cell5.nii.gz,NIfTI_Header,1.0,1.0,1.0,,,,,,,,,,Training_Labels,,,,,,,,,,,,,,,,85930.0,0.255025181890757,0.8006654753993804,26.398554878437302,0.7185455393372653,0.7527946175141045
03Asc-0057 -Col 60x veh-Zstack Cell5.nii.gz,NIfTI_Header,1.0,1.0,1.0,,,,,,,,,,Training_Labels,,,,,,,,,,,,,,,,13928.0,0.3874994275737707,0.2904109549136213,15.415108918626704,0.2919838352370649,0.7674522257507382
03Asc-024 +coll 60x veh 48h-Zstack cell1.nii.gz,NIfTI_Header,1.0,1.0,1.0,,,,,,,,,,Training_Labels,,,,,,,,,,,,,,,,51964.0,0.3371395236523533,0.6738790095137094,19.79271269774888,0.6162598693200354,0.9465381883094408
03Asc-024 +coll 60x veh 48h-Zstack cell2.nii.gz,NIfTI_Header,1.0,1.0,1.0,,,,,,,,,,Training_Labels,,,,,,,,,,,,,,,,34762.0,0.4370078039131032,0.772353812233316,13.164604085307708,0.5746508943223883,0.966147859922179
03Asc-024 +coll 60x veh 48h-Zstack cell3.nii.gz,NIfTI_Header,1.0,1.0,1.0,,,,,,,,,,Training_Labels,,,,,,,,,,,,,,,,126729.0,0.3410220522057467,0.7909868439216594,16.67255862277193,0.8767741587609634,0.9720196046848754
03Asc-024 +coll 60x veh 48h-Zstack cell5.nii.gz,NIfTI_Header,1.0,1.0,1.0,,,,,,,,,,Training_Labels,,,,,,,,,,,,,,,,110613.0,0.3179365246762429,0.7828448122512385,20.59676991183919,0.7485057044737407,0.9696515450361604
03Asc24- DMSO low-cell-1.nii.gz,NIfTI_Header,1.0,1.0,1.0,,,,,,,,,,Training_Labels,,,,,,,,,,,,,,,,129469.0,0.4362622213511716,0.7437157229551974,12.98486941251118,0.5694661138833733,0.9696164042957924
03Asc24- DMSO low-cell-2.nii.gz,NIfTI_Header,1.0,1.0,1.0,,,,,,,,,,Training_Labels,,,,,,,,,,,,,,,,31780.0,0.4421808502255056,0.6802260166954347,15.04782906624321,0.400256191197241,0.9765540976554098
03Asc24- DMSO low-cell-3.nii.gz,NIfTI_Header,1.0,1.0,1.0,,,,,,,,,,Training_Labels,,,,,,,,,,,,,,,,61288.0,0.4266989748605684,0.4339435448876996,10.516433750390238,0.7368980795113174,0.9197016761956212
03Asc24- DMSO low-cell-4.nii.gz,NIfTI_Header,1.0,1.0,1.0,,,,,,,,,,Training_Labels,,,,,,,,,,,,,,,,185150.0,0.3737923260989595,0.8422536450249222,16.13973555884934,0.6869020398684816,0.9884683145587528
03Asc24- DMSO low-cell-5.nii.gz,NIfTI_Header,1.0,1.0,1.0,,,,,,,,,,Training_Labels,,,,,,,,,,,,,,,,68259.0,0.4020724557833117,0.631240641486799,13.73718616870534,0.5069365515342014,0.9149717779237668
03Asc24-DMSO high cell-1.nii.gz,NIfTI_Header,1.0,1.0,1.0,,,,,,,,,,Training_Labels,,,,,,,,,,,,,,,,85583.0,0.3818302712596448,0.7683760717390011,16.346597843755287,0.609603580824207,0.9770376121857088
03Asc24-DMSO high cell-2.nii.gz,NIfTI_Header,1.0,1.0,1.0,,,,,,,,,,Training_Labels,,,,,,,,,,,,,,,,56538.0,0.4679257675827113,0.8137573198370641,11.39423657927134,0.5810637647139665,0.986494974874372
03Asc24-DMSO high cell-3.nii.gz,NIfTI_Header,1.0,1.0,1.0,,,,,,,,,,Training_Labels,,,,,,,,,,,,,,,,98343.0,0.379591442164277,0.4450208265899463,15.7074831464764,0.5577221664242412,0.8999715906487413
03Asc24-DMSO high cell-4.nii.gz,NIfTI_Header,1.0,1.0,1.0,,,,,,,,,,Training_Labels,,,,,,,,,,,,,,,,49252.0,0.4387687059464875,0.8022847759114927,11.722888654380466,0.6889616722662688,0.964954647190482
03Asc24-DMSO high cell-5.nii.gz,NIfTI_Header,1.0,1.0,1.0,,,,,,,,,,Training_Labels,,,,,,,,,,,,,,,,124782.0,0.3794233561650564,0.7862446023158697,15.94524606708585,0.6576946664860633,0.974958394211912
03Rt-0045 +coll 60x veh 48h-Zstack cell1.nii.gz,NIfTI_Header,1.0,1.0,1.0,,,,,,,,,,Training_Labels,,,,,,,,,,,,,,,,97640.0,0.4424168476232894,0.836365744185306,12.00905271455123,0.6548934184410768,0.9882591093117408
03Rt-0045 +coll 60x veh 48h-Zstack cell2.nii.gz,NIfTI_Header,1.0,1.0,1.0,,,,,,,,,,Training_Labels,,,,,,,,,,,,,,,,117910.0,0.5107688564420115,0.8396510023200682,8.659927640341934,0.6898696070531513,0.9843716084219666
03Rt-0045 +coll 60x veh 48h-Zstack cell3.nii.gz,NIfTI_Header,1.0,1.0,1.0,,,,,,,,,,Training_Labels,,,,,,,,,,,,,,,,164208.0,0.4147717764549056,0.7960312122517699,13.876017412019795,0.6249526839395683,0.9855416914240444
03Rt-0045 +coll 60x veh 48h-Zstack cell4.nii.gz,NIfTI_Header,1.0,1.0,1.0,,,,,,,,,,Training_Labels,,,,,,,,,,,,,,,,134358.0,0.5214930476800655,0.8412108312739652,8.52944348703609,0.6472627271182203,0.9870410367170628
03Rt-0045 +coll 60x veh 48h-Zstack cell5.nii.gz,NIfTI_Header,1.0,1.0,1.0,,,,,,,,,,Training_Labels,,,,,,,,,,,,,,,,72110.0,0.4768125091785799,0.8308455091680619,10.372949011981008,0.6495648569845314,0.9836311553676168
03Rt-0045 -coll 60x veh 48h-Zstack cell1.nii.gz,NIfTI_Header,1.0,1.0,1.0,,,,,,,,,,Training_Labels,,,,,,,,,,,,,,,,88515.0,0.4192996778323682,0.855668527200217,12.709740775378677,0.7299654342341074,0.9857672647088304
03Rt-0045 -coll 60x veh 48h-Zstack cell2.nii.gz,NIfTI_Header,1.0,1.0,1.0,,,,,,,,,,Training_Labels,,,,,,,,,,,,,,,,135099.0,0.3710894288450733,0.7435939881446113,18.709070793319786,0.5136246952860376,0.9869165023011176
03Rt-0045 -coll 60x veh 48h-Zstack cell3.nii.gz,NIfTI_Header,1.0,1.0,1.0,,,,,,,,,,Training_Labels,,,,,,,,,,,,,,,,55887.0,0.5439549174231295,0.8232868362031396,6.254747844730916,0.8335176933176486,0.931993662970066
03Rt-0045 -coll 60x veh 48h-Zstack cell4.nii.gz,NIfTI_Header,1.0,1.0,1.0,,,,,,,,,,Training_Labels,,,,,,,,,,,,,,,,86324.0,0.5473239993821565,0.7635551425683943,7.50259595088402,0.5536180849330765,0.943380143161576
03Rt-0045 -coll 60x veh 48h-Zstack cell5.nii.gz,NIfTI_Header,1.0,1.0,1.0,,,,,,,,,,Training_Labels,,,,,,,,,,,,,,,,59617.0,0.4140756420318418,0.6917659154641757,12.83897841022518,0.6897930417908461,0.9330025978903878
