CellName,DataSource,Voxel_Z_µm,Voxel_Y_µm,Voxel_X_µm,Actin_Volume_µm³,Actin_Skeleton_Length_µm,Actin_Convex_Hull_Volume_µm³,Actin_Solidity_ratio,Actin_Extent_ratio,Actin_Fractional_Anisotropy_ratio,Actin_Major_Axis_µm,Actin_Intermediate_Axis_µm,Actin_Minor_Axis_µm,Mito_Volume_µm³,Mito_Surface_Area_µm²,Mito_Sphericity_ratio,Mito_Fragment_Count_n,Mito_Mean_Fragment_Sphericity_ratio,Mito_Std_Fragment_Sphericity_ratio,Mito_Min_Fragment_Sphericity_ratio,Mito_Max_Fragment_Sphericity_ratio,Mito_Mean_Fragment_Volume_µm³,Mito_Junction_Count_n,Mito_Branch_Count_n,Mito_Mean_Branch_Length_µm,Mito_Total_Network_Length_µm,Mito_Mean_Tortuosity_ratio,Mito_Cyclomatic_Number_n,Nucleus_Volume_µm³,Nucleus_Sphericity_ratio,Nucleus_Elongation_ratio,Nucleus_Flatness_ratio,Nucleus_Solidity_ratio,Nucleus_Circularity_ratio,Age,Gender,Disease,Collagen_Status
01ASC-0180 +coll 60x DMSO48h-Zstack cell1,Training_Labels,0.37,0.193607654019388,0.193607654019388,13902.29588419545,50186.34421037814,33352.0737847171,0.4168345265104892,0.1842305594273985,0.9840592949141264,178.98999215562137,31.83923142996065,0.7201243516924024,1329.4595642916006,7833.371622447367,0.0746423806896926,1108,0.7439605193466453,0.1897371055952366,0.1103300446448079,1.0,3.1205696691515064,1287,1924,1.9278716451965128,3709.22504535809,1.253394863348543,83,977.4214232870552,1.0,26.546126000624607,0.3677464208854896,0.9740843123704216,,62.0,Male,Healthy,Collagen
01ASC-0180 +coll 60x DMSO48h-Zstack cell10,Training_Labels,0.37,0.207160189800746,0.207160189800746,6697.054481506324,14017.657868140715,28665.588355064323,0.2336269675875381,0.0795145016062621,0.9518046340400276,118.64071372152998,36.545022808942406,0.6382862553129554,815.3700828552218,4162.60262184783,0.1013963572118569,116,0.7103272853130502,0.2029392805439893,0.1307381024760041,1.0,7.029052438407085,428,649,2.45822218995267,1595.386201279283,1.26126388886862,6,845.3966617584199,1.0,18.81212319157138,0.5224795264937793,0.9634428840306934,,62.0,Male,Healthy,Collagen
01ASC-0180 +coll 60x DMSO48h-Zstack cell2,Training_Labels,0.37,0.15935399215442,0.15935399215442,8150.525093078586,8302.557084160424,18567.36025161285,0.4389705904677857,0.1274356462304417,0.9789265373912232,142.62718726475055,29.144507903405387,0.6328649182581161,1215.2731630223702,6441.064277608415,0.085501899479751,617,0.6707579030342758,0.1763693384754113,0.1188700496854224,1.0,6.427985661638823,1553,1761,1.5628275517696273,2752.1393186663136,1.3579482982161732,-132,822.4591136684052,1.0,28.455576947996928,0.3421926609137419,0.9644766491406354,,62.0,Male,Healthy,Collagen
01ASC-0180 +coll 60x DMSO48h-Zstack cell3,Training_Labels,0.37,0.193607654019388,0.193607654019388,6290.488726645572,14551.6323057035,21152.899769031344,0.2973818623135107,0.0948989335971303,0.9751398955599856,120.048961732405,26.626041251817384,0.6288515063698779,1635.4524534293416,7968.164531131622,0.0842463537217291,115,0.6567263009567452,0.1677802262877842,0.0990695974919522,0.9482678530348008,14.221325681994273,1684,1872,1.5763298749154977,2950.8895258418115,1.355256406071039,-221,930.3775996930192,1.0,19.46924394719868,0.4777842348464357,0.9326056729699668,,62.0,Male,Healthy,Collagen
01ASC-0180 +coll 60x DMSO48h-Zstack cell4,Training_Labels,0.37,0.193607654019388,0.193607654019388,2892.557174651931,10138.61442980193,20143.05019120416,0.1436007529740962,0.0472801051867972,0.9842099720406202,164.9224023975733,29.200852659076563,0.5611546684587277,761.799275463801,4016.922669808128,0.1004194157255497,149,0.721392209062422,0.1596378957358941,0.1305596045980124,0.9669594288467224,5.112746815193296,332,531,2.6653115447308133,1415.280430252062,1.2281226253377042,39,698.958601907027,1.0,21.620692139772373,0.3974447187672046,0.9703300088567136,,62.0,Male,Healthy,Collagen
01ASC-0180 +coll 60x DMSO48h-Zstack cell5,Training_Labels,0.37,0.181719464737496,0.181719464737496,5935.028319213478,17101.39912092248,16861.346674977965,0.3519901721741472,0.1135621052552831,0.9823483629784676,136.03962994762247,25.455385877388885,0.6223002093456903,641.0973223952981,3410.605627579216,0.1054229736615206,140,0.6758715441973948,0.1772504979502533,0.1507101802170551,0.9949874309274912,4.579266588537844,440,692,2.179081786510652,1507.9245962653708,1.2762073378839311,45,722.88546205557,1.0,27.33398951974677,0.4779817305840665,0.9549504471059174,,62.0,Male,Healthy,Collagen
01ASC-0180 +coll 60x DMSO48h-Zstack cell6,Training_Labels,0.37,0.207160189800746,0.207160189800746,6040.645837783793,14666.930961004124,24927.575683593685,0.242327850668587,0.0461476968911791,0.9964787219307152,193.39366436337323,16.195116950159747,0.8137171964939911,1396.7202186584425,5553.003057797972,0.1088167686322444,71,0.655299558232551,0.1853147071448988,0.1533105278689116,0.9424979051375804,19.67211575575272,1013,1273,1.6249743850591234,2068.592392180264,1.3236637714536534,-132,820.3877449035616,1.0,15.099322227048566,0.4144625355225986,0.9341301124651936,,62.0,Male,Healthy,Collagen
01ASC-0180 +coll 60x DMSO48h-Zstack cell7,Training_Labels,0.37,0.207160189800746,0.207160189800746,9490.034437179533,25849.169196636645,30939.40172195428,0.3067297332529058,0.0899760930504244,0.985757997224498,163.66582722804532,27.51943307826592,0.9038319379681232,1805.056285858148,8881.598206294753,0.0807210559952025,191,0.6727633147978495,0.1656137113764044,0.0964826884893437,1.0,9.450556470461509,1305,1843,1.869312520604523,3445.142975474136,1.2663336969023309,54,1041.7365074157678,1.0,15.967754369960332,0.464878168985041,0.9606407590710752,,62.0,Male,Healthy,Collagen
01ASC-0180 +coll 60x DMSO48h-Zstack cell8,Training_Labels,0.37,0.207160189800746,0.207160189800746,11242.976903915363,29971.98974912645,60362.53530979137,0.1862575328589892,0.0989450316403867,0.7210763008425668,109.76822561388488,95.06714794432747,0.6102766604745916,1445.483636856074,8101.400521870185,0.0763131664491507,737,0.7265234391487831,0.1748090610529516,0.1371257638631748,1.0,3.011198947304163,673,1274,2.3273685476940926,2965.067529762274,1.2469438143737108,75,1338.01674842834,1.0,17.44729147180112,0.6899785189887538,0.9332705621711436,,62.0,Male,Healthy,Collagen
01ASC-0180 +coll 60x DMSO48h-Zstack cell9,Training_Labels,0.37,0.118377251314712,0.118377251314712,5020.213006467218,33954.34870067774,15072.3352315474,0.3330746648972867,0.1321189974565262,0.9767530910026422,151.3446462620702,32.47573812441344,0.3524484644296037,470.3354971749426,4181.558847729159,0.0699440994381975,217,0.5965184111616328,0.1473875707480214,0.0896691810393268,0.98579308494423,2.167444687442132,626,988,2.3352439656325257,2307.2210380449355,1.3307793871273186,88,677.9430467255239,1.0,43.21520353272464,0.419908015199148,0.9720400850469096,,62.0,Male,Healthy,Collagen
01ASC-0180 -coll 60x DMSO48H-Zstack cell1,Training_Labels,0.37,0.207160189800746,0.207160189800746,5151.07469558714,33566.12936634812,96058.43982696504,0.0536243843317259,0.0336894730392411,0.9667620954894096,122.65565387736494,31.42006420897309,0.6734341686872252,669.6197032928443,3184.3033522322125,0.1162398854176433,124,0.6664659827274002,0.1576351173164278,0.1442260358978676,1.0,5.400158897522939,536,811,1.960394586476577,1589.880009632504,1.2523669956345371,45,1041.3871765136682,1.0,12.051757997795162,0.5807978517438653,0.968000944621561,,62.0,Male,Healthy,NoCollagen
01ASC-0180 -coll 60x DMSO48H-Zstack cell2,Training_Labels,0.37,0.164412849048211,0.164412849048211,9823.71641665084,25806.855083747952,21512.654002471376,0.4566482785212039,0.1643740569719477,0.9759120797838242,145.00534724944566,31.663624887748856,0.6638681150230826,1622.8636376171078,7376.06600639172,0.0905414300529014,105,0.7483293423771078,0.2079114790456846,0.1024426901774978,1.0,15.455844167781985,2209,2449,1.668590998351981,4086.379354964002,1.3138604379884808,-167,894.7908743168448,1.0,27.10799769512904,0.5378291986716964,0.955954950526788,,62.0,Male,Healthy,NoCollagen
01ASC-0180 -coll 60x DMSO48H-Zstack cell3,Training_Labels,0.37,0.207160189800746,0.207160189800746,26859.17973518362,51493.799243041285,55507.46562480911,0.4838840943798898,0.2025236601369166,0.9757521845127995,176.01361669010032,38.55773132093388,0.9455688072560916,7814.675188064548,20578.93686229865,0.0925412036979378,254,0.6286600099101437,0.1654782981606418,0.1155286161487624,0.9954296551056558,30.766437748285625,13564,14939,1.139917261933194,17029.22397601999,1.330427254676728,-3576,1720.6611156463564,1.0,22.894775162872048,0.4947294327141136,0.9793400753734784,,62.0,Male,Healthy,NoCollagen
01ASC-0180 -coll 60x DMSO48H-Zstack cell4,Training_Labels,0.37,0.168422918537191,0.168422918537191,13048.04519980082,23628.300665933217,23994.79740081517,0.5437864292764373,0.208474361967009,0.9587868248615694,125.86121801062264,35.87113779886117,0.6883353247612064,1873.744803479116,7982.312111927708,0.0920793787610408,236,0.7012138112051404,0.1649053015363587,0.1398455383990026,1.0,7.939596624911509,1359,1655,1.7522282876580917,2899.9378160741417,1.3409174649381248,-232,970.3951035135784,1.0,32.54469666773871,0.3707223560470542,0.968826296983224,,62.0,Male,Healthy,NoCollagen
01ASC-0180 -coll 60x DMSO48H-Zstack cell5,Training_Labels,0.37,0.191814990556246,0.191814990556246,15407.69434269554,38477.341351757874,32933.469110555416,0.4678430411012262,0.1629215537245283,0.9472175519156244,119.13367604455392,38.389449486852,0.7976818017828933,1316.8520397610052,6554.236589838612,0.0886448135435304,234,0.7004228470415089,0.1666038618558018,0.1260737782348783,1.0,5.627572819491476,720,1042,2.114462542827864,2203.2699696266345,1.282380954227371,-2,882.8430264084373,1.0,20.121536484750628,0.4253955910505291,0.9612967300109692,,62.0,Male,Healthy,NoCollagen
01ASC-0180 -coll 60x DMSO48h-Zstack cell10,Training_Labels,0.37,0.180139295478909,0.180139295478909,6775.398614951865,13290.35944033836,13094.93010796749,0.5174062449427994,0.1378873889195138,0.9707068860810468,115.25201981590192,27.72906217059791,0.6686905581846374,1259.2601595844228,4841.79907326887,0.1164718580620134,79,0.6817580851636621,0.1688880932141929,0.144400568540696,1.0,15.94000202005599,1008,1218,1.6944689648754545,2063.863199218304,1.3281835022002737,-130,675.1889767854046,1.0,22.8846860319974,0.4369158566588149,0.9516999779992892,,62.0,Male,Healthy,NoCollagen
01ASC-0180 -coll 60x DMSO48h-Zstack cell6,Training_Labels,0.37,0.205109098812619,0.205109098812619,24026.784624799315,82087.962702404,105807.79987040035,0.2270795220600819,0.1312683989487384,0.9663401746518852,175.8790668457917,45.33623940558448,0.99044979552344,2787.212988475076,11860.228651351124,0.0807553246587929,404,0.7226568943777351,0.1754244764182922,0.1572463436343644,1.0,6.950267656928025,1495,1893,1.7756956438008402,3361.3918537149907,1.3566277985894577,-191,1550.1984894573484,1.0,11.418633116730918,0.496465047834479,0.9499685216628192,,62.0,Male,Healthy,NoCollagen
01ASC-0180 -coll 60x DMSO48h-Zstack cell7,Training_Labels,0.37,0.207160189800746,0.207160189800746,24669.17667388908,46680.41791675968,69065.75217246993,0.3571839283279734,0.117411500251509,0.9831374197517844,188.8363404318912,34.537984019598014,0.950428842788868,2440.8067703246984,10686.90919675749,0.0820328130753612,522,0.788525619494277,0.1697425146461524,0.1162056274151237,1.0,4.675875038936204,1542,2204,1.6848888277590262,3713.4949763808936,1.2826632767252055,-48,1273.3746528625445,1.0,12.041514995997492,0.4545514195320409,0.9523928304172754,,62.0,Male,Healthy,NoCollagen
01ASC-0180 -coll 60x DMSO48h-Zstack cell8,Training_Labels,0.37,0.207160189800746,0.207160189800746,20268.41711997979,60845.91468993954,53931.014657020416,0.375821171711283,0.1323025497512437,0.9770936945975404,181.6741512004199,38.69189110708157,0.8542448175549496,3622.434425353991,14649.9637680235,0.0778600351635177,293,0.7439678134266996,0.1818867934518097,0.0947445412052158,1.0,12.363257424416352,3377,4160,1.491517024361913,6204.710821345558,1.3248711993180966,-335,1542.9945945739692,1.0,18.765459426470564,0.4791146970947564,0.9786394078251672,,62.0,Male,Healthy,NoCollagen
01ASC-0180 -coll 60x DMSO48h-Zstack cell9,Training_Labels,0.37,0.180139295478909,0.180139295478909,10259.76274775187,19484.102546428687,31340.396877497653,0.3273654378996828,0.0972411030580695,0.9897173640190208,173.25617922553658,24.77562005571321,0.7499022096099172,1972.461909562725,8367.460683101039,0.0908997860323059,226,0.7064740133498311,0.1633226648644119,0.1195318505119238,1.0,8.727707564436836,1911,2196,1.5408143669478047,3383.62834981738,1.3339048828300166,-347,857.5566369328841,1.0,20.771865882168537,0.3347241612430864,0.9652152760885429,,62.0,Male,Healthy,NoCollagen
01Asc-230 +Col 60x veh-Zstack Cell1,Training_Labels,0.37,0.160589294419182,0.160589294419182,3767.648215162303,23871.387103820496,20144.13927833661,0.1870344601525915,0.0531703479631811,0.9869369246095988,147.3080960427947,23.73339589044408,0.5684216898600856,2547.4299218861843,8596.674670325223,0.1049272916635518,49,0.5809662854938539,0.1703426140511634,0.1403656618661782,0.9091944554522308,51.98836575277926,4904,4313,1.2064291930242632,5203.329109513647,1.404886894480343,-1311,350.197306705715,0.2967358672266971,28.8502540650503,0.423898283516115,0.6680988184747583,,63.0,Female,Healthy,Collagen
01Asc-230 +Col 60x veh-Zstack Cell2,Training_Labels,0.37,0.129475118625466,0.129475118625466,3608.088288456177,26306.41887475565,21103.097163140672,0.1709743484836991,0.0493357499190042,0.9899189382269136,187.18626054586488,26.51356673077688,0.4508193436566923,3878.0258037149633,19216.130957881927,0.0621191213745969,93,0.5436045333782015,0.1135051699678257,0.0640706210757698,0.7659520361800627,41.69920219048348,21413,13806,1.0198893139799148,14080.591868806703,1.4542975265921425,-5449,1223.5079146921548,1.0,29.438908656808284,0.2967348540722035,0.9406718232887294,,63.0,Female,Healthy,Collagen
01Asc-230 +Col 60x veh-Zstack Cell3,Training_Labels,0.37,0.103580094900373,0.103580094900373,3083.551812171925,56715.637176436525,19628.033369779536,0.1570993769003644,0.0899356828190772,0.9795090564914632,148.42105673488854,29.91504619615748,0.3059863021128307,3694.6903467178217,20139.848201377943,0.0573869700939115,130,0.4641437666485666,0.1129305027378542,0.0612745689093103,0.6948386286943365,28.42069497475247,37390,20989,0.932856659143867,19579.728418770625,1.4751234492605965,-8525,380.3062319755541,0.1330097968224284,122.02432643842124,0.2466184949018307,0.6322128075176855,,63.0,Female,Healthy,Collagen
01Asc-230 +Col 60x veh-Zstack Cell4,Training_Labels,0.37,0.121858935176909,0.121858935176909,8550.568864419713,45936.51322084293,19064.24864765665,0.4485132890600825,0.2278519431690405,0.9853687833055392,171.43285021821285,29.227206022205785,0.4412973610980233,4324.329765610173,20794.15690750373,0.06172891987484,226,0.5204630500914489,0.1413696689750676,0.0678035926997594,0.8056442419220567,36.026099973896024,28901,18558,0.972850781560428,18054.164804198423,1.4375015185474538,-7124,775.9343711562558,0.7133295395659921,42.755948689005336,0.2522465981670229,0.8792165737290891,,63.0,Female,Healthy,Collagen
01Asc-230 +Col 60x veh-Zstack Cell5,Training_Labels,0.37,0.14903610777032,0.14903610777032,5389.422475967655,24340.778562929823,27241.8635644608,0.1978360424284111,0.0841713515594917,0.9745178270040878,154.80302830693543,34.76383348536315,0.525497342640305,4061.221780259136,17352.26107207159,0.0709413075767092,133,0.5751769977180275,0.1328698296177192,0.0738204882331577,0.8211635600213805,57.18745835517809,14846,12352,1.052061889787968,12995.068462660982,1.4176436669375512,-3613,597.9590531702457,0.5113846601575,30.341139584419683,0.2613388617248069,0.819928552914793,,63.0,Female,Healthy,Collagen
01Asc-230 -Col 60x veh-Zstack Cell1,Training_Labels,0.37,0.188327445273405,0.188327445273405,11371.153918179509,32639.55446419605,57061.8337047982,0.1992777515178825,0.0893810249986384,0.9882740209228584,173.64747058460594,26.509165997152177,0.8013957947832407,3342.38284875536,12579.27588353346,0.0859407775298174,116,0.6275959226766543,0.158314069647192,0.099575503145018,0.953266729769544,28.813645247891035,5927,5681,1.176311826740528,6682.627487712939,1.3766785106525838,-1507,1669.085203123473,1.0,17.064240468506284,0.4798732383820258,0.9815329289561822,,63.0,Female,Healthy,NoCollagen
01Asc-230 -Col 60x veh-Zstack Cell2,Training_Labels,0.37,0.121858935176909,0.121858935176909,9472.894751076785,30337.187288649704,28768.97575120997,0.3292746614616049,0.1407649952890959,0.9737520705794108,140.28661902612123,31.967643259173435,0.6137126973076007,7436.874696540098,28326.9533009816,0.0650445980099973,70,0.5022732423944356,0.1266344383151081,0.0667417173595513,0.7801688714846889,106.24106709342996,51487,32986,0.9470406765864702,31239.083757881304,1.3891760789790786,-13698,1478.008167966412,0.9998099826355028,27.449129927572628,0.4045913827146301,0.9093137006351556,,63.0,Female,Healthy,NoCollagen
01Asc-230 -Col 60x veh-Zstack Cell3,Training_Labels,0.37,0.164412849048211,0.164412849048211,8566.764476888533,17016.526862494953,34564.56807194912,0.2478481565010757,0.069410751076495,0.9625986477907724,147.77445183349334,40.14228325082775,0.4979775375885756,7378.16406215396,28075.902915170343,0.0652803685871413,115,0.5348939964998669,0.1410437163574059,0.0693499657441266,0.8263486158873912,64.15794836655617,26060,21305,1.0574961216429923,22529.95487160395,1.383302184445062,-7225,1912.662501778453,1.0,19.34785810527328,0.4055883819438124,0.9755271161186292,,63.0,Female,Healthy,NoCollagen
01Asc-230 -Col 60x veh-Zstack Cell4,Training_Labels,0.37,0.14797156414339,0.14797156414339,3983.22292736597,21033.549389451146,21109.094790049887,0.1886970032103663,0.0596301201400056,0.9759251346915732,138.7313159918551,30.289234742380245,0.4318151455962239,4126.341659195555,16038.763356362702,0.0775693289719828,40,0.4789257661726122,0.1417581933974493,0.0823425283875868,0.7388173221339547,103.15854147988884,20431,16354,0.971675209179824,15890.77637092684,1.373294546612173,-5557,485.1665058914479,0.9342249597791186,17.552986292072823,0.411161946066313,0.8863744005683499,,63.0,Female,Healthy,NoCollagen
01Asc-230 -Col 60x veh-Zstack Cell5,Training_Labels,0.37,0.115088994333747,0.115088994333747,1527.5434652964016,18014.17668630593,8517.732576087532,0.1793368659618157,0.0538927342819558,0.9859740478041232,128.28206826825794,21.4164174943277,0.2892506883437744,1677.9400242699237,9468.464468860033,0.0721199681672989,114,0.4828330616495264,0.1237133895156703,0.0794303094740655,0.8548029925930131,14.71877214271863,14885,9300,0.9517223481709648,8851.017837989973,1.440806212436338,-3384,351.3059351179276,0.1609358230375375,86.18462154525758,0.2873825160512344,0.7037749742280693,,63.0,Female,Healthy,NoCollagen
01C-0096 +coll 60x vehicleZstack cell1,Inference_Raw,0.37,0.186630801622293,0.186630801622293,21454.83687117269,20750.64841998545,58905.48766196246,0.3642247560073577,0.134102288055143,0.9321483051880792,145.57665664033104,53.166623281196,0.9732141702932198,4430.178049448326,6840.957232356335,0.1906841973563474,208,0.8356932549949598,0.1899612847809054,0.2279345445769815,1.0,62.333525565807065,8911,8893,1.1500973907678775,10227.816096098735,1.3147234331493132,-2853,2056.895075617588,1.0,11.877650875943544,0.6418013273436982,0.9586459165470392,,53.0,Male,Healthy,Collagen
01C-0096 +coll 60x vehicleZstack cell2,Inference_Raw,0.37,0.186630801622293,0.186630801622293,19605.46905929957,19137.624135394843,62062.30644707138,0.3158997817140377,0.130264401081176,0.8681798364851505,130.56619034006528,66.99661086039967,0.7345634291694658,2156.528266700516,2205.140663419997,0.3660591469699571,43,0.8049050550169097,0.1206307991587193,0.4782446413008558,1.0,59.89532928924954,3424,3651,1.211781264828454,4424.213397888686,1.2521156474308226,-1203,2245.516390413827,1.0,15.879735110929447,0.4807342472633684,0.963048358380608,,53.0,Male,Healthy,Collagen
01C-0096 +coll 60x vehicleZstack cell3,Inference_Raw,0.37,0.191814990556246,0.191814990556246,8279.687460557861,11331.286527830487,49763.92552685797,0.1663793073576812,0.0633408109110147,0.8716412942110205,120.29802264744345,60.85285704935597,0.9995494599347888,1694.596843954947,2888.1741037642614,0.2379971101135782,112,0.8459949498070671,0.1978478193744128,0.2759529882793124,1.0,24.187522800721247,3364,3320,1.247464538928691,4141.582269243254,1.2786893697953636,-979,820.425557501517,1.0,12.375040340620371,0.2805715901758353,0.8506358773130831,,53.0,Male,Healthy,Collagen
01C-0096 +coll 60x vehicleZstack cell4,Inference_Raw,0.37,0.119745774451298,0.119745774451298,4092.3631483212334,11978.03681844282,8785.947699755305,0.4657850567941816,0.2464175499798738,0.7829703694396009,71.7048589132677,49.35532332382429,0.3774078708359017,764.4567955165137,4936.902322190026,0.0818964142183513,509,0.6041510784521164,0.174856349683213,0.0876487746769866,1.0,9.61031661033064,6824,5299,0.975358315275121,5168.423712642866,1.3970706488252298,-1137,,,,,,,53.0,Male,Healthy,Collagen
01C-0096 +coll 60x vehicleZstack cell5,Inference_Raw,0.37,0.119745774451298,0.119745774451298,8529.33641050251,16927.49442590122,19833.265088077493,0.4300520551015984,0.2178746979526508,0.9310108883843284,129.79931017996964,47.80729658468409,0.4375738264957385,2382.0085177232904,8835.081053321477,0.0976268162273661,238,0.5209756791562576,0.1377349141040876,0.1010009331208706,0.7387793899416628,52.88530198247301,17358,11449,0.9368057597527774,10725.489143409548,1.378918562813986,-4493,1592.021903136442,1.0,49.43331035711128,0.3691711082012926,0.971707522424792,,53.0,Male,Healthy,Collagen
01C-0096 -coll 60x vehicleZstack cell1,Inference_Raw,0.37,0.18332760159358,0.18332760159358,15786.108745461584,13528.717310536333,34911.55428486437,0.452174332218303,0.2168305264236668,0.91275746758881,131.42367676143056,54.4688493878267,0.6274892931644485,4035.3652090125593,10619.736478492574,0.1154229795994406,185,0.6796128369804536,0.1516496446244025,0.1230786405118554,0.9995142146735758,41.57708891729124,8298,8003,1.145650173980412,9168.638342365237,1.3691282838406824,-2515,1665.862148636522,1.0,30.773616091303424,0.2882256230012408,0.908605031301505,,53.0,Male,Healthy,NoCollagen
01C-0096 -coll 60x vehicleZstack cell2,Inference_Raw,0.37,0.144867265594927,0.144867265594927,10561.560656401824,10727.919008015378,27355.79660325995,0.3860812686091991,0.1983202631075526,0.9490752821749872,134.56870999548946,42.60462577110523,0.5289236400241818,3063.375719357601,9103.801525567866,0.1120456122385196,286,0.5785861142199576,0.1705560760224846,0.1277329007993094,1.0,26.841133579114032,11080,8880,1.1301449434831718,10035.687098130566,1.373378033692375,-2819,2187.5442470558028,1.0,35.51491224331702,0.3201278951988249,0.9462515114873036,,53.0,Male,Healthy,NoCollagen
01C-0096 -coll 60x vehicleZstack cell3,Inference_Raw,0.37,0.144867265594927,0.144867265594927,11206.514963958343,10472.811017513886,23590.607260472967,0.4750413942389402,0.1916987048702319,0.8763776998865552,103.09734414219731,51.13007412552384,0.5715421473014489,3646.69134485217,6925.244551558313,0.165442981382839,148,0.6528075037619968,0.1415492196604746,0.187109038849714,0.9384655803648688,34.07469620169745,10574,8784,1.155693194517999,10151.6090206461,1.324694762120984,-3256,2175.127989482477,0.8460982731004211,29.96747403374285,0.4378022367129852,0.9215909129578144,,53.0,Male,Healthy,NoCollagen
01C-0096 -coll 60x vehicleZstack cell4,Inference_Raw,0.37,0.150116079565757,0.150116079565757,11958.35165806194,16986.105445897832,41068.37496039334,0.2911815154506276,0.1189702491840494,0.9113493048100852,132.49696713183977,55.35961679154397,0.7168983787091868,2381.45975174206,5830.777868638752,0.1479062269550321,184,0.8419344067003445,0.1868308924232421,0.1724623068073409,1.0,20.51473099034842,6897,6030,1.0586319532821058,6383.550678291098,1.3563795665745402,-2083,82.21993148890112,0.3134459472406508,9.802504384632588,0.5473556161632296,0.5890810180687779,,53.0,Male,Healthy,NoCollagen
01C-0096 -coll 60x vehicleZstack cell5,Inference_Raw,0.37,0.186630801622293,0.186630801622293,21095.881590971847,12690.195675126515,63071.8115213748,0.3344740079936111,0.1858049789328393,0.9207698644804828,144.32833387312306,56.97770886932864,0.7263363248051026,6028.716628615855,12436.878195479096,0.1288020150736554,264,0.7037075830111202,0.1530847546769311,0.1411290617697712,0.993749093588884,41.55309202508802,12506,12388,1.1461732745866935,14198.79452557996,1.324756512103638,-3680,2873.201627989042,1.0,28.05043551649677,0.3211166414148376,0.94876268698002,,53.0,Male,Healthy,NoCollagen
01C-0097 +coll 60x VehicleZstack cell1,Inference_Raw,0.37,0.158137549466218,0.158137549466218,11325.565406155038,13205.915944133743,27959.44763476105,0.405071142824522,0.1563739538182758,0.9675179354506804,138.26079854013878,35.01785920057155,0.6610979748995705,5184.4931796369,17183.244102251545,0.0843043213155499,337,0.7685590005054891,0.1952669652594062,0.086779313034655,1.0,47.081286527877616,25874,21723,0.996060223195528,21637.416228476457,1.338291100504256,-6501,1250.2897022612442,1.0,21.98602454362068,0.4764113885522965,0.9644620647211208,,57.0,Female,Healthy,Collagen
01C-0097 +coll 60x VehicleZstack cell2,Inference_Raw,0.37,0.158137549466218,0.158137549466218,6358.614085152776,13283.26204503651,33533.06911089035,0.1896221924729139,0.0530558296313796,0.9915996175119872,176.64045323721874,22.837997627028464,0.7584557066599461,3665.12369382949,12333.176038295016,0.0932112398535841,143,0.6586479938463942,0.2055078253170569,0.0947038653686836,1.0,96.39242847291128,14714,12249,1.023537452237565,12537.310252457934,1.3803910322998931,-3930,790.6676408509675,0.7791409110553611,14.162115080670636,0.3003731363201405,0.915642174498422,,57.0,Female,Healthy,Collagen
01C-0097 +coll 60x VehicleZstack cell3,Inference_Raw,0.37,0.190055220000684,0.190055220000684,12189.186960847466,8150.023270593043,28569.23458040584,0.4266543062797839,0.0849403319683856,0.9879174202153932,153.254353397701,23.73838229742497,0.9630588614212598,6190.412163523683,20644.75537653169,0.0789745985777754,125,0.581909587386526,0.1940800319378879,0.0834388339630162,0.9589720363086884,131.65516318238005,20625,18691,1.0770393547168609,20130.942579012848,1.3425743997226507,-5228,1751.7598507510752,1.0,19.665192824049857,0.3697687468765548,0.9621498864496594,,57.0,Female,Healthy,Collagen
01C-0097 +coll 60x VehicleZstack cell4,Inference_Raw,0.37,0.14797156414339,0.14797156414339,6773.544014716611,10034.053978461296,18542.76432066541,0.3652931082755379,0.1135839255934057,0.9694677212341158,122.2623910850215,30.028156048404764,0.6472813883331834,4361.062536434236,17367.316697542563,0.0743269440061475,223,0.5718822486269259,0.1422586684314966,0.0755974971900305,0.7855293190567323,94.74336201888612,24911,20766,0.953223827659728,19794.646005181912,1.350916658651707,-6018,975.14522318937,1.0,24.77760324200016,0.3586583300527924,0.9623003451320332,,57.0,Female,Healthy,Collagen
01C-0097 +coll 60x VehicleZstack cell5,Inference_Raw,0.37,0.18332760159358,0.18332760159358,12641.784924293348,10352.66578761338,32882.50371296774,0.3844532349070444,0.1304138444170771,0.9776724358640492,157.16552068554083,33.04763396272947,0.8179243229992993,6382.534410391633,20183.16718143338,0.0824435941788174,160,0.613815350194815,0.165791550357168,0.0867255444530141,0.983698785023278,75.95664555983471,22252,20175,1.0456103273112294,21095.18835350405,1.3487887832610848,-5855,1196.726756365121,1.0,21.13854694378685,0.4241870532397378,0.9615330815498672,,57.0,Female,Healthy,Collagen
01C-0097 -coll 60x VehicleZstack cell1,Inference_Raw,0.37,0.15459715656772,0.15459715656772,1905.0433445040253,13356.209061607084,12977.355199445266,0.1467975034377928,0.0398155481113549,0.9924142114123856,130.9533379897553,16.095123999311,0.4363827201122968,375.0183503169367,2082.813259033879,0.1207449020367393,283,0.7393142863636194,0.2366596812008389,0.1487581189478532,1.0,10.290425241750189,2355,2124,1.058083696298375,2247.369770937749,1.3682800638372437,-401,,,,,,,57.0,Female,Healthy,NoCollagen
01C-0097 -coll 60x VehicleZstack cell2,Inference_Raw,0.37,0.191814990556246,0.191814990556246,11829.927747632177,12255.8214227391,36467.59793101003,0.3243955845408907,0.0986055510167029,0.9373580599140862,106.11900252963464,37.23513638100959,0.906686829673414,5042.678044166062,17349.424224799488,0.0819671595232443,164,0.6366546111014082,0.2371243333293319,0.0911667643400284,1.0,83.98927288290842,14760,13553,1.0909417163334794,14785.533081467644,1.3686472308929087,-3654,930.4354956120562,1.0,19.30202521221244,0.204853257312983,0.9106633238204463,,57.0,Female,Healthy,NoCollagen
01C-0097 -coll 60x VehicleZstack cell3,Inference_Raw,0.37,0.15459715656772,0.15459715656772,7462.934147517483,10873.491855979562,21863.10497098224,0.3413483198028207,0.1277555346849948,0.9171334808823568,96.2325036696992,38.85697539559772,0.6251235377646428,1965.2560389793136,7774.406954134622,0.0975954596777042,196,0.7259041543142324,0.2204637791963209,0.1086901491634186,1.0,27.635945204357373,6690,5829,1.086038043594577,6330.515756112787,1.3989887404073234,-1477,1291.0224250016558,1.0,24.760217068714034,0.3176072848389887,0.9831819008425888,,57.0,Female,Healthy,NoCollagen
01C-0097 -coll 60x VehicleZstack cell4,Inference_Raw,0.37,0.193607654019388,0.193607654019388,12563.502448064584,7516.945551606709,36754.23770900833,0.341824595779477,0.1408013872076229,0.9564990164526184,109.34638604202746,32.00134276418425,0.9615860200158188,5429.74763587521,16070.540051759875,0.0929622763306317,198,0.7300637714166649,0.2139132272171464,0.0985767625911614,1.0,59.63235038370339,14879,13790,1.1060990839280511,15253.106367367827,1.347379496058791,-4065,1419.7609603472515,1.0,11.87820304521012,0.5050504814838118,0.935722708201936,,57.0,Female,Healthy,NoCollagen
01C-0097 -coll 60x VehicleZstack cell5,Inference_Raw,0.37,0.152323668971136,0.152323668971136,9218.853083036229,13618.358817641336,29267.649208178987,0.3149844053911912,0.1213839443966171,0.9781542525530394,140.18290308961502,29.158863841148715,0.7355276140818692,3322.7437301490104,11182.847973868937,0.0962933439074997,460,0.7832613472750989,0.2136341287272279,0.1030886165983961,1.0,23.68268084095864,14552,12489,1.0286974706084837,12847.402710429353,1.3649508202415692,-3813,1899.6121200722969,1.0,23.336537484749933,0.3461909905921237,0.9508504096157568,,57.0,Female,Healthy,NoCollagen
01C-0113 +coll veh60x Zstack cell1,Inference_Raw,0.37,0.207160189800746,0.207160189800746,9960.519647598232,75307.78888476363,88695.48125267014,0.1123001928274488,0.0377973285322111,0.9728272130037364,166.89008407477544,38.67929585739103,1.112564019756348,1578.9439201354926,5904.147189227929,0.1110635162060464,144,0.664112142076439,0.1671188654027213,0.19602614873632,1.0,12.525377954755468,1243,1454,1.2578176586807324,1828.8668757217847,1.3878703515994406,-235,,,,,,,64.0,Female,Healthy,Collagen
01C-0113 +coll veh60x Zstack cell2,Inference_Raw,0.37,0.207160189800746,0.207160189800746,5828.157377243022,28219.474153466163,58330.01432418808,0.0999169543290549,0.0515815553600589,0.8711696710705492,91.63397529483598,46.44146803316984,0.8448706178834602,3161.349391937245,10253.083209966338,0.1015963191424351,196,0.6855548409199349,0.1537691959079666,0.1455767086326045,1.0,17.27253022741093,3785,4217,1.1724623371465746,4944.273675747105,1.3494113078354144,-992,71.72398567199681,0.4996729609035563,11.929632012149602,0.4033096644410257,0.5946352812371699,,64.0,Female,Healthy,Collagen
01C-0113 +coll veh60x Zstack cell3,Inference_Raw,0.37,0.207160189800746,0.207160189800746,3926.145887374864,16204.246560176864,21974.099349975528,0.1786715270939756,0.0850315525216225,0.9688210598438276,97.88789183635978,24.283909100097624,0.8237434199861847,1583.326435089106,5637.13971567992,0.1165392719967869,52,0.6368163408662217,0.1600650636791469,0.1326491813242119,0.8908805165772987,33.68441804926434,1639,1841,1.2620614225400872,2323.4550788963006,1.3722431848373478,-368,296.78835868835347,1.0,8.7709827562275,0.3194458369080556,0.8479967330641137,,64.0,Female,Healthy,Collagen
01C-0113 +coll veh60x Zstack cell4,Inference_Raw,0.37,0.207160189800746,0.207160189800746,5471.204710006695,19191.011414548124,16339.135193824732,0.3348527718942249,0.1565647477928179,0.9912986759255352,108.1082409163008,14.20779454470932,0.8328760870768892,1736.0951900482116,4776.845101740606,0.1462374666802722,46,0.6630899679903852,0.1586223830044804,0.1715779713841287,0.8873512508024072,40.373198930607145,1911,2161,1.1886724998479563,2568.721272171434,1.3386513012692525,-618,796.8714237213106,1.0,10.02831567682536,0.3941266173828251,0.9333097766454036,,64.0,Female,Healthy,Collagen
01C-0113 +coll veh60x Zstack cell5,Inference_Raw,0.37,0.207160189800746,0.207160189800746,10878.958225250206,61424.11133940482,137408.45553874935,0.0791724074227901,0.046670777457101,0.8655657863603909,120.94694756059434,62.71247628876792,0.8930150746355187,3651.7147064208857,13029.1555373628,0.0880168353872898,289,0.6687856978524908,0.139732076301431,0.1296692670736995,0.96626931162736,14.259548485279034,5321,5615,1.1143679282338597,6257.1759170331225,1.3710249420455185,-1385,,,,,,,64.0,Female,Healthy,Collagen
01C-0113 no coll veh60x Zstack cell1,Inference_Raw,0.38,0.15935399215442,0.15935399215442,5406.624889938066,22827.95231676087,19036.719530997107,0.2840103244224704,0.0753210212454764,0.9808347234175062,142.987782981439,27.873082519730264,0.6127864312542928,1908.710976324132,5627.584424455165,0.1322276317187598,57,0.6054032402912977,0.1402553037592924,0.1551543157703851,0.8953756523818209,38.17286858191845,4830,4147,1.1043881245836125,4579.897552648241,1.3954790906232062,-1414,254.52760549691925,0.2318804747552721,33.339099520245675,0.4151227890979241,0.6532355927586122,,64.0,Female,Healthy,NoCollagen
01C-0113 no coll veh60x Zstack cell2,Inference_Raw,0.37,0.207160189800746,0.207160189800746,8521.546268463106,18613.346279776262,46033.23311805713,0.1851172661848168,0.088157758998509,0.8938296751092925,105.82116450819656,48.469245432277134,1.0830834453645528,2590.8602714538483,8879.720154302022,0.1027339941149916,104,0.6631814550466699,0.1698803571063392,0.133099621194017,1.0,26.98597759008398,3985,4244,1.0787724375709349,4578.310225051047,1.3822318530117077,-1119,302.42528915405165,0.375042929993177,11.800014459596945,0.5367864614235069,0.7023897329989673,,64.0,Female,Healthy,NoCollagen
01C-0113 no coll veh60x Zstack cell3,Inference_Raw,0.37,0.207160189800746,0.207160189800746,3970.764970779405,4468.552477206638,10135.063362121562,0.3917849182492144,0.1393483639443652,0.9901058026248885,107.26909765834915,15.04059532815359,0.6568510701967302,1530.386924743647,4835.922945932457,0.1328022958839405,74,0.6956689555607359,0.1803496491344974,0.1890174412591847,1.0,23.54099420400758,2590,2761,1.1176184011736026,3085.744405640317,1.3618737267057417,-691,690.5795574188209,1.0,11.928120998036244,0.5316306014501565,0.9734321142396706,,64.0,Female,Healthy,NoCollagen
01C-0113 no coll veh60x Zstack cell4,Inference_Raw,0.37,0.207160189800746,0.207160189800746,3792.47918128966,8905.2031802913,8828.788089752177,0.4295582975529446,0.1598237957390313,0.9752211463881012,74.22669159314117,16.40664325582486,1.0361720873467943,1177.785015106197,3677.070047989619,0.1466761732981088,30,0.5790821517541708,0.1699723306836708,0.1774487552757556,0.8793206686016797,51.20114036228328,2486,2587,1.0771563293188018,2786.6034239477403,1.3467367385764388,-700,505.0848484039289,1.0,7.5492526380415645,0.3556825118562617,0.9544227076332212,,64.0,Female,Healthy,NoCollagen
01C-0113 no coll veh60x Zstack cell5,Inference_Raw,0.37,0.207160189800746,0.207160189800746,12634.600067138628,31415.017001662665,60702.704215049576,0.2081389985918654,0.0877329297840846,0.9617603065207186,143.23261079409562,39.32222036199511,1.1908441930715834,2558.785343170157,8059.248634263254,0.1122566660401813,119,0.6603834114488408,0.1534931493188403,0.1487252274729041,0.981014169944086,23.259952718561262,4222,4400,1.1187789471416247,4922.627367423149,1.346979560630349,-1060,749.5688438415501,1.0,7.6643255305146365,0.4321104401090542,0.9364040307863208,,64.0,Female,Healthy,NoCollagen
01C-0117 +coll 60x VehicleZstack cell1,Inference_Raw,0.37,0.14797156414339,0.14797156414339,9332.789839530444,10629.047126183896,20902.265565735863,0.4464965680480713,0.1386183909705676,0.9896298043185668,161.14060304792898,23.142428909442284,0.6373275696987968,4759.876582087286,18039.20378057748,0.0758572721499876,190,0.525515528779244,0.1574946997778817,0.0800287045197165,0.8018627944680816,69.97173645344648,27371,21652,0.9563561613170434,20707.023604836624,1.3741321683080607,-7143,671.4655185232333,0.5842607386010467,19.96696141451714,0.3744182122860525,0.8289588232351028,,46.0,Female,Healthy,Collagen
01C-0117 +coll 60x VehicleZstack cell2,Inference_Raw,0.37,0.14797156414339,0.14797156414339,6329.030163434065,11372.990120079548,14688.142477249576,0.4308938433322717,0.1487773757379546,0.9624286227462532,106.94593442708792,29.11251732538389,0.6002633183820137,2755.541923094759,8859.10208427049,0.1072916111384052,54,0.46244457491829,0.1480061432736894,0.1173448269600815,0.7520178186066517,102.0376049742403,11543,9546,0.9559790535386562,9125.776045080012,1.4001928978647231,-3395,561.9107460489058,1.0,19.89426318142853,0.4684871057188993,0.9102602806253036,,46.0,Female,Healthy,Collagen
01C-0117 +coll 60x VehicleZstack cell3,Inference_Raw,0.37,0.14797156414339,0.14797156414339,4557.188506029074,6614.060075829989,14515.005483919223,0.3139639534465115,0.154759821723341,0.9835902804135148,138.1368548953124,24.93115367585281,0.4530593465124038,1322.167235977791,5710.111948555314,0.1020227664327885,134,0.6015124429486949,0.1529863726483988,0.1211584974745681,0.9584231513438553,12.957102396622668,4442,3761,1.0868366838615822,4087.59276800341,1.3847373704220816,-1252,292.0056362541344,0.4045748881427802,32.10479447114241,0.1645773045996891,0.7405211066801661,,46.0,Female,Healthy,Collagen
01C-0117 +coll 60x VehicleZstack cell4,Inference_Raw,0.37,0.160589294419182,0.160589294419182,7886.505178530847,17183.968360587227,26565.50783068249,0.2968701079910143,0.1019477700124086,0.973787927376774,142.58050534060348,32.467887091650205,0.645110158382882,3380.7622993101486,15384.82409711146,0.0708056662814365,195,0.5131037740807276,0.1633344514245004,0.0972441858491344,0.89366273730581,28.40110734460274,10426,8451,1.0784932354631922,9114.346332899437,1.439408146778755,-2720,708.3525588023612,0.3760247784962343,21.60207125397208,0.3793626186227165,0.8368096820353618,,46.0,Female,Healthy,Collagen
01C-0117 +coll 60x VehicleZstack cell5,Inference_Raw,0.37,0.134519603766718,0.134519603766718,5137.196699429703,6889.775494099513,20078.42215705136,0.255856593672903,0.1325524393736954,0.8498987374354594,91.95584031523144,50.62985689294073,0.5208874882611157,1080.179902107437,4347.112381255267,0.117115394361776,63,0.5872770413737879,0.1451450985292757,0.1379180125834876,0.8290079641103567,20.7708878325801,2937,2484,1.1526018969278826,2863.0631119688605,1.4499753354830598,-655,427.9061179274445,0.3604819475505615,26.763586753818625,0.5097065085367768,0.7820231334404553,,46.0,Female,Healthy,Collagen
01C-0117 -coll 60x VehicleZstack cell1,Inference_Raw,0.37,0.164412849048211,0.164412849048211,6477.262157431504,12142.307435798388,28657.26368407445,0.2260251442300501,0.0917169425467069,0.953156068355897,125.45585905333856,38.103955353595495,0.5859606569790022,1248.3004810047737,6021.44796142965,0.0931099183088267,132,0.6024206748287699,0.16391905154788,0.1433231465131605,0.9201890650867872,11.242255962714893,2865,2567,1.2507610470254649,3210.7036077143684,1.3980649847924431,-652,698.7078119567699,1.0,19.906193667746457,0.4167780602516477,0.8905933208369995,,46.0,Female,Healthy,NoCollagen
01C-0117 -coll 60x VehicleZstack cell2,Inference_Raw,0.37,0.207160189800746,0.207160189800746,15557.00712203974,22319.586426120342,49092.16768741594,0.3168938723809409,0.1162608726608204,0.974895801528748,172.10601258370804,38.35819694973143,0.8738832807187679,6779.830026626563,22970.89617490503,0.0754140138392054,284,0.5860199495235258,0.1546682124956014,0.0886421342908868,0.920007625814908,43.43937910520098,16675,17307,1.065111280926972,18433.880939003106,1.3408684959962074,-4254,1472.493267059321,1.0,16.76328907618871,0.4276798000748531,0.9784234904356448,,46.0,Female,Healthy,NoCollagen
01C-0117 -coll 60x VehicleZstack cell3,Inference_Raw,0.37,0.131114044177687,0.131114044177687,4030.273427109025,8715.583082138228,11639.349106469332,0.3462627841336022,0.1440299321707187,0.914815186451832,77.2476383652368,31.628349282548623,0.5318769947966717,2374.6904205996857,8988.623191196491,0.0957625311157484,141,0.489757204529428,0.1577729216824769,0.1110629300737705,0.7923131711712657,44.78555765995063,13592,9866,0.9511243668184756,9383.79300303108,1.4452681162628884,-3799,500.1936026097752,0.9543006501312428,24.29390699182548,0.3962230473046034,0.8937749337940284,,46.0,Female,Healthy,NoCollagen
01C-0117 -coll 60x VehicleZstack cell4,Inference_Raw,0.37,0.169803434262906,0.169803434262906,6193.345607336159,11326.491315967362,17893.566379813474,0.3461213642867274,0.0627606613167741,0.9904971684446358,152.6650223927872,20.988511935669216,0.6954165519521853,1486.8604018783526,5211.603477332841,0.1208814209014013,86,0.625141744568849,0.1730294250639464,0.1561779066408773,0.9489257372916124,24.363392840444902,3419,2996,1.110341241585137,3326.5823597890703,1.4210175497281528,-960,1783.246732597467,0.0580433102685985,59.73501174325917,0.5401314250264604,0.202349073628852,,46.0,Female,Healthy,NoCollagen
01C-0117 -coll 60x VehicleZstack cell5,Inference_Raw,0.37,0.164412849048211,0.164412849048211,7468.789342849937,15327.29806778946,23164.77090593357,0.3224201686767743,0.0981136760783592,0.984919760521794,151.146175460068,26.152495433180032,0.6867659384579379,1559.3829338782964,6067.210444801824,0.1071840714956231,89,0.6351586066357384,0.1481502929384209,0.1192075781271007,0.8935627378547093,21.654067846832973,4698,3783,1.08230803900923,4094.371311571917,1.421195284397635,-1282,985.736208978419,0.1815402157368007,36.429914842301066,0.3166047333749739,0.7725545639303701,,46.0,Female,Healthy,NoCollagen
01C-202 +coll 60x veh 48h-Zstack cell1,Inference_Raw,0.37,0.207160189800746,0.207160189800746,11150.626516342125,58902.91613056416,80097.47650623298,0.1392132062422018,0.0535073482798137,0.9240853952239344,146.64226065801208,56.65284627020049,1.1140399011779376,3152.3938179016004,13096.399824643717,0.0793887890001434,361,0.6361769439107067,0.150054200267155,0.124276295629985,0.954359017510602,10.533988914362128,5075,5549,1.1187223680100369,6207.790420087693,1.3658557858465834,-1047,894.6681976318328,1.0,8.584280425489583,0.479268123971629,0.980029225523624,,78.0,Female,Healthy,Collagen
01C-202 +coll 60x veh 48h-Zstack cell2,Inference_Raw,0.37,0.207160189800746,0.207160189800746,7778.773498535129,49695.27416258714,82171.00417613961,0.0946656740601679,0.0475552932405566,0.9484970590456302,189.3146769352522,60.272728436348565,0.8623179100604766,3093.468046188344,11181.289195343725,0.0918239562366736,420,0.7214323311561757,0.1393410894788073,0.123496463990363,1.0,9.47723242402805,4218,4650,1.150686904555194,5350.694106181652,1.3587357425174895,-868,820.4512596130343,1.0,15.001391569776954,0.3989468033068243,0.9708756106726796,,78.0,Female,Healthy,Collagen
01C-202 +coll 60x veh 48h-Zstack cell3,Inference_Raw,0.37,0.168422918537191,0.168422918537191,7094.742924169912,46595.33870090399,35720.812477763364,0.1986165048341628,0.1101742374260374,0.9632336866022856,132.1436851736944,35.589906956370704,0.6177632403496689,2396.820699225398,12739.137496414682,0.0679883441102182,2384,0.6178061405205205,0.1612826369640282,0.104023188600218,1.0,3.2366867841480778,5256,5880,1.1923625416221992,7011.091744738532,1.393948478288194,-673,316.5030039753777,0.463871396039526,34.85213938111825,0.0825233226669006,0.3300850480109739,,78.0,Female,Healthy,Collagen
01C-202 +coll 60x veh 48h-Zstack cell4,Inference_Raw,0.37,0.207160189800746,0.207160189800746,9713.971424102749,44515.23754693505,49166.48519039135,0.1975730294017673,0.0945770205924185,0.8130967584850128,104.5426519648831,65.32193885468304,0.921577974382897,2221.4269638061446,13579.482405161363,0.0606301906422969,938,0.7008147406452094,0.1525155178868604,0.0767341924528434,1.0,4.688432876099915,4774,5045,1.130041336670402,5701.058543502178,1.3428931260573913,-443,1174.8157024383504,1.0,14.539745408724722,0.6077355908328409,0.9530108842661172,,78.0,Female,Healthy,Collagen
01C-202 +coll 60x veh 48h-Zstack cell5,Inference_Raw,0.37,0.207160189800746,0.207160189800746,9643.120765686,35303.43967208661,62937.86094188674,0.1532165316929012,0.0725726174300952,0.9432821777544164,153.96838160036663,51.42529750034211,0.8636958274392004,21773.52519035332,90506.26958905628,0.0416637117947284,1110,0.646055237365311,0.1480105604335063,0.0435081443601792,1.0,67.1109358469643,77510,82766,1.011473011234538,83715.57524783777,1.291138825348901,-17061,862.8473281860321,1.0,25.63940669783432,0.1668242725793787,0.8338192419825072,,78.0,Female,Healthy,Collagen
01C-202 -coll 60x Veh24h-Zstack cell1,Inference_Raw,0.37,0.207160189800746,0.207160189800746,3284.20271873473,35539.74762340341,62807.41231441479,0.0522900498159988,0.0273814157300395,0.7363322239905697,88.81224530587538,71.75197325557141,0.8371157344402329,2251.5964508056563,11446.25002066125,0.0725796049673883,311,0.6407483791375277,0.1699110365161691,0.0975166402632513,1.0,9.993263244628872,4295,4516,1.177371208490334,5317.008377542349,1.440693313900935,-523,1051.8353462219202,1.0,12.526094406872875,0.5460764740333539,0.9843060323688082,,78.0,Female,Healthy,NoCollagen
01C-202 -coll 60x Veh24h-Zstack cell2,Inference_Raw,0.37,0.156939537727837,0.156939537727837,6991.08346434654,53088.3467768964,22161.02388115264,0.3154675299227609,0.1103651571433092,0.9851974487692008,145.732322938737,24.981184163653804,0.7481972219817632,1829.0552225979627,7982.889913557464,0.0906028507803329,169,0.60679676481885,0.1455925502432075,0.1226872872013142,0.8701786569036085,13.06070945057405,4610,3763,1.1168619868316063,4202.751656447335,1.4697576047959746,-966,846.8810191824293,1.0,23.353964757819465,0.3880478424802699,0.987356566085848,,78.0,Female,Healthy,NoCollagen
01C-202 -coll 60x Veh24h-Zstack cell3,Inference_Raw,0.37,0.16706466919415,0.16706466919415,11210.474275773537,74863.13604059753,27802.509692779466,0.4032180691473685,0.1834599147561152,0.968114667992718,150.91366310840814,37.87202822520517,0.74867051096675,2214.7946005433137,5950.679565601738,0.1380828886256052,154,0.7176339131930846,0.1146539314416519,0.1825642264467208,0.959482708389031,17.713895573452227,4066,3587,1.1005572310411331,3947.698787744545,1.429662626711028,-1127,687.8660385119905,1.0,20.026220327639,0.4888766632421613,0.9870632168578288,,78.0,Female,Healthy,NoCollagen
01C-202 -coll 60x Veh24h-Zstack cell4,Inference_Raw,0.37,0.197295418857853,0.197295418857853,2792.7460962412124,20320.12214798154,32306.975410097893,0.0864440592407888,0.0426583949313622,0.9815332313827164,162.39655946206238,31.07563171229593,0.7859905247960659,1736.7168348662592,5249.928951719812,0.1330914146252738,100,0.6858419835445608,0.1534816919465591,0.1621390628219574,1.0,19.730835987154627,3256,3025,1.177640497326583,3562.362504412914,1.3947895400755224,-935,326.7190894302035,1.0,12.926593213923349,0.247922300563964,0.9532313639801664,,78.0,Female,Healthy,NoCollagen
01C-202 -coll 60x Veh24h-Zstack cell5,Inference_Raw,0.37,0.207160189800746,0.207160189800746,14208.17699432368,65533.86892876398,49292.17286109911,0.2882440795288339,0.106983873436125,0.9622570587085476,152.40307614412853,41.57722708337458,0.9948461604785648,2822.7524757385154,8768.82774232535,0.1101516779206951,230,0.6932662088814474,0.1407263472281822,0.2495582551339139,0.9818950365434692,13.83313010720641,2408,2770,1.1960752423095715,3313.128421197513,1.4211845527216052,-512,852.8437614440888,1.0,15.26035101499654,0.400734432079705,0.9808254200146092,,78.0,Female,Healthy,NoCollagen
01C-222 +Col 60x veh-Zstack Cell1,Inference_Raw,0.37,0.172633491500621,0.172633491500621,6536.237001418995,46499.40413889925,56555.9581418826,0.1155711478713075,0.0492165085153453,0.9740501282445756,161.46110706035205,36.58533737097563,0.6815757852366963,3042.3545837402003,12596.414465378975,0.0806078000813648,320,0.6353373613063088,0.127273007992527,0.0978973489535701,0.9874107397074272,13.33364922749354,5175,4721,1.227629684653492,5795.639741249136,1.4269254855897522,-1261,1474.4013547897175,1.0,14.577055744056567,0.3834552343410363,0.9885771320838416,,66.0,Male,Healthy,Collagen
01C-222 +Col 60x veh-Zstack Cell2,Inference_Raw,0.37,0.131114044177687,0.131114044177687,6044.316112259707,37382.67721308308,17991.205931970362,0.3359594757080158,0.1393408849297994,0.9732665841406082,134.31117422227487,30.88794943573418,0.4554804698933289,2208.213644939954,9748.454662586426,0.0841219002163504,285,0.6398539948066938,0.1261775844302632,0.0964950952814296,0.9542840478675246,10.459167171643095,8403,6612,1.0848781320407448,7173.214209053404,1.433413642253356,-2030,873.511713526406,1.0,36.54786485594799,0.385224591519218,0.9891741216128614,,66.0,Male,Healthy,Collagen
01C-222 +Col 60x veh-Zstack Cell3,Inference_Raw,0.37,0.121858935176909,0.121858935176909,4998.816420875156,35028.5356811097,18163.783872003594,0.2752078782758468,0.1323038237100737,0.9699363058384168,148.7801839821341,36.26994040876702,0.2519711521629838,2134.797515341133,13616.146585114187,0.0588845054721342,349,0.5176028848714939,0.1460265197174506,0.0649160635829542,0.803602181555816,11.224614186617671,9838,8098,1.2281624257071382,9945.659323376403,1.4064150528898405,-1364,849.4268239163113,1.0,57.05349837707631,0.2739098257926257,0.9893007064605304,,66.0,Male,Healthy,Collagen
01C-222 +Col 60x veh-Zstack Cell4,Inference_Raw,0.37,0.14797156414339,0.14797156414339,3591.692009750665,24161.70044585137,22271.174983102363,0.1612708809694936,0.0549718552939164,0.984850305508975,164.73740476625895,28.57688942182066,0.3803505787418361,2817.5416771246364,10473.74894359511,0.0921076136799201,232,0.6704059446291022,0.1598545353448519,0.1159229442657096,1.0,16.003143809500727,7069,6407,1.1142694111475115,7139.124117222107,1.394882412190514,-1900,840.1683641939717,1.0,33.53611604821624,0.3061707176251666,0.9873189958015596,,66.0,Male,Healthy,Collagen
01C-222 +Col 60x veh-Zstack Cell5,Inference_Raw,0.37,0.114453143536323,0.114453143536323,2544.393135090087,23187.262365207185,14964.077798064103,0.1700334072988616,0.1035412760980381,0.929828492177524,126.03536896424804,46.8189489347229,0.2423501799834743,825.6514791945712,6675.550519027671,0.0637570498258752,619,0.559972056828901,0.1414962599565923,0.1107607288001963,0.9640586537504232,2.0444310036820497,1533,2143,1.8279472304854547,3917.2909149303296,1.3527687576752565,81,380.12664712015817,0.1714451827853287,89.40424504620565,0.3631597693182251,0.6702274028559952,,66.0,Male,Healthy,Collagen
01C-222 -Col 60x veh-Zstack Cell1,Inference_Raw,0.37,0.207160189800746,0.207160189800746,2534.745025634757,17790.821416870753,20688.408136367747,0.1225200609407438,0.0660466039984112,0.7239776950288752,59.36326917319449,50.63958753007868,0.5506716268436864,823.3570575714083,4487.618823207048,0.0946659153354387,388,0.7135026434434072,0.1584011788234454,0.1795968883078171,1.0,2.808888917116765,592,911,1.593775510465418,1451.9294900339958,1.3398009466865255,6,0.4128456115722642,0.6618611653106119,5.095975312654001,0.3281209537658717,0.6666666666666666,,66.0,Male,Healthy,NoCollagen
01C-222 -Col 60x veh-Zstack Cell2,Inference_Raw,0.37,0.163118259685626,0.163118259685626,9841.47211557655,65134.896006380455,50053.11911248987,0.1966205561227609,0.1022332007806712,0.9134456406229836,139.9520995655229,57.77255803225886,0.5853981377175062,8306.03778173793,34360.36939884063,0.0577238870863593,357,0.5655827210469467,0.1513023214599476,0.06103116336357,0.8793972181496446,40.30503991188896,34810,27429,1.0418126124896931,28575.87814797979,1.3861757828640895,-8990,1196.438502419836,1.0,22.45811288839225,0.5063277965227653,0.7094681776516678,,66.0,Male,Healthy,NoCollagen
01C-222 -Col 60x veh-Zstack Cell3,Inference_Raw,0.37,0.138106793200497,0.138106793200497,5585.116577148393,74480.8849124266,40924.02461369801,0.1364752521255925,0.0845521367521367,0.8919172476373975,120.61165483136112,55.77123385340733,0.4278128038520649,2789.735412597634,16937.0945034123,0.0565831634035627,390,0.5571952244416049,0.1415696998265422,0.0737562622549743,0.8513880212160124,9.357194452477708,9512,7570,1.110343592378937,8405.300994308554,1.470024055156482,-1842,1040.2015686035072,1.0,24.912228207643867,0.3555749121498773,0.9825613950883928,,66.0,Male,Healthy,NoCollagen
01C-222 -Col 60x veh-Zstack Cell4,Inference_Raw,0.37,0.113202289508604,0.113202289508604,3676.229829078234,78081.46459085503,23671.75226622453,0.1553002831279023,0.079457973472572,0.961093939144558,130.40918524362849,36.12593285612012,0.3502457928607886,3780.281181714729,23627.485954385425,0.0496686871027689,409,0.5216966675570152,0.1350045769142125,0.0534326028488589,0.8289549195274107,16.357505362873113,38777,21306,0.94153458972637,20060.33596871004,1.476195459207145,-8265,68.34341293699859,0.1094846081725896,65.01955655791215,0.2227343560232908,0.4629808621689541,,66.0,Male,Healthy,NoCollagen
01C-222 -Col 60x veh-Zstack Cell5,Inference_Raw,0.37,0.152323668971136,0.152323668971136,4482.017668885696,45321.5521414972,34054.50468811976,0.1316130629393441,0.0555818162461407,0.9798260318253132,145.0941733712799,29.01632584681025,0.4876365675237121,3081.464411684345,14520.069748509117,0.0705266939664633,272,0.6440361093966552,0.1434442102640312,0.0777258063085548,0.9497995677255868,15.398994681125494,6352,5948,1.2272080512015862,7299.433488547034,1.397632349747472,-1163,592.9693579673689,0.1219586424208538,55.54531839859499,0.4798570555181455,0.5381540810920311,,66.0,Male,Healthy,NoCollagen
03Asc-0043 +coll 60x veh 48h-Zstack cell1,Inference_Raw,0.37,0.207160189800746,0.207160189800746,8500.395870208711,37574.89465741291,47362.20431327809,0.1794763565897968,0.047945436131564,0.986737162487252,188.84846696565583,30.654873346021866,0.8035503459478561,14003.945446014355,71373.09792746135,0.0393655675355068,3529,0.6286914725904243,0.1385574091565076,0.0414791951152259,0.9520881480922724,31.925376694777807,39822,43231,1.0869168630486927,46988.50290645804,1.2849890864999556,-5567,971.9338417053189,0.7468698530369566,14.319138510412978,0.5098718072396164,0.8968629576990139,,70.0,Male,TAA,Collagen
03Asc-0043 +coll 60x veh 48h-Zstack cell2,Inference_Raw,0.37,0.16706466919415,0.16706466919415,10123.658533771097,33989.08702613342,34795.54419648994,0.2909469809295967,0.1543787822381968,0.9287825959077484,144.6838685917486,54.14425003352207,0.4868663064118663,10247.943056485625,49146.523741203055,0.0464247017508249,1608,0.5575609287447092,0.1333822343912382,0.0487160094058421,0.9026621219533624,35.727363494731414,39577,35815,1.030214482481977,36897.13169009201,1.3466298175977536,-8257,884.9966786530433,1.0,27.195805069794112,0.3490592058243407,0.9655234575690655,,70.0,Male,TAA,Collagen
03Asc-0043 +coll 60x veh 48h-Zstack cell3,Inference_Raw,0.37,0.207160189800746,0.207160189800746,8689.876127243011,36132.87623307887,33303.56740951529,0.2609292878564172,0.0867186217483705,0.9711317565968,164.9241740487192,39.39940891633804,0.6817852393385359,1395.307016372676,7645.882945877956,0.0789774301846311,1078,0.8024711320178083,0.1585556933818988,0.2125992402252025,1.0,1.716085086736887,996,1637,1.479665106848861,2422.211779911586,1.3374520400095713,4,996.6728210449184,1.0,19.528218095987715,0.5643478317026644,0.9832478711803058,,70.0,Male,TAA,Collagen
03Asc-0043 +coll 60x veh 48h-Zstack cell4,Inference_Raw,0.37,0.121858935176909,0.121858935176909,2854.854326347138,40908.33904938944,16503.345817842954,0.172986396689364,0.0927779349080645,0.9213895823006744,117.55088890842272,46.22608850209561,0.3937873387301743,1112.166738015134,9021.315561434854,0.0575432232341143,757,0.5801728392727243,0.1366563979346092,0.0905208852751518,0.9186097223492368,2.415503888758118,7457,5720,1.0573729901790747,6048.173503824307,1.4302357706109683,-1122,717.4689711996357,1.0,41.16134536871186,0.3122037818875663,0.9866863122898486,,70.0,Male,TAA,Collagen
03Asc-0043 +coll 60x veh 48h-Zstack cell5,Inference_Raw,0.37,0.165728151840596,0.165728151840596,8504.721221923717,57605.320392664406,44490.03675842235,0.191160130258011,0.0840816320789483,0.9401076613315192,160.2208943098238,54.990136521886896,0.5615961146109613,16533.38699340799,90996.05272795436,0.0344907621890907,3442,0.5868436180614076,0.1460441193732317,0.0352972171423493,0.9195907028415228,51.44500923156672,75096,64188,1.0332745799799825,66323.8287397551,1.3399319869681132,-14593,1619.2795715331822,1.0,22.51802195180093,0.3378955682968046,0.9523001249125912,,70.0,Male,TAA,Collagen
03Asc-0043 -coll 60x veh 48h-Zstack cell1,Inference_Raw,0.37,0.207160189800746,0.207160189800746,10906.650638580284,52703.127860743865,60468.771600723136,0.1803683182221259,0.0824093870352373,0.9215307904332396,117.9083532461662,46.32060168082159,0.6876090824572144,4458.684968948349,18102.962874167475,0.0723667367168279,909,0.7336479125901284,0.1600407188525837,0.0930705221297333,1.0,7.475194786534139,9388,10179,1.1174069761038183,11374.085609760768,1.3437072154987395,-2025,1244.4119453430133,1.0,18.99351242956844,0.5166706620460021,0.9845106340213308,,70.0,Male,TAA,NoCollagen
03Asc-0043 -coll 60x veh 48h-Zstack cell2,Inference_Raw,0.37,0.201126397864801,0.201126397864801,6182.626231090356,33743.63755440583,29613.3940356288,0.2087780354947442,0.0614221032675365,0.9716741672980578,117.84342890468923,27.8831529146498,0.7179098155184606,2013.7288049249407,8808.975960073842,0.0875439264385363,280,0.6704483988797055,0.1736203388368253,0.1119468787742567,0.9817076279232848,10.98149088215452,3748,3651,1.2484247614007435,4557.998803874115,1.3767473578927043,-684,591.7273161941353,1.0,12.984017270890025,0.5899902732845379,0.9720924514384064,,70.0,Male,TAA,NoCollagen
03Asc-0043 -coll 60x veh 48h-Zstack cell3,Inference_Raw,0.37,0.201126397864801,0.201126397864801,5685.686042592122,35464.36913873573,42556.37451507661,0.1336036283019793,0.0603339453388053,0.9209591563500198,124.99412376685986,49.28592955326395,0.6080672335350369,7407.88418696744,23054.34230855164,0.0797126982241541,260,0.6401482392150191,0.1558815110559131,0.0875790885910349,0.9839262369330628,43.30397985239462,22804,20716,1.1331498905556945,23474.333132751766,1.3478740728620404,-5897,782.9778953348628,1.0,14.664840737578208,0.4337494446073175,0.9800663206999268,,70.0,Male,TAA,NoCollagen
03Asc-0043 -coll 60x veh 48h-Zstack cell4,Inference_Raw,0.37,0.15459715656772,0.15459715656772,6412.143483143773,42114.0410114532,35599.760022399714,0.1801176041386006,0.0866624198036084,0.9756114987969382,143.30209569413,31.48770522252188,0.5131766598018824,6625.757501023793,27103.837235671228,0.0629424584375166,378,0.555134349401918,0.1463930146882503,0.0708899534729951,0.9239876043164305,31.38576834853396,35254,28114,0.971511398709999,27313.07146333291,1.3759267516122369,-9152,1210.7005122510254,1.0,29.440026582601813,0.3663023126352427,0.9849568345323744,,70.0,Male,TAA,NoCollagen
03Asc-0043 -coll 60x veh 48h-Zstack cell5,Inference_Raw,0.37,0.129475118625466,0.129475118625466,4665.614403784242,41169.07395678995,15923.149036243456,0.2930082732482507,0.1032331289353923,0.9920051033453696,171.02577505064846,21.581347803144325,0.4352356090529093,4555.555321276156,16681.8983642863,0.0796647510933275,228,0.4896439192880641,0.1303408581713534,0.0859989535353668,0.8502564796205428,42.96330295784264,35461,23873,0.9513369497306388,22711.267000919543,1.3686089989425494,-9016,966.7137265205316,1.0,42.75138458151925,0.2371866355913324,0.9820855834000216,,70.0,Male,TAA,NoCollagen
03Asc-0051 +Col 60x veh-Zstack Cell1,Inference_Raw,0.37,0.109031678842497,0.109031678842497,5486.615252296571,44024.178854562655,14323.833028365096,0.3830409947834198,0.1710219560549847,0.9635801851237346,119.68433581841734,32.086481391127464,0.3472707912721339,2981.333838275206,18663.52850485976,0.0536740182723193,346,0.5203786509371754,0.1252530438055097,0.056589036555862,0.9301521854437376,15.360036786736517,28905,16498,0.9737290743728636,16064.582269003502,1.464400039366929,-5942,843.8527352922014,1.0,45.47675621385515,0.3064303877279866,0.98298910175284,,65.0,Female,TAA,Collagen
03Asc-0051 +Col 60x veh-Zstack Cell2,Inference_Raw,0.37,0.207160189800746,0.207160189800746,11035.521984100304,37700.96037417019,62993.19283962239,0.1751859444907993,0.085819140042799,0.9722224790686886,162.66203996464432,38.11989773635506,0.847353952396591,10392.70548820492,32062.84554221259,0.0718292185737021,176,0.6650922052582178,0.1596673965380263,0.0746252786204755,1.0,98.01832639946096,19863,21483,1.0949637723668473,23523.10672175698,1.3259363313577974,-5304,1553.53803634643,1.0,12.497390051793356,0.8510003727580606,0.9193859591329636,,65.0,Female,TAA,Collagen
03Asc-0051 +Col 60x veh-Zstack Cell3,Inference_Raw,0.37,0.172633491500621,0.172633491500621,6742.450296878739,35883.21197433871,42702.77147491724,0.1578925691237422,0.0820210385680252,0.8571571103625729,99.84297469491544,53.49621031439623,0.6835960505195187,6031.614840030603,21696.659349577218,0.0738550712590832,218,0.6760928351049794,0.1756261173128012,0.0766190583022111,1.0,60.89733405546641,15141,13930,1.1328848945720171,15781.086581388196,1.3529381810032413,-3892,1936.360597610452,1.0,20.227578419411152,0.5164707579752337,0.9699307164498308,,65.0,Female,TAA,Collagen
03Asc-0051 +Col 60x veh-Zstack Cell4,Inference_Raw,0.37,0.207160189800746,0.207160189800746,7048.05264472959,44877.87966797466,72400.49936771375,0.0973481219919954,0.0392308310994326,0.933194697849337,126.41750903144356,45.81303610894912,0.79918071876177,5207.904481887799,17983.764876881258,0.0807939514046869,229,0.6363664525421058,0.182528568216324,0.0932850133009547,1.0,43.735081408204,6978,7687,1.2695965329533772,9759.38854881261,1.3411234826218172,-1674,1105.251216888424,1.0,8.90583823759106,0.4637676334191118,0.9411620194079352,,65.0,Female,TAA,Collagen
03Asc-0051 +Col 60x veh-Zstack Cell5,Inference_Raw,0.37,0.172633491500621,0.172633491500621,10380.453765392189,59882.5208502223,52429.231405257626,0.1979898138341053,0.0929541475221351,0.911044848628868,140.78565833389578,58.92910538249909,0.4504933493782422,7149.79350566856,29103.139850878983,0.0616699047435195,390,0.6136775433077144,0.1773332947105806,0.0718936466661124,1.0,26.966787734121347,16784,15700,1.198918688595977,18823.02341095684,1.3606691160019844,-3807,1910.910606384256,1.0,24.236850312844226,0.4600715175889183,0.9845244858538802,,65.0,Female,TAA,Collagen
03Asc-0051 -Col 60x veh-Zstack Cell1,Inference_Raw,0.37,0.129475118625466,0.129475118625466,3179.543875157811,44175.06472183141,24159.473776817184,0.131606503706584,0.0446392867940985,0.9683217638599124,114.08908015833184,28.53450181476113,0.7285420941808141,1561.9532391428838,8122.321881562776,0.0801522922178639,618,0.5954526200901687,0.2044325366216093,0.1003620830933241,1.0,6.588799563252274,9129,6934,1.031951556213934,7155.552090787419,1.4771911731292062,-1874,656.3972309231713,1.0,17.070550740149688,0.2575838567474968,0.928047803856342,,65.0,Female,TAA,NoCollagen
03Asc-0051 -Col 60x veh-Zstack Cell2,Inference_Raw,0.37,0.15935399215442,0.15935399215442,4143.846218402556,22034.97616036416,19783.5385305641,0.2094593043605733,0.0614134173273958,0.9906693292174472,140.70662712225823,19.16937691481297,0.628123174532063,2787.506509814733,11056.530834623338,0.0866315004863492,252,0.7009132987520394,0.1675544836708204,0.093025493623984,1.0,17.739797435523652,11266,9331,1.032152171139282,9631.01190890064,1.388287519997788,-2731,774.0808238644546,1.0,22.78008977392514,0.2715784798948773,0.9755932925962768,,65.0,Female,TAA,NoCollagen
03Asc-0051 -Col 60x veh-Zstack Cell3,Inference_Raw,0.37,0.109031678842497,0.109031678842497,4122.619272268958,55488.59581279529,25305.69710559743,0.1629126933380177,0.0761502591157687,0.9733062362318746,163.91743526844178,37.67127249578229,0.3688747637079831,3226.564835313221,20688.259369638763,0.0510411482995764,722,0.5970260133771454,0.1486405455050821,0.0566236573363958,1.0,6.84541323035324,24944,16557,1.017623506027262,16848.792389293376,1.4512538304551343,-4649,1062.4462613768644,1.0,31.891481385822647,0.2301062965224621,0.9858728927711335,,65.0,Female,TAA,NoCollagen
03Asc-0051 -Col 60x veh-Zstack Cell4,Inference_Raw,0.37,0.207160189800746,0.207160189800746,11492.478561401327,31174.60451315528,70652.87625789623,0.1626611564892507,0.0797677441482515,0.920682813598594,149.90517102504862,59.21143588897967,0.7926670022327724,4086.631679534898,18737.73387573592,0.0659696311949046,318,0.717088020570988,0.158941785830878,0.069628998516654,1.0,23.724405710087183,8881,9819,1.116709929646543,10964.974799199406,1.3016162723686588,-930,1159.937381744381,1.0,12.09370533114959,0.326743951842869,0.9369588918104276,,65.0,Female,TAA,NoCollagen
03Asc-0051 -Col 60x veh-Zstack Cell5,Inference_Raw,0.37,0.129475118625466,0.129475118625466,5638.580359518489,43684.84532987032,34184.62146073561,0.1649449406948955,0.0822132850278682,0.9583357096526308,159.11791147512704,45.60080115585699,0.5322469719177859,5682.18469619747,31303.74979081549,0.0491923977537387,400,0.604254502042746,0.1506830090539364,0.0507492189947414,1.0,26.174006803381648,34953,24559,1.002246072788029,24614.1613016012,1.4194005992208056,-6931,2562.402952462417,1.0,36.00165013195124,0.3998272419266555,0.9898407100001918,,65.0,Female,TAA,NoCollagen
03Asc-0054 -Col 60x veh-Zstack Cell1,Inference_Raw,0.37,0.121858935176909,0.121858935176909,4063.0788209116176,65198.12440655047,30672.40335537047,0.1324669206334041,0.0725643174601679,0.9254457610450934,115.0633622688862,44.05817738538481,0.4891322468135694,4499.703988071911,20371.819191074785,0.0647008929796485,278,0.5631589429083129,0.1511115925978339,0.0702246882934458,1.0,28.29100605152169,25994,16748,1.0132267757452964,16969.522040182223,1.4361983446978976,-6251,565.5666206122213,1.0,19.76755368370781,0.3668414299740021,0.9328898596170055,,75.0,Female,TAA,NoCollagen
03Asc-0054 -Col 60x veh-Zstack Cell2,Inference_Raw,0.37,0.138106793200497,0.138106793200497,7759.119224548278,31952.788910346004,20059.08381144192,0.3868132411971075,0.1397979060760414,0.9898942988580536,170.44584334958637,24.169308882644007,0.5342052388404919,5330.1332473754455,19142.933707182965,0.0770846088750146,209,0.5276622526043905,0.1302975891315863,0.0836207486194963,0.7682462593790073,44.40713246663377,26483,20074,0.992811825223512,19929.70457953678,1.3796263165658909,-6787,1010.4061126708904,1.0,38.54119813599777,0.2609192428655955,0.950829470440569,,75.0,Female,TAA,NoCollagen
03Asc-0054 -Col 60x veh-Zstack Cell3,Inference_Raw,0.37,0.14797156414339,0.14797156414339,4414.369524741644,28536.30436730668,20503.382658471783,0.2152995726740569,0.0860737050685187,0.9783570776651942,139.6170084394556,28.91249550707002,0.4784852585480114,974.3269852229492,6225.113361651424,0.0763495849830053,231,0.614313953451895,0.1721893623009522,0.0921197361367801,1.0,5.753935283112226,1536,2049,1.722949076292463,3530.322657323257,1.2594923556124105,112,459.80923029841045,0.1831599764992829,62.45298751602619,0.3690295163314745,0.6543029101139142,,75.0,Female,TAA,NoCollagen
03Asc-0054 -Col 60x veh-Zstack Cell4,Inference_Raw,0.37,0.138106793200497,0.138106793200497,6895.940208435003,46131.82884089809,31282.15885162329,0.2204432322316258,0.0861138430626057,0.9802139948131084,164.6090141555542,32.603874760283574,0.50190418431737,5337.402153015094,19331.01130562025,0.0764040125620574,202,0.5553427533875923,0.1416819414082914,0.0814514530416424,0.8306329339720043,48.95605034784401,27918,20861,0.9854568505483948,20557.615359290063,1.3913233905377729,-7619,996.0517883300702,1.0,31.074244347295576,0.2237929067815721,0.9612018769111328,,75.0,Female,TAA,NoCollagen
03Asc-0054 -Col 60x veh-Zstack Cell5,Inference_Raw,0.37,0.138106793200497,0.138106793200497,5044.472312927206,38612.70122252719,44478.04781595832,0.1134148767904623,0.0711949067881271,0.9806837921918172,176.44524334496418,34.53415299066364,0.504268073001442,5111.035728454549,23419.03707158712,0.0612709153305396,294,0.5667179451419571,0.1325653881985875,0.0643213803110836,0.8838939855145507,36.231663210171895,22152,17163,1.0328200535345269,17726.29057881308,1.402943772744474,-5362,351.0387420654269,1.0,20.344404784747088,0.1681989346748101,0.8250729830148621,,75.0,Female,TAA,NoCollagen
03Asc-0055 +Col 60x veh-Zstack Cell1,Inference_Raw,0.37,0.207160189800746,0.207160189800746,8926.071453094451,38209.80388046221,37357.941555976766,0.2389337067653932,0.0760072472586162,0.9776257334367928,149.25464836128666,31.41603649623957,0.804743381329309,3347.955608367908,10950.147665615948,0.0988364813863256,187,0.659449412303117,0.1713417196411317,0.1473905120061769,1.0,21.590186395952703,2036,2531,1.6126977766821406,4081.738072782498,1.336775025042278,-391,553.3719062805156,0.2492229857867,32.606202403651935,0.4698370710746642,0.7022953066118534,,66.0,Female,TAA,Collagen
03Asc-0055 +Col 60x veh-Zstack Cell2,Inference_Raw,0.37,0.138106793200497,0.138106793200497,4215.0337219237945,18497.14691793364,9603.437010447107,0.4389088737020366,0.174480284979285,0.9926191073209468,149.15423344279424,18.086175735040623,0.3898851053512013,540.2843475341754,3713.37807864939,0.0863899479689041,142,0.5784472598313841,0.1632529823782606,0.1000253369129908,1.0,5.184998879065839,723,1054,2.2928404433931244,2416.653827336353,1.2005114540640511,93,563.1637573242142,1.0,51.71274609047909,0.2346716414942528,0.9694113073689836,,66.0,Female,TAA,Collagen
03Asc-0055 +Col 60x veh-Zstack Cell3,Inference_Raw,0.37,0.152323668971136,0.152323668971136,5845.861786583226,35903.93730908206,21025.94660227659,0.2780308490819749,0.0967700081401377,0.9692145977161244,125.40734002422803,30.93084927931552,0.4654171777226216,892.4372984051173,4953.408096759771,0.0904965084140242,171,0.6397409186655824,0.1826706562298641,0.1252868229073994,1.0,5.754502952757421,589,819,2.56919758788174,2104.172824475145,1.2586291473161455,-23,475.3472998892909,0.1857587625087383,56.42360230518753,0.4553922197479388,0.6870920507284144,,66.0,Female,TAA,Collagen
03Asc-0055 +Col 60x veh-Zstack Cell4,Inference_Raw,0.37,0.132794993462016,0.132794993462016,4239.944840323939,28834.437161985647,13958.567316245097,0.3037521505082729,0.1305259660748949,0.9680543045165216,120.17416131242784,30.190577191501,0.3303447717972413,784.3816068750763,4815.314663998901,0.0854170142578698,444,0.6113068303625697,0.156831472254546,0.1143621779094373,1.0,3.446117273680112,1319,1842,1.7275155293433777,3182.0836050505013,1.2788064686258396,60,622.6456376927762,1.0,49.82854356094912,0.2076544846938972,0.96311173460634,,66.0,Female,TAA,Collagen
03Asc-0055 +Col 60x veh-Zstack Cell5,Inference_Raw,0.37,0.207160189800746,0.207160189800746,9090.812730789154,29219.061891058063,34562.56921291343,0.2630247964145154,0.0879555887395608,0.9607305828334788,147.0055585225625,40.90660963091212,0.7301152451989965,1638.1713867187443,6468.8289736596935,0.1038878310657912,125,0.6808675962077978,0.1919324478653732,0.1335381831731301,1.0,13.649311065673782,848,1223,2.1862436837199333,2673.7760251894783,1.2620732349242534,23,923.7420558929412,1.0,17.906082684978028,0.4316519995160514,0.9835164835164836,,66.0,Female,TAA,Collagen
03Asc-0055 -Col 60x veh-Zstack Cell1,Inference_Raw,0.37,0.138106793200497,0.138106793200497,3237.062454223607,32731.819032687305,27639.556153615096,0.1171170201226338,0.0446100508334198,0.8894022483298357,113.44087957575591,53.08409582654048,0.3358202326844669,1750.2113342285018,9519.641534839851,0.0737774868331581,316,0.5409929710362043,0.1392571902015928,0.1255531759099502,0.8832283989831137,7.63705057868785,4550,3916,1.1762169567030218,4606.065602449034,1.4750646166158263,-783,986.4116668701092,1.0,20.690009094799,0.4886291144804898,0.9861086614506536,,66.0,Female,TAA,NoCollagen
03Asc-0055 -Col 60x veh-Zstack Cell2,Inference_Raw,0.37,0.172633491500621,0.172633491500621,6864.914596080704,46432.242707059806,36800.736933946166,0.1865428566934019,0.1211570819219232,0.7602247553393048,94.6625512036473,70.16663042295401,0.4904005123303355,1845.289766788462,7985.893624308392,0.0911039035756616,187,0.6681052049016365,0.1628125595168077,0.1046002865592031,1.0,13.07363205767678,2288,2475,1.566312678729161,3876.6238798546738,1.3523691957951085,-414,1244.568526744829,1.0,20.9360414819224,0.7500188961574008,0.9754299541958344,,66.0,Female,TAA,NoCollagen
03Asc-0055 -Col 60x veh-Zstack Cell3,Inference_Raw,0.37,0.14797156414339,0.14797156414339,4515.231531493502,35329.46451094025,21052.13948658528,0.2144785110497045,0.0849663696955283,0.9443572213968136,115.8561437412614,38.33242984086348,0.4411108806604875,2020.1242213346447,9060.195454413324,0.0852966435045286,195,0.6189685652289585,0.1662593164211324,0.1053294606733463,1.0,15.89679380867726,4907,4523,1.196927744136065,5413.704186727422,1.3968974733356934,-984,490.2055555460387,1.0,24.762427020400715,0.3358173033214745,0.9612231930103255,,66.0,Female,TAA,NoCollagen
03Asc-0055 -Col 60x veh-Zstack Cell4,Inference_Raw,0.37,0.18332760159358,0.18332760159358,8673.048232266161,44232.99158321353,37528.85001857197,0.2311034904606486,0.0694268086555058,0.9896242073917112,171.42010702692238,24.624944724619542,0.6923357825665964,4042.142465779455,14182.193831094291,0.0865263635458548,148,0.6266535861464123,0.1874038175142967,0.1044000428592934,1.0,35.763799101184084,6405,6197,1.2212079986020596,7567.825967336963,1.380219210645086,-1643,1328.9640929874524,1.0,18.8233755992976,0.4433347591173503,0.9785913119917956,,66.0,Female,TAA,NoCollagen
03Asc-0055 -Col 60x veh-Zstack Cell5,Inference_Raw,0.37,0.155759541203568,0.155759541203568,3755.766349782528,41406.52541837253,23637.77973389173,0.1588882878199228,0.0722463582928699,0.8360598338503287,85.78178419010469,49.62599266340656,0.4727659703201159,1913.7535998803432,7269.047761384904,0.1025488078186113,223,0.663563132307447,0.1423766473023382,0.1367721897910183,1.0,10.806639278824084,3363,3006,1.2077332529101836,3630.446158248012,1.4314908734140497,-850,567.6880747583552,0.200441443472589,45.832067972158704,0.4522223348122355,0.6243717972768831,,66.0,Female,TAA,NoCollagen
03Asc-0056 +Col 60x veh-Zstack Cell2,Inference_Raw,0.37,0.120441970814387,0.120441970814387,4318.969113688751,33611.0138225261,15776.149046105023,0.2737657397294343,0.1298579803660325,0.9304635304742428,121.73594695878654,45.01577438254208,0.3372311175032249,2138.458083551453,12960.587934987796,0.0619336367794178,865,0.6110552351777708,0.1775813164567991,0.0684482964182403,1.0,8.806573277858096,21087,15416,0.9481606206647196,14616.844128167317,1.3685196510299933,-4057,1010.7413635439516,1.0,59.030413676742256,0.2249498065006088,0.9592685038968978,,44.0,Female,TAA,Collagen
03Asc-0056 +Col 60x veh-Zstack Cell3,Inference_Raw,0.37,0.197295418857853,0.197295418857853,8653.583915866095,22177.039908434286,42373.86722953923,0.2042198289098711,0.075258400845721,0.9776252262142832,179.8092777287282,37.85395602807764,0.7032749060739254,5869.047203842436,25481.54704816473,0.0617499676747893,443,0.5926712538385986,0.1578309277898709,0.0655198635944343,1.0,35.30538430927928,20135,18268,1.103109741624744,20151.60876000082,1.3582325962832482,-4254,666.54438875159,1.0,16.922472934888557,0.3079014305228245,0.9339834503409068,,44.0,Female,TAA,Collagen
03Asc-0056 +Col 60x veh-Zstack Cell4,Inference_Raw,0.37,0.13365173535532,0.13365173535532,2570.349745894313,14772.492455437374,11224.31923770008,0.228998275214862,0.100527578309578,0.7849849299748987,73.33575307634466,50.15596254052605,0.2714510503003047,812.5851181617733,6113.35038574869,0.068883850049535,551,0.5133256240186278,0.1509684001348836,0.1195108010998089,0.8486071005186353,3.7364185662721,5104,4689,1.0516541128962456,4931.206135370496,1.4292862679038036,-666,,,,,,,44.0,Female,TAA,Collagen
03Asc-0056 +Col 60x veh-Zstack Cell5,Inference_Raw,0.37,0.161843898281832,0.161843898281832,8083.636552328134,25126.12208976619,30016.557167982297,0.2693059202989039,0.1402851150501121,0.9314523102937404,115.72004020132208,42.48367040456206,0.5004958433784233,4542.247625067768,20372.4642666926,0.065106012529086,449,0.5606780315637656,0.1581233904632099,0.0708331331081228,1.0,25.92662598804669,24038,19922,1.0260074079337833,20440.11958085683,1.3463098671308182,-5123,894.9976181611297,1.0,25.43658070556928,0.4736355429767547,0.9341806994818652,,44.0,Female,TAA,Collagen
03Asc-0056 +Col 60x veh-Zstack Cell6,Inference_Raw,0.37,0.138106793200497,0.138106793200497,5725.448799133255,23301.320951277383,18833.43811035141,0.3040044396347569,0.1733146907524823,0.9731637081427232,148.82451375582804,34.291425045112426,0.4700174281978929,3363.29441070554,16513.937760712375,0.0657370288871284,344,0.5235653489175084,0.1667706520289286,0.0725874785725307,0.9193565974682328,30.000618525913545,22652,16906,0.962432860142146,16270.88993356312,1.3904565071260462,-5077,736.4530563354433,1.0,31.726650258554308,0.532606717627618,0.981185828726165,,44.0,Female,TAA,Collagen
03Asc-0056 -Col 60x veh-Zstack Cell1,Inference_Raw,0.37,0.143861242917184,0.143861242917184,5488.626865876971,18313.98787009741,16353.743564751185,0.3356189880405819,0.1107936132539124,0.9739003858827396,136.4204553713594,31.002904710927428,0.3850398564932629,5190.947610470914,24400.442504541672,0.0594179302057207,332,0.6432801390877596,0.2020047641964428,0.0600591368696514,1.0,73.05197207860444,33165,26163,0.9918979976960076,25951.02731372065,1.3520198254429951,-5915,715.0611943668692,1.0,35.31142802815729,0.2589314960286171,0.9685014053538276,,44.0,Female,TAA,NoCollagen
03Asc-0056 -Col 60x veh-Zstack Cell2,Inference_Raw,0.37,0.171206768430368,0.171206768430368,8615.502893627436,41645.94839016503,36137.683267321365,0.2384077260818286,0.0876700657749525,0.9782379526815664,176.66995409949084,36.68577548187802,0.5844947313285497,7639.356294898551,27901.293436793065,0.0672301837714936,321,0.6217277336310948,0.1689798599274467,0.0691436973073903,1.0,74.1185980471681,28115,26052,1.0507462827175438,27374.042157357453,1.314030468375015,-5880,1055.1441302839053,1.0,18.9891079947702,0.3330234627057187,0.9572346598279088,,44.0,Female,TAA,NoCollagen
03Asc-0056 -Col 60x veh-Zstack Cell3,Inference_Raw,0.37,0.171206768430368,0.171206768430368,6109.858233374463,33750.85048966217,30377.84967695378,0.2011287269621891,0.1069631153618242,0.9685254436094842,145.33093996977328,36.240882175546176,0.5212759752724854,2645.452070916863,9357.09240391618,0.0988575412418542,667,0.7891244262838346,0.2035109280475084,0.1161850703649598,1.0,10.924372848219942,7463,7479,1.1377509313235226,8509.239215368625,1.3233131820036914,-1478,557.6353761620676,1.0,22.34582169981857,0.2988274506877614,0.9723151982753728,,44.0,Female,TAA,NoCollagen
03Asc-0056 -Col 60x veh-Zstack Cell4,Inference_Raw,0.37,0.191814990556246,0.191814990556246,8951.087056854569,43296.768416987645,35894.73444002622,0.2493704772161014,0.0918864047473711,0.9576402369338988,135.0325823630859,39.01559144076912,0.57854909655963,3195.189031553837,8568.152288325522,0.1224413150372589,326,0.8724889066027728,0.1949682104677869,0.1278291451592324,1.0,42.46929054888162,8697,8884,1.1573745718812185,10282.115696592744,1.2945473527883722,-1709,1480.4171191321386,1.0,27.844887949676657,0.3590031114881642,0.9859738517054418,,44.0,Female,TAA,NoCollagen
03Asc-0056 -Col 60x veh-Zstack Cell5,Inference_Raw,0.37,0.191814990556246,0.191814990556246,7333.351506127205,33512.841137384865,49439.58157865075,0.1483295625077444,0.0570676407367817,0.9703994578690688,164.89296728241268,39.88472959544772,0.6681736057274871,8475.189591631424,30766.749635347354,0.0653384441106421,371,0.6043426159110052,0.1529477678773104,0.0671308104847469,1.0,71.75684262080284,33869,30791,1.0656893483181458,32813.640724064026,1.3315089153280402,-7700,846.6994320904714,1.0,12.842242894801265,0.3268130773536772,0.9631419470126642,,44.0,Female,TAA,NoCollagen
03Asc-0057 +Col 60x veh-Zstack Cell1,Inference_Raw,0.37,0.207160189800746,0.207160189800746,6915.560960769629,23941.33209765336,42386.36140823356,0.1631553341926226,0.0995953755639221,0.9334192066207856,139.6256070790842,50.52066642165846,0.4985282020739074,1689.745330810541,7011.5611554352745,0.097847612858436,300,0.6887427438650053,0.1695512880879833,0.1388709706697152,1.0,5.632484436035138,1412,1984,1.8020332569184925,3575.233981726289,1.2512455208317832,-194,168.32985877990663,0.799496141458975,16.834188359741887,0.1648138095092078,0.8909360810338804,,73.0,Female,TAA,Collagen
03Asc-0057 +Col 60x veh-Zstack Cell2,Inference_Raw,0.37,0.14797156414339,0.14797156414339,6675.67141202029,27246.305240590795,21845.95723541408,0.3055792584450582,0.1382654773410652,0.9802823570247848,165.6112333176794,32.74699264677352,0.4421477879378082,1254.4722216469856,7080.364764082159,0.0794454796978905,433,0.6433915072963187,0.1635711743850797,0.0974611535495616,1.0,4.465130303077105,1839,2509,1.754430380070897,4401.86582359788,1.2385431942785272,122,323.13108444213754,1.0,37.87961997105143,0.1461620878823136,0.9162876177348956,,73.0,Female,TAA,Collagen
03Asc-0057 +Col 60x veh-Zstack Cell3,Inference_Raw,0.37,0.207160189800746,0.207160189800746,10729.841566085775,39157.10091493647,43898.24438095083,0.2444253003143304,0.0740418965070831,0.9754274070543923,178.764935634437,39.42719245668752,0.6168171966783247,2393.186616897575,10980.243203109989,0.0787994540753584,202,0.7084369362427098,0.1784518128305846,0.0887506685532295,1.0,11.847458499492944,2091,2818,1.796733934430934,5063.196227226372,1.2520883825250582,40,539.0493392944317,0.2846828986756508,27.289574243510668,0.4171953083435808,0.6809210526315789,,73.0,Female,TAA,Collagen
03Asc-0057 +Col 60x veh-Zstack Cell4,Inference_Raw,0.37,0.138106793200497,0.138106793200497,5840.212821960403,26898.13712703388,25819.04226938863,0.2261978876298068,0.111316691417011,0.981648471625064,161.12402389461684,30.743340752631024,0.4409635469134423,1211.5289688110254,5667.436599925595,0.0969735562830023,237,0.604272355795667,0.1599817781836505,0.1331243513253758,0.9420197280513868,5.111936577261711,2144,2299,1.6015315843218974,3681.921112356042,1.3060425217610012,-571,159.1749191284167,0.3784869828877,28.990061436461986,0.1409341252844384,0.5406786711832174,,73.0,Female,TAA,Collagen
03Asc-0057 +Col 60x veh-Zstack Cell5,Inference_Raw,0.37,0.14797156414339,0.14797156414339,6600.393519109586,25598.125955751537,21411.594395734744,0.3082625888161044,0.0897164074146752,0.9940340010056292,188.45694817345105,20.5503123277966,0.5043281450823371,742.5631065757881,5322.128236649818,0.0745111103379431,172,0.5948013600804779,0.1658094047442455,0.11862283528766,0.9747700956011508,4.317227363812721,853,1296,2.193126576680297,2842.2920433776653,1.242866908015945,69,781.717008473919,0.4817333797202976,38.40431812313815,0.2841874753630186,0.860964380041402,,73.0,Female,TAA,Collagen
03Asc-0057 -Col 60x veh-Zstack Cell1,Inference_Raw,0.37,0.191814990556246,0.191814990556246,14216.262617228856,39449.6016770703,57835.128204321794,0.2458067105342135,0.104004291300933,0.9642868173848812,163.57458723431276,43.42615132242381,0.6814892115962186,2908.8854789733705,13946.96951560783,0.070657026250688,250,0.7196978537255659,0.1809802322589716,0.0799547965267525,1.0,11.635541915893482,2178,3007,1.9640644520490804,5905.941807311585,1.2608058885467126,176,2003.5122647697417,1.0,21.15891898613785,0.4617804639719345,0.977425931952368,,73.0,Female,TAA,NoCollagen
03Asc-0057 -Col 60x veh-Zstack Cell2,Inference_Raw,0.37,0.207160189800746,0.207160189800746,16222.577762603703,43505.51480312471,69161.53235435467,0.2345607046339867,0.1074298633017876,0.8842113875664906,129.45409255231482,62.03477116717099,0.7335641675854144,2690.546607971182,8238.016563323086,0.1135590655390906,235,0.7652515133520504,0.180506852984966,0.1456338968304859,1.0,11.449134502005029,1945,2509,1.700364472592866,4266.214461735501,1.2681237778812218,-441,318.2563304901112,1.0,8.472546909096982,0.4811737349361179,0.9155080213903743,,73.0,Female,TAA,NoCollagen
03Asc-0057 -Col 60x veh-Zstack Cell3,Inference_Raw,0.37,0.207160189800746,0.207160189800746,15160.46891212458,52834.12010854695,67448.68354797344,0.2247704197420187,0.0851804567490842,0.9378686190637404,160.50865638575215,56.10329797070284,0.7628283729891224,6607.038259506203,23332.54407390951,0.0729782162591704,353,0.7489002396687613,0.1657113084862834,0.0819780527392829,1.0,18.87652628762375,6059,7384,1.466340211691738,10827.456123131791,1.300807170921682,-986,1511.5865707397409,1.0,17.28598979001284,0.4217279533765291,0.9750791260793412,,73.0,Female,TAA,NoCollagen
03Asc-0057 -Col 60x veh-Zstack Cell4,Inference_Raw,0.37,0.207160189800746,0.207160189800746,11869.073152542072,53430.22421170738,76353.99892330148,0.1554479571458294,0.0869279185049819,0.8786045080208854,139.39301345648963,68.47427671601638,0.6259060579535108,2585.525035858145,10379.567338657358,0.0877682364391073,391,0.7067312790702859,0.1766237199539027,0.1324167649223722,1.0,6.6125959996372,1573,2323,1.8958254971122688,4404.002629791802,1.2793105754155187,-231,335.183000564574,1.0,10.926251934617554,0.4394460584105986,0.8639544877829165,,73.0,Female,TAA,NoCollagen
03Asc-0057 -Col 60x veh-Zstack Cell5,Inference_Raw,0.37,0.207160189800746,0.207160189800746,7401.305580139135,25733.82810420796,56112.67611980424,0.1319007770069077,0.0681162165100675,0.7390850224262007,109.02948056858914,87.15086441628439,0.6506849851902845,1259.5443248748736,5426.7366401254885,0.10393321197651,155,0.6861565730228302,0.1733144302203449,0.1268522996906267,1.0,8.126092418547573,765,1168,2.1111102690312693,2465.7767942285227,1.2719215111803048,30,274.01833534240626,0.6742260327284663,14.28558248888652,0.3180887689176448,0.7187683777199024,,73.0,Female,TAA,NoCollagen
03Asc-0024 +coll 60x veh 48h-Zstack cell1,Inference_Raw,0.37,0.160589294419182,0.160589294419182,4943.477585226657,25788.29122972004,17569.874350349975,0.2813610095696665,0.1041695486423883,0.9870144697754571,143.80317785987168,23.10137020119762,0.503230637019927,588.5635342966652,3615.970501228248,0.0939265014709107,400,0.671616753688067,0.1614628665695299,0.2053785069907649,1.0,1.904619375291455,520,856,1.8105072588916609,1549.7942136112615,1.273362430652623,20,646.4542473503578,1.0,26.779163576117057,0.4217970268885899,0.9305030971445836,,62.0,Male,TAA,Collagen
03Asc-0024 +coll 60x veh 48h-Zstack cell2,Inference_Raw,0.37,0.207160189800746,0.207160189800746,8034.737777709933,24977.07357215994,37936.06038093556,0.2117968417655651,0.0627361246252009,0.9799039267629324,172.77077174404798,34.48395490865145,0.6294218396715608,1828.6043643951352,6763.414155394986,0.1069214017316354,174,0.6580692821810463,0.1681161864342351,0.1541695206074398,1.0,11.791198484359208,1304,1704,1.5826515627136415,2696.8382628640456,1.307918278420079,-140,709.6816062927221,1.0,16.45079127712588,0.3943599309608947,0.966147859922179,,62.0,Male,TAA,Collagen
03Asc-0024 +coll 60x veh 48h-Zstack cell3,Inference_Raw,0.37,0.172633491500621,0.172633491500621,9318.148195743455,56012.894520192975,59430.8459758752,0.1567897619954119,0.0902561226996486,0.8793234142665816,137.7967423627747,67.48035923011739,0.5260064631449066,4828.661680221504,17708.830544550015,0.0780151163847371,297,0.6101765471066873,0.1640251017998379,0.1002645184683479,0.9991402596328808,18.784748209125592,6997,7053,1.3114629993112723,9249.748534142404,1.3568056948798308,-1800,1730.76480627058,1.0,26.635947050949284,0.4623078419667526,0.9663951433655344,,62.0,Male,TAA,Collagen
03Asc-0024 +coll 60x veh 48h-Zstack cell4,Inference_Raw,0.37,0.14797156414339,0.14797156414339,4612.480329007502,39585.96958902884,37431.45696970866,0.1232247073027412,0.0568907258722073,0.9404140677650336,149.21912046876344,51.08447020780305,0.4285914913311397,2305.980920791618,10841.25302607965,0.0778589334672846,262,0.5531510539744368,0.1541314065814332,0.1113050305632312,0.8309624666952227,11.641253788086347,8454,7141,1.0755462356284289,7680.47566862261,1.3818723163297255,-2031,1387.6667801214676,1.0,16.78613076526251,0.5703304814228556,0.9677111970296054,,62.0,Male,TAA,Collagen
03Asc-0024 +coll 60x veh 48h-Zstack cell5,Inference_Raw,0.37,0.184964455179237,0.184964455179237,11643.840190099108,51600.77523890119,42563.59807082544,0.2735633432757226,0.1263899984143747,0.9636764625561636,169.69174035486992,45.43234682214025,0.5765616507204114,1600.9058727293457,9760.14752749892,0.0678065436690399,923,0.6658748947931212,0.1719305485114666,0.1461976255938417,1.0,2.398266683205297,1384,2195,1.901185653516508,4173.102509468735,1.269978433839519,-11,1789.9461850827895,1.0,25.904053947882115,0.5642089212516405,0.9659139035752832,,62.0,Male,TAA,Collagen
03Asc-0024- DMSO low-cell-1,Inference_Raw,0.37,0.131114044177687,0.131114044177687,1779.3608712683804,33070.24021361199,31729.58422463523,0.0560789217618194,0.0239695721316644,0.9835693580299107,112.33771413265276,20.284755691855825,0.5023783044399518,6895.718275020315,33051.19995364724,0.0530090351731613,649,0.5880133252114654,0.1414901588342914,0.0547976386194536,0.9076188756865788,30.347183394553163,67028,45892,0.9023442212180106,41410.38100013694,1.3680786549394548,-16249,950.7361254503276,1.0,27.077014379909368,0.258902516378836,0.9526698874427972,,62.0,Male,TAA,NoCollagen
03Asc-0024- DMSO low-cell-2,Inference_Raw,0.37,0.207160189800746,0.207160189800746,4215.296602249131,35527.33253108627,69392.37127304057,0.0607458215495051,0.0281301074557834,0.9781346686695004,142.63099384998256,29.679177026465,0.8244219141619757,7590.7858371734355,20239.585933361173,0.0922869571607593,337,0.6611036631885917,0.1586089551195889,0.09506954741832,1.0,85.19552691598926,22212,23570,1.073453832142551,25301.30682359993,1.2968265911976653,-5112,648.8027572631813,1.0,16.313048461757713,0.3649742109690755,0.9765540976554096,,62.0,Male,TAA,NoCollagen
03Asc-0024- DMSO low-cell-3,Inference_Raw,0.37,0.207160189800746,0.207160189800746,2486.172151565543,23151.31352547057,69792.84739494305,0.0356221625046592,0.0194340802967001,0.8209956394598904,85.62483435228395,52.12604169594878,0.8428539316232531,6758.568477630592,20284.23464575408,0.0852240124884831,261,0.648426236094324,0.1754635186405241,0.0876942174654537,1.0,86.56932757450954,19869,21074,1.1116651525967065,23427.23142582299,1.3096476271354869,-3977,1140.7241821289022,0.9064503116951858,14.971142317596897,0.4221868040269284,0.8844785344052792,,62.0,Male,TAA,NoCollagen
03Asc-0024- DMSO low-cell-4,Inference_Raw,0.37,0.115088994333747,0.115088994333747,1683.5073630014772,37947.52808282978,11083.996384231945,0.1518863147047241,0.0657516956880255,0.9893063204006504,112.97959688665036,16.47482906750341,0.4844610702559764,4491.803381178039,18398.575077902475,0.0715561710656237,164,0.4363106223882832,0.1757081058295869,0.0736929934906366,0.738499495427699,136.08169074010144,51817,30379,0.8683917220600542,26380.87212446239,1.3806818266059049,-13300,1088.8655980427875,1.0,33.13049040039513,0.3628264945398629,0.9884683145587528,,62.0,Male,TAA,NoCollagen
03Asc-0024- DMSO low-cell-5,Inference_Raw,0.37,0.138106793200497,0.138106793200497,2232.4008941650213,30654.2953946582,9850.784460703451,0.2266216363854543,0.0495334231207857,0.9958724364064632,158.37249070961457,14.360146616911102,0.6505307240327485,2573.2490539550577,8917.0908347721,0.1018393178673554,141,0.5434473728765531,0.1863402752418438,0.1091974715292172,0.8553129279552047,57.14912414550736,17666,12830,0.975106750847205,12510.61961336964,1.3546133281745592,-4605,562.655639648433,0.6776215597992009,27.072141197930392,0.222365227651688,0.8890376270316699,,62.0,Male,TAA,NoCollagen
03Asc-0024-DMSO high cell-1,Inference_Raw,0.37,0.161843898281832,0.161843898281832,2531.0324854217124,29346.33525805643,32158.92678417688,0.0787038853133324,0.0322921200490642,0.984493060430341,175.5332532847704,30.80215802734984,0.5520713695550235,1428.828982170652,7685.457221257866,0.0798242013647007,133,0.625786983782234,0.1701755113974539,0.0924879330713894,1.0,12.640730556166371,1984,2135,1.5640053000149108,3339.1513155318344,1.3394612039590734,-240,1034.440007060752,1.0,23.406041052603346,0.4310499908566769,0.9753072880968698,,62.0,Male,TAA,NoCollagen
03Asc-0024-DMSO high cell-2,Inference_Raw,0.37,0.184964455179237,0.184964455179237,4750.691658380038,32722.18860028627,42719.80253409332,0.111205843111954,0.042442623295651,0.9620008379853048,125.04099580470526,34.23030558338983,0.6882949069003561,1493.76530732426,5530.387400287384,0.1142659450524563,177,0.7270653705722377,0.1749783217204579,0.1553106638097951,1.0,10.815213542652966,2628,2634,1.1973386081851127,3153.789893959587,1.4170967920242783,-631,874.7196775309816,1.0,14.26680237686579,0.4942687521657028,0.986494974874372,,62.0,Male,TAA,NoCollagen
03Asc-0024-DMSO high cell-3,Inference_Raw,0.37,0.151211817372807,0.151211817372807,3929.890163083607,27344.29962423073,23250.47607763309,0.1690240728818517,0.0683392702433478,0.9848288253630632,156.81584178345722,27.21816449121676,0.5732971904232145,1417.6429686748704,6703.142046738278,0.0910437799885385,96,0.5893031699182848,0.1578516349608973,0.1035695233355839,0.9132373498623412,16.29163502198283,2614,2622,1.3502746862725383,3540.420227406596,1.3308718760521976,-548,1005.1983637131098,1.0,28.38383351603075,0.2752157939765755,0.8970381457794712,,62.0,Male,TAA,NoCollagen
03Asc-0024-DMSO high cell-4,Inference_Raw,0.37,0.207160189800746,0.207160189800746,7538.830804824803,38225.68357564516,52146.91822528828,0.1445690572212741,0.0616386176597741,0.959492526362347,139.26407837106152,39.35397338060067,0.6809744442434663,1363.3114814758253,6271.165350347546,0.0948125733508505,349,0.72120338411913,0.1603436767507784,0.1572407557607007,1.0,4.191628822913523,1150,1527,1.4810329232084212,2261.537273739259,1.3194379195898622,-166,965.09013175964,1.0,14.778593557120008,0.4849228258744351,0.9569275398877468,,62.0,Male,TAA,NoCollagen
03Asc-0024-DMSO high cell-5,Inference_Raw,0.37,0.177059991282688,0.177059991282688,4446.284854043654,29562.11251606572,34873.68291494913,0.1274968538564559,0.0558164743303832,0.9288171697947678,108.79258510488523,40.6996837698282,0.5986812651925782,2195.2454155013115,9941.908140484418,0.0821617657718348,211,0.6650805558672596,0.1668600148507994,0.1077508852370799,1.0,13.295941003906384,3969,4069,1.2572222013878935,5115.637137447339,1.3747811858231702,-793,1754.9946149817038,1.0,17.854291332164124,0.7232899019378437,0.969529582898118,,62.0,Male,TAA,NoCollagen
03Asc46 +coll 60x veh 48h-Zstack cell1,Inference_Raw,0.37,0.14903610777032,0.14903610777032,7170.1338360147,69415.0752793793,42384.36564014078,0.1691693087232173,0.1011534301922213,0.950649818332302,168.0039831026995,52.36934797431361,0.4420316987776329,4262.933005001237,19418.638940743363,0.0654743219136729,358,0.5242963314066236,0.1761750374316688,0.0867087664961486,0.9180194700663816,20.782407484478856,21056,17356,0.9994858207849546,17347.075905543672,1.3926336487154138,-5080,1243.420179311863,1.0,29.601129969995966,0.3146997614899445,0.9670631699381916,,75.0,Female,TAA,Collagen
03Asc46 +coll 60x veh 48h-Zstack cell2,Training_Labels,0.37,0.207160189800746,0.207160189800746,9833.252048492395,57907.50237219045,98983.6150646207,0.0993422198418681,0.0684887905033147,0.9614319947536648,204.22358498358764,56.32791441561628,0.6943189347217336,3744.398546218859,14844.229091612218,0.0785563304321989,543,0.6930539445184445,0.1766548191129399,0.09246819904288,1.0,11.663732081651649,6969,7735,1.1980790925293705,9267.14178071468,1.3310569121172635,-1313,1178.9759159088094,1.0,18.80579251485294,0.5034931384176748,0.9759204006256492,,75.0,Female,TAA,Collagen
03Asc46 +coll 60x veh 48h-Zstack cell3,Training_Labels,0.37,0.207160189800746,0.207160189800746,26772.52979278555,126216.85880220566,102665.52042961092,0.2607743055385494,0.1798919240959248,0.9153149688357372,175.62206372933113,71.70095294773087,0.7584910571779049,3872.952318191514,18227.75363114312,0.0654303245729342,1400,0.737823007513334,0.1755686715745625,0.0877186251623271,1.0,4.836689178158911,5870,6969,1.314423260278276,9160.215700879306,1.3302611011989656,-757,1574.5614051818793,1.0,21.4930983331,0.5069105940892562,0.9825705254605088,,75.0,Female,TAA,Collagen
03Asc46 +coll 60x veh 48h-Zstack cell4,Training_Labels,0.37,0.207160189800746,0.207160189800746,29337.047338485616,118739.42453066456,79268.86360645271,0.370095470071776,0.2395333988052986,0.9367303594130034,162.03055823730747,57.14961109865321,0.8243541573579456,3142.691946029652,14792.847435463184,0.0701401819207134,1377,0.7327263208820879,0.1635218005355072,0.0945902524550218,1.0,4.580752148762044,5878,6716,1.1821327823535686,7939.203766286566,1.341587858114324,-982,1081.6078662872276,1.0,20.93106303757897,0.371041436023762,0.9795933041877588,,75.0,Female,TAA,Collagen
03Asc46 +coll 60x veh 48h-Zstack cell5,Training_Labels,0.37,0.207160189800746,0.207160189800746,3757.498455047594,31155.935552869443,63692.39451885207,0.0589944605385408,0.0349615056740532,0.932839181530013,137.85162321737616,50.09180681409522,0.744888948799563,4373.813438415512,14387.002517949208,0.0898988165498515,124,0.567984760943347,0.1815012880492737,0.100141781910791,1.0,65.25591309390828,10936,11462,1.096602913474097,12569.262594240105,1.348489235918851,-2447,856.3053131103486,1.0,12.046529091501492,0.6440875933790938,0.9716581683212916,,75.0,Female,TAA,Collagen
03Asc46 -coll 60x veh 48h-Zstack cell1,Training_Labels,0.37,0.127092140982052,0.127092140982052,4293.016084608283,48363.69107242397,38695.16955675007,0.1109444960129241,0.0672628973247995,0.9484466126371084,150.5704737178089,47.96402199782926,0.4555483210051593,2481.547596897068,14446.194309943592,0.0613591138301031,369,0.5728985015514817,0.1454986301322969,0.0670140746976835,0.8468796209531044,15.11608239040086,18225,12911,1.0020409369838852,12937.35053739894,1.3913323011436682,-3556,1116.258647849336,1.0,38.20501400347546,0.223090891340684,0.9528323062482144,,75.0,Female,TAA,NoCollagen
03Asc46 -coll 60x veh 48h-Zstack cell2,Inference_Raw,0.37,0.207160189800746,0.207160189800746,17826.57823562616,60241.5808213855,107142.7014112469,0.1663816387007289,0.0904577184370426,0.9490011059103846,190.77104260972743,60.43951633805683,0.914118779653028,6747.9138851165535,24393.245043746345,0.0707936384759776,359,0.6216205287186436,0.1724986478087035,0.0798324679130055,1.0,29.06359187487888,13517,14499,1.1697281876369443,16959.888992548054,1.3140526169155398,-3254,1299.7332572936966,1.0,13.912764556411648,0.438688703152057,0.9701214814814816,,75.0,Female,TAA,NoCollagen
03Asc46 -coll 60x veh 48h-Zstack cell3,Inference_Raw,0.37,0.207160189800746,0.207160189800746,13605.81936836238,52410.67802363371,67923.96676540356,0.2003095522285129,0.0937582954537248,0.932490379967311,158.12973278746483,57.610208854504194,0.8037186910414698,7319.609785079931,26853.5384299468,0.067890325470375,162,0.6279558381988477,0.1741092078536742,0.0728748954389003,0.905332097811764,71.04721485989741,13685,14460,1.1845049745507856,17127.94193200436,1.3447704617536398,-3193,1632.0898532867377,1.0,17.20292831248002,0.4559230911421646,0.9746626587139784,,75.0,Female,TAA,NoCollagen
03Asc46 -coll 60x veh 48h-Zstack cell4,Inference_Raw,0.37,0.207160189800746,0.207160189800746,16551.615715026797,56309.853812516594,78516.7938709257,0.2108035096572602,0.1157183221675887,0.8476825353256257,138.52265486738565,76.89162626740973,0.7176684553471055,6444.091272354103,23289.62204076907,0.0719056151360073,325,0.6277026254598489,0.1798110669778829,0.0825299103233417,1.0,30.375235710503816,13640,14787,1.168345008435238,17276.317639731864,1.3061727896436737,-2791,2416.2106990814123,1.0,18.884329117152987,0.4275816878256991,0.9818112603719044,,75.0,Female,TAA,NoCollagen
03Asc46 -coll 60x veh 48h-Zstack cell5,Inference_Raw,0.37,0.207160189800746,0.207160189800746,14291.65120124812,60888.67638028618,100668.5359239576,0.1419674088837813,0.0723771968000226,0.894332575053661,172.25348344104384,78.7251234054401,0.7915406506468327,6935.631608962988,24740.291540893817,0.0710891502315467,330,0.669981437737512,0.1544610760678555,0.0754070104123846,0.973300617785241,41.49183970011623,16679,17309,1.1057461133835604,19139.35947655605,1.3381088095026523,-3650,2003.34920883178,1.0,16.736508548203265,0.45561700088308,0.9765926155275176,,75.0,Female,TAA,NoCollagen
03Asc47 +coll 60x veh 48h-Zstack cell1,Inference_Raw,0.37,0.207160189800746,0.207160189800746,10272.726202011072,66265.0604619098,63086.80558204634,0.1628347814924798,0.0645284874454159,0.9498621880268486,169.44609563954728,53.23347678330477,0.6577745106324856,6935.980939865088,21990.91312479946,0.079979641962455,243,0.5683570758547146,0.1623871363131222,0.1268198245761111,0.8980419509360895,33.50308874379022,12427,13340,1.0964151899885224,14626.178634446887,1.3571253438398294,-3560,1643.379592895502,1.0,20.76182693642412,0.416888359969376,0.9821216750965563,,68.0,Male,TAA,Collagen
03Asc47 +coll 60x veh 48h-Zstack cell2,Inference_Raw,0.37,0.207160189800746,0.207160189800746,24010.052776336583,87391.25030625425,97555.06339073156,0.2461179557658687,0.1230449118558445,0.9545035056391784,169.92490262339277,50.8673257349226,0.8241050473861463,6063.114166259745,26058.03824870239,0.061707730085843,481,0.5943390268947709,0.169563849824885,0.0961837471600734,1.0,15.152148485183666,9026,9923,1.2393742536055448,12298.31071852782,1.3538687008850443,-2020,1209.2247962951617,1.0,13.123683866622738,0.4759673927550286,0.9373099789515146,,68.0,Male,TAA,Collagen
03Asc47 +coll 60x veh 48h-Zstack cell3,Inference_Raw,0.37,0.207160189800746,0.207160189800746,7977.622175216647,43662.10995094641,61315.79582691177,0.1301071292907403,0.0572984334513338,0.9606805016239066,166.38401853179073,46.330523877279376,0.6998810097444186,4033.866834640489,14922.060675420413,0.0821239243801453,218,0.587693609975547,0.1704709418425154,0.1145173811109703,0.9061149181457157,25.19876629114142,9138,9626,1.0990855805666515,10579.797798534588,1.3474142723590752,-2205,1442.2126293182323,1.0,16.417766558320334,0.4622137114835901,0.9250504145193816,,68.0,Male,TAA,Collagen
03Asc47 +coll 60x veh 48h-Zstack cell4,Inference_Raw,0.37,0.168422918537191,0.168422918537191,12375.019761084774,67418.03138209914,49111.205907938645,0.2519795540000046,0.1425537455849271,0.9521896689795476,168.9433008475653,51.838846753498885,0.5205719713865729,4798.626772070915,20581.596362072683,0.0668471736251018,464,0.5813367868778269,0.1734939536325675,0.0928007423112075,0.9056914292904868,16.197251961530274,17107,15091,1.085186381818715,16376.54768802623,1.3724287557574837,-4542,1579.481813611174,1.0,30.7841259624949,0.2531276654802795,0.9817785882013408,,68.0,Male,TAA,Collagen
03Asc47 +coll 60x veh 48h-Zstack cell5,Inference_Raw,0.37,0.207160189800746,0.207160189800746,9051.513004302948,44619.57722170854,48251.99246406543,0.1875883780559705,0.0723594552876901,0.930247865886438,148.2755198089913,54.91130908101656,0.6933784788968429,5001.735734939558,15238.85744579571,0.0928137270988923,262,0.6386799605441307,0.1758060511805261,0.1099508177929934,1.0,26.87662493798032,10623,11623,1.1267291159138175,13095.972514266305,1.33033340041716,-2746,1457.7260971069286,1.0,14.331767759544611,0.7842972881895852,0.9614515332134936,,68.0,Male,TAA,Collagen
03Asc47 -coll 60x veh 48h-Zstack cell1,Inference_Raw,0.37,0.180139295478909,0.180139295478909,12941.068025527573,53086.01842857158,45848.867456042746,0.2822549114857575,0.1263570837049604,0.9616433647100808,169.1782138549953,46.53295562629441,0.7035208150282293,7802.271779858925,26781.90494996256,0.0710324361424115,256,0.5550034160055052,0.1397206958108201,0.0769821887651665,0.8969969276713593,58.20637574244374,31605,28551,1.0286515661507845,29369.030865171047,1.3380353096520086,-7963,1172.4287079953406,0.6870806202325122,20.9146302296028,0.3685693326929479,0.8545798253137525,,68.0,Male,TAA,NoCollagen
03Asc47 -coll 60x veh 48h-Zstack cell2,Inference_Raw,0.37,0.175559482881988,0.175559482881988,6418.593825022713,31400.286593480407,28558.70518935056,0.2247508695673004,0.088494041919604,0.9522271510095046,139.21135815941614,42.69776183264381,0.5436401332123549,955.3777318821273,5414.664836481769,0.0866355136909352,366,0.6263293754756916,0.1615917171189322,0.1415463905452444,1.0,3.713190328694713,1298,1644,1.565026762822593,2572.9039980803427,1.345540518444073,-33,528.3617350055829,1.0,23.15053284314762,0.5280673070508674,0.9720706731576296,,68.0,Male,TAA,NoCollagen
03Asc47 -coll 60x veh 48h-Zstack cell3,Inference_Raw,0.37,0.175559482881988,0.175559482881988,7889.013631492428,35077.94058215412,47636.32480250913,0.1656091997902595,0.0789170659365731,0.9109872284453184,120.23043976419814,50.33876388190287,0.6243014486214067,3985.0416898521744,16725.67577920091,0.0726756676223718,233,0.5485048120869829,0.1645371518719076,0.0788668363342366,0.9691556279481256,40.63355204867102,14195,12067,1.0693214950905006,12903.50248125707,1.392115444827562,-3651,1231.817704649768,0.7068933028538918,20.729485956512168,0.6410799715013982,0.8972204910881216,,68.0,Male,TAA,NoCollagen
03Asc47 -coll 60x veh 48h-Zstack cell4,Inference_Raw,0.37,0.17408419310987,0.17408419310987,10244.409981256014,32895.91521006797,28687.856483742005,0.3570991784297907,0.1245015153497296,0.9909337136873166,191.2133546866072,25.68442626612068,0.6957357618189571,4508.272822517202,16913.62259800329,0.0780286839440904,170,0.5813773556783605,0.1581603496351502,0.0835866032849507,0.8677429267650009,54.95856208513898,15516,13190,1.0504730060621743,13855.73894996008,1.3945077989922638,-4162,1027.9484130544636,0.8180052149956345,27.169290313026565,0.2755633697847388,0.9063419483101391,,68.0,Male,TAA,NoCollagen
03Asc47 -coll 60x veh 48h-Zstack cell5,Inference_Raw,0.37,0.207160189800746,0.207160189800746,10943.79086494442,45049.84635336692,53657.80348777763,0.2039552526118076,0.1002608303511681,0.9442316298479284,164.08949916394434,54.35165196449941,0.648206061273582,4644.497251510604,17820.583092480007,0.0755419204104065,398,0.6234824586175215,0.1666217679680422,0.1030868626967139,1.0,15.367352409867996,9474,10050,1.131477441898663,11371.348291081564,1.360858918544032,-1985,755.0152301788304,0.4461139712917544,19.967378355629386,0.5332179663734864,0.7851876788419457,,68.0,Male,TAA,NoCollagen
03Rt-0045 +coll 60x veh 48h-Zstack cell1,Inference_Raw,0.37,0.158137549466218,0.158137549466218,4412.534638278053,38590.519993611495,48274.94816057337,0.0914042335913229,0.0497149838831413,0.9597853337042366,139.46020914438532,39.26723977645137,0.7116833126940874,10282.361933237584,57021.71147642909,0.0401025941726361,1711,0.5714909768103346,0.1604673425989168,0.0426142843126876,0.9806116393226824,20.67669341843865,68178,55607,1.0005209841950595,55635.97036813468,1.3437607352024157,-13790,1083.0181391462347,1.0,21.3136837770206,0.3364198218888906,0.987246963562753,,75.0,Male,TAA,Collagen
03Rt-0045 +coll 60x veh 48h-Zstack cell2,Inference_Raw,0.37,0.207160189800746,0.207160189800746,16574.322223663272,79445.62168238674,126087.33966350526,0.1314511216423146,0.0689912489424703,0.7944185190181381,125.36575757700383,83.18947811402587,1.017177786862424,22231.78381919853,94856.57276095898,0.0403087721343733,847,0.6368200511170469,0.1616299482070441,0.0411000856938597,1.0,95.3257654869502,85119,86267,1.0444008730954066,90097.33011932144,1.2955161278588527,-15343,2160.294055938713,1.0,11.966398108773417,0.4839776775535601,0.9843716084219664,,75.0,Male,TAA,Collagen
03Rt-0045 +coll 60x veh 48h-Zstack cell3,Inference_Raw,0.37,0.14092529918418,0.14092529918418,7034.0725741053575,76572.9326545676,28732.730864683646,0.2448104430877877,0.1210312412917295,0.9161723827735192,110.35238259771718,44.82017943155354,0.6245141827229407,12223.67904326241,46133.70146226815,0.0556246274981083,1424,0.5686281810757334,0.141980099314285,0.0584493209871512,0.9873084835902451,36.32674473322716,93833,66812,0.9591092011701232,64080.00394857826,1.3411472122449049,-23442,1426.016772999833,1.0,25.2943833069235,0.3527064012237046,0.9855416914240442,,75.0,Male,TAA,Collagen
03Rt-0045 +coll 60x veh 48h-Zstack cell4,Inference_Raw,0.37,0.190055220000684,0.190055220000684,12060.898581033473,66748.02054055934,94323.73611967696,0.1278670574046254,0.0648385086884348,0.8774217632669666,124.39568024750912,61.41235037706853,0.9716899624317455,9844.846792086946,49961.20986470531,0.0444621526823389,916,0.5493313131174162,0.1639398892566431,0.0467280918085299,0.9058157596362242,61.02451339696979,49562,43141,1.044697021548899,45069.27420664106,1.3390768139842315,-10424,2052.186404541966,1.0,10.151070667392624,0.6803221973583782,0.9870410367170628,,75.0,Male,TAA,Collagen
03Rt-0045 +coll 60x veh 48h-Zstack cell5,Inference_Raw,0.37,0.13903368443003,0.13903368443003,1860.475181475434,32226.59388511876,32200.6204730616,0.0577776190068098,0.0312147502819977,0.8269948741345462,84.16408483829709,50.22295205652895,0.6219337021684564,4967.656480713416,21047.13257950485,0.0668947792945674,605,0.6019720500850881,0.133056396565322,0.0698440555623211,0.8980865716983601,23.964928837076027,41993,29246,0.9302859781745288,27207.143717692263,1.362996438374655,-10685,618.8972163514936,1.0,16.318801118234905,0.483538831834306,0.983631155367617,,75.0,Male,TAA,Collagen
03Rt-0045 -coll 60x veh 48h-Zstack cell1,Training_Labels,0.37,0.165728151840596,0.165728151840596,7255.707000732328,45566.30668827366,44282.28607177678,0.1638512291116049,0.0948353084629055,0.8286564111766818,94.14098762944474,55.86214018060097,0.6574075945509807,16488.255981445098,104246.15355462326,0.0300520359161831,2604,0.5530358148521396,0.1594398703299394,0.0309715464719658,1.0,44.09039241187317,107948,85461,1.0124068836841076,86521.30468652752,1.3527853420966278,-20804,1099.4142150878763,1.0,17.97289290805604,0.5433177406599213,0.9857672647088304,,75.0,Male,TAA,NoCollagen
03Rt-0045 -coll 60x veh 48h-Zstack cell2,Training_Labels,0.37,0.165728151840596,0.165728151840596,9805.614257812373,100685.04566070969,60749.712615966055,0.1614100517610562,0.1026962753314626,0.9795800847588708,165.41750565071277,33.2785618511676,0.6487041817159902,18914.680480956788,76697.59256117238,0.0447612011155527,1158,0.5626564943946364,0.1503906600953766,0.0463494359738192,0.9315536004250587,47.718922008167,108511,87664,1.0179842964222463,89240.57536155982,1.3329938451781491,-25388,1677.6826171874782,1.0,26.744191317319416,0.374034631844193,0.9867192636423404,,75.0,Male,TAA,NoCollagen
03Rt-0045 -coll 60x veh 48h-Zstack cell3,Training_Labels,0.37,0.207160189800746,0.207160189800746,14454.296493530224,68813.72099953599,113191.65179729433,0.1276975489271527,0.0832420863888943,0.9408466379155668,149.88368510638705,51.11396661667537,1.1248484583430705,30172.472190856828,173763.8460510815,0.0269731686412563,1008,0.5914875677012106,0.1716668198620865,0.0270499377694718,1.0,436.9250504866875,141349,134316,1.0279401047676109,138068.8031119664,1.317712548171168,-22371,1009.80448722839,1.0,8.79179359899043,0.5417687761868176,0.9140627245810216,,75.0,Male,TAA,NoCollagen
03Rt-0045 -coll 60x veh 48h-Zstack cell4,Training_Labels,0.37,0.207160189800746,0.207160189800746,10752.532196044884,62486.02660882971,111606.1235189435,0.0963435684084108,0.0442246603970741,0.925354425686165,125.16366472447883,47.949129540242176,0.8714097672082609,23785.87760925285,101374.90272704532,0.039454795245476,482,0.6873802923530178,0.1354459368305983,0.039627213793453,0.9584407068669408,270.1701017943286,96971,97070,1.0275209513325192,99741.45874584765,1.3056874955907012,-18297,1545.8051204681342,1.0,9.328966147345517,0.4827700857773017,0.933634471713132,,75.0,Male,TAA,NoCollagen
03Rt-0045 -coll 60x veh 48h-Zstack cell5,Training_Labels,0.37,0.172633491500621,0.172633491500621,6296.5792417525545,38925.72282269891,52264.14461930535,0.1204760794923011,0.0643089141559752,0.9234553007627446,147.2309465763945,57.12555379109829,0.6629926698625512,9761.141240596662,47949.73596288743,0.0460643523019085,1152,0.5984205938678521,0.1551506838092201,0.0479089386710785,1.0,31.932880643938056,49484,41712,1.0259726799124869,42795.37242450965,1.3473532166775684,-10641,817.9724216461091,1.0,19.469236441024616,0.4067147909287639,0.9283738626550356,,75.0,Male,TAA,NoCollagen
01Asc-0231/+Col/01Asc-231 +coll Cell 1,TAV-NA,0.37,0.19,0.19,20703.189716,4161.584779703813,28052.51610083334,0.7380154294033177,0.2372947575823916,0.9669856418073206,160.2298817448689,40.91201521795168,0.6894080799368296,4321.269997,12024.989752536483,0.10669408527044,173,0.698866902580388,0.1429423736576464,0.1251311655422037,0.9364506717843376,26.34708972560976,184,456,4.972828864956586,2267.6099624202034,1.1820720866285652,62,910.974114,0.2985907771635381,29.822211193071823,0.4387390864781598,0.9717599452866752,0.7850997547716245,60.0,Male,Healthy,Collagen
01Asc-0231/+Col/01Asc-231 +coll Cell 2,TAV-NA,0.37,0.19,0.19,8932.133111000001,9795.885060896891,46989.83695333333,0.19008648869905,0.1110252757688655,0.9263459601679688,157.94489394489725,60.11302751259845,0.4091158080578773,2711.0836470000004,12501.660774900356,0.0752104797596904,219,0.6459892469031181,0.1654662568192718,0.08395094782971,0.960174063996294,14.113757531250004,405,996,4.287357084754364,4270.207656415346,1.1568659086062425,136,666.9951520000001,0.2796473638013639,31.010569839064765,0.4912684576479427,0.9563901710302032,0.7790103034357472,60.0,Male,Healthy,Collagen
01Asc-0231/+Col/01Asc-231 +coll Cell 3,TAV-NA,0.37,0.19,0.19,15373.332649000002,6589.387090416055,54385.79930366665,0.282671815912128,0.1620171223726837,0.9432164950693892,209.6787874649937,70.08174569886822,0.5417293895626621,11861.897562,27930.28278287365,0.0900557756536522,78,0.6559438043047465,0.1555965347890764,0.1015915821547144,0.8763308535058365,208.0931553333333,413,899,5.287704109589462,4753.645994520926,1.1611868160541252,133,2217.5825680000003,0.2095146271215614,48.09599995450765,0.3620503329423105,0.9403253106551624,0.7421585528304113,60.0,Male,Healthy,Collagen
01Asc-0231/+Col/01Asc-231 +coll Cell 4,TAV-NA,0.37,0.19,0.19,6772.960704,5835.031388586281,42762.08821799998,0.1583870429683327,0.0551975180972078,0.9824470815196586,169.60361599043995,31.651318535158744,0.6046462272574531,4079.909007,10608.45517304862,0.1163944565945036,59,0.6835522749984131,0.1554483117026119,0.1247049008707516,0.8974078281563616,72.85360983928571,147,329,6.356247598800554,2091.205460005382,1.1690105956481465,47,750.6634,0.4095414066483968,18.89940033829992,0.3085418164367124,0.9619169875909284,0.7815573593104762,60.0,Male,Healthy,Collagen
01Asc-0231/+Col/01Asc-231 +coll Cell 5,TAV-NA,0.37,0.19,0.19,11247.181708,3725.579542382142,65457.409925166656,0.1718244232525881,0.1049844302012204,0.9620703252666678,188.87410728855184,51.66380654863272,0.7184628813043837,3547.846269,10498.658193955544,0.1071503325889688,133,0.717848153184482,0.1624656663023594,0.1210098327878148,0.956221210106133,29.07567087704919,187,430,5.148414634734946,2213.818292936027,1.1499126753019937,63,687.938928,0.3601644421154111,19.8236560023111,0.497585036334797,0.9702541303242092,0.8385585797824577,60.0,Male,Healthy,Collagen
01Asc-0231/-Col/01Asc-231 -coll Cell 1,TAV-NA,0.37,0.19,0.19,12981.828584,8357.462097104062,48014.09178433332,0.2703753856745007,0.1370895509967115,0.9641154119720884,176.4861190923702,46.96894745955718,0.4752557670278158,5018.318399000001,18267.85944884028,0.0775952740703457,212,0.6176380122759957,0.1396731926422734,0.0886970002067904,0.8630627908751153,31.352552175000007,342,875,4.255647932943374,3723.691941325452,1.1529124982314072,105,1761.708158,0.246781212108492,43.38866820364551,0.3934273716746989,0.9820702595642656,0.8237410156221975,60.0,Male,Healthy,NoCollagen
01Asc-0231/-Col/01Asc-231 -coll Cell 2,TAV-NA,0.37,0.19,0.19,11058.687724,3494.363538306355,43192.67560083332,0.25603155095552,0.1104669345843273,0.987738053474211,185.58365874568003,28.97441376687992,0.6541196330077036,3705.699295,9930.173811445013,0.1166202740270559,92,0.7018121044860005,0.1466016671579495,0.1347569696336576,0.9072347329401264,42.59178831034483,135,340,5.262170710485627,1789.138041565113,1.1866736494997785,46,692.1998110000001,0.3324990934992042,20.510668516185536,0.5039699141260849,0.931131159915172,0.810788106372511,60.0,Male,Healthy,NoCollagen
01Asc-0231/-Col/01Asc-231 -coll Cell 3,TAV-NA,0.37,0.19,0.19,26611.912449000003,12539.748536314872,117256.19430250002,0.2269552803355192,0.190750360943777,0.8607635308155172,209.2917954731957,110.60487376428,0.6359454037874376,9404.810627,28102.16240750249,0.076673347020206,322,0.672816464072352,0.1508707152696048,0.1192388410893082,0.9258361715000883,30.833255006557373,497,1249,4.75487371910824,5938.837275166193,1.1806998450993846,154,1357.498624,0.3308598118646505,21.114913520147304,0.3479108797422633,0.9503423608814416,0.7779905442554105,60.0,Male,Healthy,NoCollagen
01Asc-0231/-Col/01Asc-231 -coll Cell 4,TAV-NA,0.37,0.19,0.19,10584.434082,12008.175323105144,64809.14796566669,0.1633169762948775,0.1094534028891214,0.9524618747683956,234.68489174603417,71.80959718870079,0.4686276603660027,3840.084072,12750.320958122313,0.0930086831832169,419,0.6773221743236632,0.1645492031609605,0.1465365872560071,1.0,10.51148327123288,293,795,4.286826087976321,3408.026739941175,1.186115990338206,88,1101.217865,0.272420114878995,27.86104058046918,0.4184717971596284,0.968491877753304,0.83812208200286,60.0,Male,Healthy,NoCollagen
01Asc-0231/-Col/01Asc-231 -coll Cell 5,TAV-NA,0.37,0.19,0.19,16039.593166,5421.054231754411,57067.97840266667,0.2810611767745833,0.14628837877453,0.97291869352541,193.22290393458013,44.72205553372326,0.6513665823158492,5059.658314,15025.70456609943,0.0948556938484983,218,0.6677435576098291,0.1533978843758752,0.117006649985396,0.9435114005271384,25.54897277777778,222,598,4.900680086875413,2930.606691951497,1.1993390797142018,55,711.0598950000001,0.3337346271162915,21.23348217371164,0.4696311414203868,0.9343243765027996,0.6904204094479235,60.0,Male,Healthy,NoCollagen
01Asc-0232/+Col/01Asc-0232 +col Cell 1,TAV-NA,0.37,0.19,0.19,14754.489482,12387.884153878327,108311.2674116666,0.1362230341735502,0.08813171543716,0.8557031583088032,138.7391443114389,74.7545028511938,0.5678226925888009,2097.543209,6850.29531486874,0.1156774680545512,186,0.6812018605330017,0.1390601133140973,0.1675066016514352,0.8721720429612686,15.523307518518518,77,228,4.955022160696907,1129.7450526388948,1.213195644492941,12,1928.764157,0.3631033842866318,17.762362653758117,0.5794729790188895,0.9200387382049175,0.66861751900583,49.0,Male,Healthy,Collagen
01Asc-0232/+Col/01Asc-0232 +col Cell 2,TAV-NA,0.37,0.19,0.19,21250.733217,8946.893790901418,130603.77316516674,0.1627114799365365,0.1269351660724338,0.8732530217530794,168.50019041347005,84.67965619727117,0.632107430565824,14429.006106,33135.63663441498,0.0864993977116767,760,0.5907443064685407,0.1260216725526449,0.0975488004596187,0.8198845956050137,39.92522,441,1284,4.211047775798543,5406.98534412533,1.1780859525156335,92,3438.6661510000004,0.2997853611823975,29.43621612332024,0.4146318788169241,0.933660942571672,0.7436797748315206,49.0,Male,Healthy,Collagen
01Asc-0232/+Col/01Asc-0232 +col Cell 3,TAV-NA,0.37,0.19,0.19,33060.070984000005,13178.63894088036,100993.39676183336,0.3273488370924247,0.2632998154537977,0.9019806445793516,214.25605850922287,94.22295930441145,0.5513687120347311,17845.259211,55882.70861273428,0.059095614127024,416,0.6242613071808856,0.1425780970054799,0.0830429015054732,0.8841380844703036,62.38064600699301,1313,2911,4.046202179680208,11778.494545049083,1.1612720204872162,441,5238.708899,0.2010806172612948,31.606507846065902,0.3887406464443815,0.9723968480320284,0.8397684107095974,49.0,Male,Healthy,Collagen
01Asc-0232/+Col/01Asc-0232 +col Cell 4,TAV-NA,0.37,0.19,0.19,30582.935192,15228.323776704749,93815.56312616669,0.3259899975324022,0.2435712009204758,0.8968117434155828,218.13379143508325,98.48826991766506,0.5188075327934099,19290.526682,54273.28935988572,0.0640905557435525,529,0.5957506454595434,0.1436958152759865,0.109160451709897,0.8347770157418171,53.12299676859504,846,2089,4.427664649393369,9249.39145258275,1.2015895056510009,199,3616.581391,0.1821265709778541,26.10738898782859,0.7120461137319403,0.8142293886549278,0.4956213962964061,49.0,Male,Healthy,Collagen
01Asc-0232/+Col/01Asc-232 +col Cell 5,TAV-NA,0.37,0.19,0.19,22624.180099,7422.282934677958,104311.36238233332,0.2168908504528528,0.1351390574995244,0.9109571935941788,202.8916101532128,84.968060913158,0.5768330183380173,10328.420463,26879.828720943555,0.0853257734559931,485,0.5829954384400338,0.1261874470946384,0.1009957820760651,0.7850535000602218,37.39055014855073,317,890,4.540321126031045,4040.88580216763,1.1673383279600975,70,2575.76388,0.2838390816362851,35.57545348240352,0.3245020994033578,0.907149375758545,0.7492672058373823,49.0,Male,Healthy,Collagen
01Asc-0232/-Col/01Asc-0232 -col Cell 1,TAV-NA,0.37,0.19,0.19,23153.785149000003,8865.532657336738,120308.71180966664,0.1924531050222717,0.1383025015222827,0.8671443439077966,164.44644542453756,84.73890017840462,0.6349833106945549,14541.258334,38002.06475151659,0.0758132167666348,516,0.6008052931990869,0.1265700764753888,0.0884244281259181,0.8708821726760844,43.38552958208956,606,1622,4.064384151781852,6592.431094190164,1.1715244304460508,154,4852.0504630000005,0.2728099202845176,27.94538209688135,0.4842043301399246,0.9544498307875242,0.7466170743473775,49.0,Male,Healthy,NoCollagen
01Asc-0232/-Col/01Asc-0232 -col Cell 2,TAV-NA,0.37,0.19,0.19,11382.234335,5211.680834624969,64419.79586799996,0.1766884570439013,0.113599582584139,0.9375153669415331,168.42146552327995,59.03797473818938,0.6470934501051989,7564.923948000001,18328.002220690472,0.1016807419542723,197,0.6123196331567367,0.134091215272209,0.135819477109245,0.8768541154111587,52.88587393006993,229,685,4.147255231732137,2840.869833736514,1.2004046907047816,43,732.911947,0.3631044444897397,28.02257699098737,0.2072199244846075,0.8696672693247058,0.4689276020162012,49.0,Male,Healthy,NoCollagen
01Asc-0232/-Col/01Asc-232 -col Cell 3,TAV-NA,0.37,0.19,0.19,36354.828817,11150.15168804684,129404.6351331666,0.2809391547651155,0.2171551534856765,0.9014698069656388,255.372287039769,112.60425223238543,0.5315799207353987,20807.000320000003,63449.505033369125,0.0576583489062925,846,0.5903740476910738,0.1367663438147913,0.0737436558829979,0.834569239714674,41.422185605577695,1273,3309,3.926160429249071,12991.664860385175,1.1826911636350776,308,2005.206268,0.3219870700825243,14.454121771507667,0.6808537069235112,0.9377987507826698,0.714110832857101,49.0,Male,Healthy,NoCollagen
01Asc-0232/-Col/01Asc-232 -col Cell 4,TAV-NA,0.37,0.19,0.19,32154.359528,24799.954237410173,92819.00848699998,0.346419985002355,0.2880972805710762,0.8652077332944522,221.4653902366696,115.01212639566364,0.4803267748754457,16934.672450000002,57140.570289515046,0.0558115505140953,652,0.6296055452544149,0.1575002179428743,0.1030031491442644,0.9191020022146672,37.04243908096281,1204,3096,4.093948455539384,12674.864418349933,1.168142991542468,300,7849.574975,0.1549691894720339,28.617162554323205,0.4866357042831767,0.9519300390239314,0.7927706744842998,49.0,Male,Healthy,NoCollagen
01Asc-0232/-Col/01Asc-232 -col Cell 5,TAV-NA,0.37,0.19,0.19,31316.568417,14498.987268431778,92979.40156916669,0.3368118947690133,0.2244726582695379,0.8933464679122884,194.8160239935885,89.46807989228216,0.5372821704872974,18792.136941,55901.00001740802,0.0611479628568116,566,0.6218369807971037,0.1305186551031191,0.0892738569770714,0.864957578398571,44.94416404545455,1129,2716,4.025440285525024,10933.095815485964,1.1809349325849303,322,4710.920401,0.2367901974349306,31.14123207199874,0.3813653287067971,0.9619299235623044,0.7483341492466589,49.0,Male,Healthy,NoCollagen
02(03)Asc-0047/+Col/02Asc-0047 +col Cell 1,TAV-ATAA,0.37,0.19,0.19,15472.962512,13786.643110122444,138064.657214,0.1120704083451055,0.0924233082236459,0.840062791841411,193.1447484273669,110.18582820728652,0.6422953232716777,21241.450102000003,47094.13534372728,0.07876018688889,456,0.5893944923227679,0.1607212024316842,0.1081670903824453,0.8760923810855478,87.0257817622951,829,2214,3.8611975150255993,8548.691298266676,1.1720527103387104,196,6727.78733,0.23915006306281,23.76407860177896,0.4003249645736716,0.9418903522763524,0.6750435517114789,40.0,Male,TAA,Collagen
02(03)Asc-0047/+Col/02Asc-0047 +col Cell 2,TAV-ATAA,0.37,0.19,0.19,21611.171862000003,4904.575341367178,120524.57206050002,0.1793092602822251,0.1191582858875033,0.903696518816983,201.72037815940925,87.91069189355547,0.8267418193948789,10739.255069,35643.737540505805,0.0660415096588202,808,0.641199017222424,0.137299791429653,0.0821372726967169,0.8936326247557719,33.292903239130446,820,2105,3.618813121860301,7617.601621515934,1.163167826304644,268,1425.218614,0.4165355482991859,14.238218906041128,0.4627245586938782,0.9548803363811836,0.7935436915854122,40.0,Male,TAA,Collagen
02(03)Asc-0047/+Col/02Asc-0047 +col Cell 3,TAV-ATAA,0.37,0.19,0.19,24199.157397000003,4396.404768110306,91656.04788950004,0.2640213925236484,0.1405805816835332,0.949486104912498,180.1976478573031,56.81684156621738,0.9948021579406536,15726.758869,38063.1069273468,0.0797515945055485,370,0.6678629912593929,0.1407198602038557,0.0912856617689705,0.9385651315413096,98.23814708125,638,1496,4.151766554023508,6211.042764819169,1.1606856342242988,184,1448.686863,0.3671080329319435,17.38849485891307,0.3354462913250212,0.9274331116645228,0.7821246904395575,40.0,Male,TAA,Collagen
02(03)Asc-0047/+Col/02Asc-0047 +col Cell 4,TAV-ATAA,0.37,0.19,0.19,17723.857438000003,6325.02680888477,108689.8315056666,0.163068220756934,0.1025406620607881,0.937092861075966,218.68822761001448,76.91617860598272,0.862378946686944,15985.630886,38509.62238338491,0.0796895519296889,426,0.6707719832070592,0.1229479731492975,0.0882618623747195,0.8531458870849621,76.81353834615386,639,1490,4.263805909347091,6353.070804927165,1.160053976626032,188,2719.952695,0.3230479455605253,16.45532214859338,0.4699947630518052,0.93843931438731,0.8412731431515215,40.0,Male,TAA,Collagen
02(03)Asc-0047/+Col/02Asc-0047 +col Cell 5,TAV-ATAA,0.37,0.19,0.19,14992.003656,3349.3503765791543,77825.11926783336,0.1926370790953158,0.0843933556495926,0.9898789842051298,207.03310690496528,29.3671610773028,1.0649623974669842,10975.420186,25503.472369711228,0.0936480877106066,797,0.6495694396157657,0.1170860072061111,0.102112675674523,0.8908275334261739,26.159764195704064,409,1202,3.792738203436705,4558.87132053092,1.178519838398303,112,1459.986885,0.4331564695546958,16.168653827627548,0.2838479787963755,0.9160758187264536,0.588904673803773,40.0,Male,TAA,Collagen
02(03)Asc-0047/+Col/02Asc-0047 +col Cell 6,TAV-ATAA,0.37,0.19,0.19,11342.149978,7391.524430090307,85003.02859316676,0.1334323043039407,0.0719814797861122,0.9498960545874374,190.3725974742221,59.78857630978478,0.6734775105329676,16261.813575,39879.28553940133,0.0778363999151443,546,0.6771140544644433,0.106844535496697,0.0805927531967491,0.9131947540078608,50.63010380062306,683,1667,4.08211173794455,6804.880267153565,1.1576158847660298,204,2696.003594,0.3304708852501113,21.3158537224335,0.508977198717944,0.9433544274216916,0.7854786137731734,40.0,Male,TAA,Collagen
02(03)Asc-0047/-Col/02Asc-0047 -col Cell 1,TAV-ATAA,0.37,0.19,0.19,18587.895054,10878.87767136286,109480.60152433344,0.1697825440780813,0.0951681130860515,0.9124396518665988,185.96450701537688,77.2181440553093,0.6749822227609372,3678.130447,14653.50549082758,0.0786370738875471,897,0.5247698119954457,0.1329943015087429,0.0946187796263334,0.8162350896846385,19.7430178,350,978,3.546562203617365,3468.537835137783,1.1393877451498096,76,2043.567572,0.3836563553248143,13.692347185182394,0.3958970792325534,0.973832804156444,0.8654173475350913,40.0,Male,TAA,NoCollagen
02(03)Asc-0047/-Col/02Asc-0047 -col Cell 2,TAV-ATAA,0.37,0.19,0.19,14392.234285,2626.415385702535,139036.04058666667,0.1035144141351518,0.0771597025852784,0.9848655880825872,200.2909664181444,34.71569042224446,0.9844046954077608,9369.468005,23252.27290342241,0.0924333446481306,235,0.6896114835509017,0.1256092702844386,0.0963578858677827,0.9321326332580552,73.74094697637797,410,990,3.863573770305833,3824.938032602775,1.162466159058373,124,1649.522715,0.3834229022130961,16.56678155796423,0.3947649050708391,0.9303769161962924,0.7373107011903749,40.0,Male,TAA,NoCollagen
02(03)Asc-0047/-Col/02Asc-0047 -col Cell 3,TAV-ATAA,0.37,0.19,0.19,27635.526144000003,12083.368510959805,123663.17320649997,0.2234741793165261,0.1523749820669639,0.8432397641167847,176.26455000299785,99.4263511341647,0.6715073608361282,29098.411498,69707.49272526948,0.0656322837863299,331,0.6140613649387869,0.1522754631978095,0.0810243066933018,0.906711796918132,184.1293729050633,1338,3128,3.96924570298692,12415.800558943089,1.1637997757556735,402,6152.594839,0.262147261343184,24.63840649673925,0.3008142544123975,0.934349875501614,0.7229163156739778,40.0,Male,TAA,NoCollagen
02(03)Asc-0047/-Col/02Asc-0047 -col Cell 4,TAV-ATAA,0.37,0.19,0.19,16474.857725,2878.361825785626,120771.05545999996,0.1364139583135179,0.0984078422136353,0.9040441148799836,197.4830006338818,85.9039682559509,0.9203216299268676,9388.36816,22996.83449086724,0.093585695625565,165,0.6633056054225551,0.1593333544780472,0.1138648333293172,0.955833893856454,94.80569237373736,388,980,3.823934236742207,3747.455552007362,1.1763768982909957,113,1192.032108,0.3898744364319747,18.746052174212227,0.3068027837735233,0.9024190449222304,0.6593250569292677,40.0,Male,TAA,NoCollagen
02(03)Asc-0047/-Col/02Asc-0047 -col Cell 5,TAV-ATAA,0.37,0.19,0.19,18596.590461,7890.720894574512,121325.63142150002,0.1532783323945225,0.1211797143156551,0.887578534791566,208.72303228061,98.50212659423528,0.722151080923355,18773.009717,45174.656179836085,0.0756156817166339,272,0.6183530624967701,0.1677751695707049,0.0987574136991559,0.9185021814794484,113.0626599518072,725,1738,4.12068487385111,7161.75031075323,1.1675355718907714,188,2777.9888600000004,0.2905422400355593,20.984062720010503,0.3568306879811348,0.9359919892028384,0.6254022490181103,40.0,Male,TAA,NoCollagen
02Asc-0017/+Col/02Asc-0017 +col Cell 1,BAV-ATAA,0.37,0.19,0.19,27283.67605,24071.74545884433,120586.56412366669,0.2262580101545925,0.1777867871077532,0.8913634722222021,226.3308553722596,104.93520872770203,0.5338338603340421,28734.980885,64321.03925212633,0.0705350556609544,416,0.6325601411947371,0.1343573374233194,0.1018395917337918,0.9063774598893972,90.63145856466876,846,2086,4.657817765410306,9716.2078586459,1.186764972142498,208,7734.851702000001,0.1808827670318296,41.80592807726335,0.3979731328251611,0.9175381361942464,0.6464372114730861,73.0,Male,BAV,Collagen
02Asc-0017/+Col/02Asc-0017 +col Cell 2,BAV-ATAA,0.37,0.19,0.19,40101.654315,26340.086347618784,124662.34359150004,0.3216821789136835,0.221109915739034,0.8990749072471867,224.71686768805384,100.31244223447838,0.5259696566021167,36609.199525,98260.28696412644,0.0542624732801251,468,0.637456278836577,0.1382069778043892,0.0790006173548847,0.8580592996785285,101.680496425,1776,4140,4.346781419355295,17995.675076130923,1.1830242421791182,521,9747.631389,0.1747679171943629,41.88165082860483,0.5449413652296415,0.744440295780018,0.522478595603201,73.0,Male,BAV,Collagen
02Asc-0017/+Col/02Asc-0017 +col Cell 3,BAV-ATAA,0.37,0.19,0.19,13920.224619,15020.910012404776,137234.20354833335,0.1014340759014741,0.0831484733131383,0.8969442808397977,219.29220107804105,98.9456509074827,0.5616060026126063,9024.443338,26806.327288874803,0.0781976599440674,906,0.6511826356024972,0.1471886499901512,0.108092881512516,0.9145027010771504,23.200936873711345,604,1850,3.3154149789031515,6133.51771097083,1.1994077600311783,146,2387.937746,0.333613400906905,16.7552059215535,0.4815146879173143,0.9532923890227786,0.8657232897806219,73.0,Male,BAV,Collagen
02Asc-0017/+Col/02Asc-0017 +col Cell 4,BAV-ATAA,0.37,0.19,0.19,10525.649925000002,7756.152708473231,109973.94231933332,0.0957103992365435,0.068587586180005,0.8943581529480988,167.75325097666052,76.66067790625458,0.6147290608833772,7156.319961,18100.559067270187,0.0992168196866927,305,0.7010575881633243,0.1467434200917097,0.1121067963173275,0.9047041057577028,40.1717027752809,323,809,4.158464856323763,3364.1980687659243,1.1922384089153089,91,1808.203875,0.3402289647265638,22.46072432255288,0.3964163191022546,0.9518904209763952,0.7923529904964574,73.0,Male,BAV,Collagen
02Asc-0017/+Col/02Asc-0017 +col Cell 5,BAV-ATAA,0.37,0.19,0.19,19295.775983,14783.152161917596,155216.44547283335,0.1243152806664241,0.0922062313384727,0.9385408518666368,224.6156155845433,78.09053527294418,0.7381171946497971,10441.540896,32316.163514375,0.0714892471302988,572,0.6427401290935483,0.1512507060649437,0.0956101484506441,0.9002976139363157,32.29590270588235,849,2304,3.3603581465736947,7742.265169705793,1.1798873099213938,212,3840.124143000001,0.2698043594293285,11.96270231791683,0.416635761696441,0.954829357971151,0.8175825024999664,73.0,Male,BAV,Collagen
02Asc-0017/+Col/02Asc-0017 +col Cell 6,BAV-ATAA,0.37,0.19,0.19,14487.255983,17019.47158742945,67843.75596200002,0.2135385309609695,0.1298032090486786,0.9204125321459108,207.95693846290345,82.2902389147452,0.3549422322914191,10745.559573,41358.92484418118,0.0569378295806008,686,0.681973097054721,0.1397360287954201,0.0862940908785263,0.9354611681607796,22.276981954356845,1132,2751,3.5994782313211644,9902.164614364525,1.156467418633458,362,3505.94536,0.1928898078887516,28.427888901568384,0.4812252438940291,0.9467599577549788,0.7701983298170432,73.0,Male,BAV,Collagen
02Asc-0017/-Col/02Asc-0017 -col Cell 1_0001,BAV-ATAA,0.37,0.19,0.19,12862.136507,13244.362290825506,62093.99043366668,0.2071397959314641,0.1182507672568945,0.951994690615092,207.18287424564733,63.70337126801412,0.3602897399218484,7831.302599000001,29360.285621045725,0.0649550894539629,812,0.6445810282560371,0.1406121588585472,0.0962515502768368,0.9063062691826178,12.112648647058824,565,1636,3.860233657544286,6315.342263742452,1.1811745007864656,137,1599.260324,0.2482081701763792,33.914476537045886,0.4422486146844736,0.8399146309915371,0.7288480218643868,73.0,Male,BAV,NoCollagen
02Asc-0017/-Col/02Asc-0017 -col Cell 2,BAV-ATAA,0.37,0.19,0.19,8513.230877,9735.6716780754,78551.77123416665,0.1083773254663048,0.087173735000796,0.9612580721505986,193.05328601964536,53.36789480014869,0.4882108983561872,528.950557,3431.512796033046,0.0921740254025095,248,0.6236870905690742,0.1468407127809683,0.2082577950186804,0.9092663022819852,2.4193938486238533,75,337,3.412107847222458,1149.8803445139683,1.1873906355061663,15,529.217697,0.3164849335492706,19.456032652043927,0.664496887721618,0.9146966478899252,0.8217542571866755,73.0,Male,BAV,NoCollagen
02Asc-0017/-Col/02Asc-0017 -col Cell 3,BAV-ATAA,0.37,0.19,0.19,20174.439514,21510.24657189058,89737.03211633337,0.2248173250018592,0.1807593510288334,0.8777018805212007,208.9118284088281,103.02948305759524,0.4229675003471874,7082.829747000001,27381.946039060967,0.0651364895779651,976,0.6407482658129772,0.1516051921310865,0.1114504148442154,0.9316646720377466,10.396499520588236,727,2138,3.4960487177474207,7474.552158543986,1.178765711763634,187,2888.357751,0.2080473975403457,27.084760166233075,0.4423949005193034,0.9406408987315544,0.8326630298732395,73.0,Male,BAV,NoCollagen
02Asc-0017/-Col/02Asc-0017 -col Cell 4,BAV-ATAA,0.37,0.19,0.19,14694.890548,17300.314180050158,76761.23644399998,0.1914363450713882,0.1504726599108131,0.8845117008276792,186.3117515892501,89.16725663368655,0.4521079069426912,4237.37468,15109.014648442197,0.0838132266233106,547,0.6445011838257678,0.1467687511975478,0.1331940913419703,0.9108908666852946,11.373234158602152,368,1054,3.680653739667768,3879.409041609828,1.1844215070529056,94,1683.542994,0.2414991368459655,29.32985881351168,0.453222335774056,0.959083795703514,0.7325942678231157,73.0,Male,BAV,NoCollagen
02Asc-0017/-Col/02Asc-0017 -col Cell 5,BAV-ATAA,0.37,0.19,0.19,9329.490504,18181.211556512622,67580.05761566668,0.1380509403684971,0.1114540768456003,0.871094195857867,210.7430375497958,106.86538804509098,0.3745113718445815,7981.488707,28451.86873759378,0.0678832453897039,815,0.6508503734581322,0.1461351326251143,0.1051380340295082,0.9442200282400998,15.621954347058823,730,1979,3.510092662390839,6946.47337887147,1.194046663085082,199,4620.974363,0.1503934212880795,49.47517125206021,0.5021414838957976,0.9851416798414728,0.8121803030749587,73.0,Male,BAV,NoCollagen
02Asc-0021/-Col/02Asc-0021 -col Cell 1,BAV-ATAA,0.37,0.19,0.19,15392.686942,8775.667682110676,65185.94003100004,0.2361350765928941,0.1144388414766148,0.8395439646537665,164.48614182179966,94.00862536724148,0.5300317872178358,4114.971132000001,11587.77027219418,0.1071672557129682,136,0.6637803281632643,0.1580994159179419,0.1582185568097974,0.9195722099912784,33.45168345528455,168,454,4.550026778857127,2065.712157601136,1.1786146142656917,34,2633.1188380000003,0.2915589110435,16.935016799499437,0.7513873556309941,0.9805709856607674,0.7889215555519453,61.0,Male,BAV,NoCollagen
02Asc-0021/-Col/02Asc-0021 -col Cell 2,BAV-ATAA,0.37,0.19,0.19,11541.756986,5929.15315566041,77980.41442833333,0.1480084078882046,0.080097893738464,0.9769344416925864,144.95496735382338,30.97703864295159,0.7232147944960463,2695.789882,8361.822007134397,0.1120230084383361,159,0.6391230218197178,0.1322774655305477,0.128694740721231,0.90702387722259,21.557450008,169,437,4.279844358063551,1870.291984473772,1.1581567388504148,43,2438.173423,0.3569111088180939,20.32988951224228,0.4829063542767058,0.9793442746084802,0.7768777676400355,61.0,Male,BAV,NoCollagen
02Asc-0021/-Col/02Asc-0021 -col Cell 3,BAV-ATAA,0.37,0.19,0.19,12919.972317000002,8710.530070788634,39563.88368566666,0.3265597588863778,0.1823548042281959,0.9637285711194352,142.8447877342046,38.21597822952186,0.5717616463824703,1793.057037,7249.625530739184,0.0984535287511602,129,0.6286365518847274,0.1595125892395845,0.1149155654345859,0.9382603411916888,15.19053123728814,197,488,4.785992110604708,2335.5641499750973,1.1724704275875284,60,512.494733,0.2587715024948807,32.09117850201499,0.4999098204069016,0.7676256402048655,0.7769419835531203,61.0,Male,BAV,NoCollagen
02Asc-0021/-Col/02Asc-0021 -col Cell 4,BAV-ATAA,0.37,0.19,0.19,21972.532140000003,11385.383070457552,108512.14333466666,0.2024891543449992,0.1574959501533772,0.9092634502752897,218.21765831496265,92.2644987901986,0.5859997473682922,22046.062425,64626.23244617105,0.0588341262403247,1253,0.5785833912214654,0.1540470248100782,0.0903100076542458,0.882168798587594,53.70119951707317,1466,3714,3.7958579409679127,14097.816392754828,1.1814323548885075,412,3317.184236,0.2648811143440645,26.32825465109564,0.3550614333295014,0.965601984067338,0.7072882245637837,61.0,Male,BAV,NoCollagen
02Asc-0021/-Col/02Asc-0021 -col Cell 5,BAV-ATAA,0.37,0.19,0.19,16375.748785000002,6001.220032564586,52618.89749883329,0.3112142132085359,0.1491954915399443,0.976375385351408,171.29115710972107,37.04867809597928,0.571197113186662,11641.42692,24033.585900091453,0.1033561589810322,147,0.6724657767484705,0.120248905840366,0.1072189514446086,0.8304296247236519,108.78564958878508,253,654,5.034493569568898,3292.55879449806,1.1590153731801895,40,3196.103031,0.2260910632063383,49.01653662436478,0.3725396642439572,0.9620930251491936,0.676720611678025,61.0,Male,BAV,NoCollagen
02Asc-0021/-Col/02Asc-0021 -col Cell 6,BAV-ATAA,0.37,0.19,0.19,17216.678791000002,5599.42615753274,72600.5665626667,0.2371424853294921,0.1234066773641339,0.940780443519564,161.23385134662678,55.026526006446666,0.6223176474149168,12261.044793,23005.074522630268,0.1117752026833439,139,0.6563226288004367,0.1490141315745315,0.1212113563413202,0.8892271491130582,112.47696871559634,229,604,5.1249321768530605,3095.4590348192487,1.1887034918877482,33,3411.1774450000003,0.2782929170713131,27.025188292936978,0.6662798313254409,0.977355703362393,0.7822165628255136,61.0,Male,BAV,NoCollagen
02Asc-0029/+Col/02Asc-29 +col Cell 1,BAV-ATAA,0.37,0.19,0.19,9438.72405,1558.7611058138696,60807.6779411667,0.1552225700697247,0.0832317450221727,0.9733388164512974,216.84086455183908,49.80139218734721,0.6871350027101855,1965.015055,8618.307813876285,0.0880317586005742,207,0.6057331423883819,0.1630107168765212,0.1115081605509167,0.8857647002617968,20.21822926804124,266,745,3.208307847946848,2390.1893467204018,1.1889639272384536,69,1028.101647,0.3562258986541028,21.22566393376647,0.4419544067995514,0.9777447505811516,0.779339786560314,64.0,Female,BAV,Collagen
02Asc-0029/+Col/02Asc-29 +col Cell 2,BAV-ATAA,0.37,0.19,0.19,10555.155538,2146.6139198724595,62982.02612633331,0.167589964743716,0.0894002881230797,0.9238569709370718,183.4087064490504,70.97603919748066,0.7210418910645331,1869.17858,5858.513651825851,0.1252556164147097,142,0.6817509486294799,0.1294438107489193,0.1469171295588903,0.8990347631891363,18.860488757575755,119,299,3.737756238986544,1117.5891154569763,1.1961931294320456,34,928.819066,0.3482523169159396,28.50472763970061,0.2271991694723514,0.9580744271916892,0.6335630656282519,64.0,Female,BAV,Collagen
02Asc-0029/+Col/02Asc-29 +col Cell 3,BAV-ATAA,0.37,0.19,0.19,18232.612211,2987.880177565072,79201.14182466669,0.2302064312578075,0.1633609275010435,0.854417639772102,181.4323873570553,98.23470478259668,0.6188398014129328,6845.248788000001,20561.23779531419,0.0847932002580669,402,0.6121088319990705,0.1342973833651314,0.0991508394002742,0.8553175641852027,26.61228930350194,434,1156,3.743429310653816,4327.404283115811,1.1924077919422165,117,1914.85952,0.2685125790054863,36.0653992700256,0.4152911784271052,0.9742042458343526,0.7457343387250326,64.0,Female,BAV,Collagen
02Asc-0029/+Col/02Asc-29 +col Cell 4,BAV-ATAA,0.37,0.19,0.19,11642.027985,2163.2459888548938,50113.72091149996,0.2323121846322215,0.1163813408506311,0.9571843862338753,150.10026751877965,43.60124307492352,0.5692057734962087,2360.609324,9707.14614495578,0.088323302984041,189,0.6215374913085755,0.142675353637578,0.1009876760112764,0.844986742550464,18.71368703968254,272,702,3.383689117471281,2375.34976046484,1.1735721948347893,84,1463.245993,0.2903674790470821,31.61915975459608,0.4234864595895798,0.9667822756435712,0.7224957577688663,64.0,Female,BAV,Collagen
02Asc-0029/+Col/02Asc-29 +col Cell 5,BAV-ATAA,0.37,0.19,0.19,11464.366528,2384.916097830549,38797.94210383332,0.2954890364369943,0.1539114816748819,0.9544687197792278,139.3595547268471,41.73269230971967,0.7123514926083634,5698.443482000001,14084.857253352471,0.109539100781638,161,0.5990646834919137,0.1548716190980029,0.1182919069322905,0.8142243697771773,61.90533945652174,217,562,4.091715175915094,2299.543928864283,1.1534397701583303,55,1425.365541,0.2914000022072716,31.17810187699105,0.423496351621361,0.9605995139076424,0.6967530740129656,64.0,Female,BAV,Collagen
02Asc-0029/-Col/02Asc-29 -col Cell 1,BAV-ATAA,0.37,0.19,0.19,7641.13899,2790.7866633386,31596.833895666685,0.2418324258446646,0.0949046424589903,0.9410203157638992,132.7180227044363,45.20253040000244,0.5507273818119208,7378.420157,17032.758325072595,0.107607215836953,147,0.6778408413266662,0.1202469541790255,0.110234215595566,0.847990211105737,91.05681271604938,211,489,4.871897665924176,2382.357958636922,1.190087545209135,52,1750.514992,0.2519460795765039,44.36115213432732,0.2881263937157661,0.9038594168114984,0.6699283534620722,64.0,Female,BAV,NoCollagen
02Asc-0029/-Col/02Asc-29 -col Cell 2,BAV-ATAA,0.37,0.19,0.19,8162.676412000001,4409.805062508964,18221.868730666672,0.4479604442689539,0.1516145998729755,0.9854028127245982,142.14400108683043,24.19302616830425,0.855774718792753,3792.58658,11163.525832595327,0.1053512627462154,108,0.6027573573867999,0.1712418426653558,0.1136070313633339,0.838818882537456,72.89608436538461,214,600,3.75431536592352,2252.589219554112,1.182798310241245,55,1181.186224,0.3509895637233825,27.64093193738435,0.2290789171774379,0.9338120380147834,0.5661825244478841,64.0,Female,BAV,NoCollagen
02Asc-0029/-Col/02Asc-29 -col Cell 3,BAV-ATAA,0.37,0.19,0.19,8010.446683,5082.701296445599,49609.133522500015,0.1614712073003028,0.0958838558254352,0.95378900105472,140.8563802715905,42.49640061579409,0.4585230207570541,2672.1079210000003,10947.28702650786,0.085064224905166,398,0.6753641192201429,0.1510966730179588,0.1145516330768276,0.9099936239200148,12.742833636363637,310,919,3.151744764759852,2896.453438814304,1.1740978433336198,77,1139.632597,0.2454171988943619,41.12065935381618,0.4547748632534065,0.9845601726306558,0.8633712214081514,64.0,Female,BAV,NoCollagen
02Asc-0029/-Col/02Asc-29 -col Cell 4,BAV-ATAA,0.37,0.19,0.19,15284.228102,1384.8777145437457,53771.96946400002,0.2842415528825421,0.1313391755476358,0.979941725014084,160.22481989698778,31.944939667417604,0.8056589103429688,6266.676976000001,18892.05046583787,0.0870088109047592,152,0.6016796898028929,0.1496073314541711,0.0911220285527327,0.8701476854311696,66.64091491489363,352,852,4.037210264385111,3439.703145256115,1.169021226558634,103,2599.071845,0.2964782325364182,33.37863057168387,0.3330289328245561,0.9639334674821328,0.7164030930880916,64.0,Female,BAV,NoCollagen
02Asc-0029/-Col/02Asc-29 -col Cell 5,BAV-ATAA,0.37,0.19,0.19,9462.446082,1142.5806045036763,92586.4430815,0.1022012053500165,0.0799787844980522,0.9481447286361344,154.83787919212637,49.462749481972224,0.754217445286804,1964.974984,6681.447382991299,0.1135494205551483,157,0.6191312302012368,0.1346845519090841,0.1297095838217213,0.8444378378896574,20.6573738,125,365,3.789908626833459,1383.3166487942126,1.1523044241190796,40,1253.861661,0.332605649954047,29.96176942609007,0.2753004135899293,0.977171944288302,0.6756730964703888,64.0,Female,BAV,NoCollagen
02Asc-0049/+Col/02Asc-0049 + col Cell 1,BAV-ATAA,0.37,0.19,0.19,13179.231687,5195.321736249215,115114.54627949996,0.1144879783915459,0.0497193880070521,0.959364911054942,178.8883445897233,50.62493693602205,1.1170396015484405,4454.813283,9497.230396735558,0.1378605969199519,134,0.6084280073058774,0.1191979158629115,0.1606151907206123,0.8072503742344257,43.24036970873785,104,322,4.406766555874958,1418.9788309917365,1.2557276153281447,19,1779.2993270000002,0.4308768201460332,13.083592682986437,0.3195838839215612,0.8679315354995082,0.6729750912653876,58.0,Female,BAV,Collagen
02Asc-0049/+Col/02Asc-0049 + col Cell 2,BAV-ATAA,0.37,0.19,0.19,11659.739367,3014.864368915132,86776.58663633335,0.1343650380702813,0.0614865928557919,0.9772963328052224,190.62272411657835,40.418660895719874,0.9104862968145844,1546.1128210000002,4890.095646776392,0.1322292572579311,25,0.669089489722878,0.161546236496481,0.1347633222393951,0.8395324266000808,67.21939286956523,70,178,5.582006567289243,993.5971689774852,1.2019174335555998,19,938.342607,0.3631056709107731,19.81004304643116,0.2251934423889005,0.801636743982897,0.4780406379598343,58.0,Female,BAV,Collagen
02Asc-0049/+Col/02Asc-0049 + col Cell 3,BAV-ATAA,0.37,0.19,0.19,11035.299617,4063.480946931327,59389.73221366666,0.1858115739148016,0.0686711078661562,0.9776095771252428,169.35778535646733,35.66105477453214,0.8826230029855043,5665.571905000001,14588.405795305402,0.1053510317197508,239,0.5335018020749569,0.1013708825071245,0.1115095989109881,0.7251650125439958,47.16968895833335,187,507,4.556645457213362,2310.2192468071744,1.2337499466359698,46,1594.264806,0.3823573038506038,19.360838216336028,0.3605783961068435,0.9269156396337628,0.6362274234994387,58.0,Female,BAV,Collagen
02Asc-0049/+Col/02Asc-0049 + col Cell 4,BAV-ATAA,0.37,0.19,0.19,13161.680589,6127.088971261128,88065.55494566666,0.1494532180841907,0.0918777741600176,0.937311759451497,202.9968695104046,71.27358959670075,0.7726638311770112,7509.372185,16846.161993690002,0.1100826574320683,189,0.5922805279214034,0.1461278224722094,0.1432008963834504,0.8579297231532292,54.00821270503598,248,675,4.152741434721328,2803.1004684368963,1.2406586041102037,40,2122.894795,0.3262479546007936,31.325354119437662,0.2567075586975373,0.9521284880725592,0.6892346546498532,58.0,Female,BAV,Collagen
02Asc-0049/+Col/02Asc-0049 + col Cell 5,BAV-ATAA,0.37,0.19,0.19,18193.930339,3733.8794377833774,95546.85962133366,0.1904189254477357,0.1192987185604492,0.8888942719744117,161.3200777979039,75.66375687071071,0.869509945413171,8727.290159,16333.11361449188,0.125507039372178,188,0.6431766226579114,0.1178307683483295,0.1418054745940211,0.835683746097758,61.01748476223777,163,438,5.102173356664264,2234.751930218948,1.1458296023589585,36,4151.809738,0.2801658543313401,22.340740010672487,0.5315269954050258,0.9583074051026758,0.7967839169523891,58.0,Female,BAV,Collagen
02Asc-0049/-Col/02Asc-0049 -col Cell 1,BAV-ATAA,0.37,0.19,0.19,30100.493709,11756.497568962826,71137.07123900001,0.4231337217675301,0.2571974148061104,0.8502447950916155,160.18131893980217,88.08448928926089,0.7125563707425753,23438.115608,55963.83691977488,0.0707715059101136,331,0.612735496027782,0.1659082051970014,0.0904603889770299,0.90510996906602,134.67364131609202,923,2083,4.552103599927647,9482.031798649288,1.165596099303768,288,2928.749319,0.2575558097230345,24.25131108564352,0.6954876163958669,0.972841627370322,0.8106625276355304,58.0,Female,BAV,NoCollagen
02Asc-0049/-Col/02Asc-0049 -col Cell 2,BAV-ATAA,0.37,0.19,0.19,19017.202391000003,4651.646501275549,98904.43765150002,0.1922785553668388,0.1272831869720422,0.8175641630169519,169.36467242804338,104.29895946951396,0.8986283546625479,10508.579679,22448.6599997158,0.1033529910915407,94,0.6368671852969753,0.2066327054104833,0.1109243546476445,0.9113559377367372,233.47828224444444,288,684,4.497800159925655,3076.495309389148,1.1784009312119532,86,1777.01528,0.3537463232904617,24.36023416386452,0.3207834248498805,0.9758749299761182,0.7572324971918337,58.0,Female,BAV,NoCollagen
02Asc-0049/-Col/02Asc-0049 -col Cell 3,BAV-ATAA,0.37,0.19,0.19,24335.452225,12033.738610071532,105908.22957716657,0.2297786708564396,0.1453608512273365,0.8218047649064791,164.74342998368664,100.04148202876593,0.6633858870294008,43912.125918000005,89954.11153493432,0.0669143732909884,273,0.6352180412238569,0.1131633327968976,0.0691332350187046,0.865828504438815,292.7232854266667,620,1444,6.22265201783206,8985.509513749494,1.1447950985415456,122,6103.187296,0.279508073290633,24.31080858580229,0.4818023494005704,0.9853211172178528,0.8073592048068959,58.0,Female,BAV,NoCollagen
02Asc-0049/-Col/02Asc-0049 -col Cell 4,BAV-ATAA,0.37,0.19,0.19,30648.945486,17017.96696957067,111078.62187349991,0.2759211895958166,0.1997156664743722,0.8777905674746693,224.87489340420512,110.8584609587837,0.634855340080402,41236.558534,94795.03972730334,0.0608910487033412,257,0.6331692306968403,0.1703461800101596,0.0806747868491081,0.8879280366488272,340.7551737024794,1078,2411,4.889672277860098,11788.999861920696,1.1425336485853623,302,8749.128854,0.1826664718097765,27.321239657334115,0.3554859658459107,0.8641352429388244,0.3078111151292352,58.0,Female,BAV,NoCollagen
02Asc-0049/-Col/02Asc-0049 -col Cell 5,BAV-ATAA,0.37,0.19,0.19,27141.277073,10295.886972787865,115464.65773733334,0.2350613391566342,0.1768588822109986,0.9010428862705084,200.790542953928,88.7291352782831,0.8317335293855955,24730.271788,58102.64335680503,0.0706492398044271,231,0.5884434351730141,0.1550004824255417,0.0771716154689111,0.8340240093764776,199.40643756451607,666,1536,5.000325399218538,7680.499813199674,1.1556672928823564,188,4931.724968,0.2486748787523839,32.87435236584066,0.334402908377477,0.9713696800343916,0.7321280465408538,58.0,Female,BAV,NoCollagen
02Asc-0049/-Col/02Asc-0049 -col Cell 6,BAV-ATAA,0.37,0.19,0.19,14204.875646,3163.7477788493093,111068.27019850005,0.1278931923636984,0.0783219273823246,0.975790898552784,188.67898867895943,41.304350679297066,0.8016486930026059,24288.221873,62042.67926223058,0.0653718428422493,2222,0.5467080472314476,0.1246914193056558,0.0759624696104818,0.8090119714786164,35.07457349204053,1626,4692,3.132497842143677,14697.679875338132,1.1843266260309866,492,2983.9538,0.3995297208500593,19.608666187639976,0.3255206918076548,0.9824096184206476,0.7647377838701659,58.0,Female,BAV,NoCollagen
02Asc-0077/+Col/02Asc-77 +col Cell 1,BAV-ATAA,0.37,0.19,0.19,15073.601569,4727.931100347956,63967.83283283333,0.2356434617441509,0.1245599628257301,0.9626062372112272,222.4427421910644,60.42281530518188,0.4412281643436603,1252.031752,7800.576616338418,0.0720168817446004,370,0.5686037140152449,0.1495988948954166,0.0954121284408824,0.8261394081690074,5.925864852380954,221,689,3.22484851363451,2221.9206258941776,1.207940172253689,53,1142.330711,0.3463404259099785,21.98659531144323,0.4708548663863827,0.9742324998576066,0.7570772229849897,,Male,BAV,Collagen
02Asc-0077/+Col/02Asc-77 +col Cell 2,BAV-ATAA,0.37,0.19,0.19,7787.638566,4341.507186249359,28026.1070856667,0.2778708631275732,0.1082586898395722,0.8671814292986539,116.15315568285472,59.845021500415534,0.4014239328210099,732.0170280000001,3846.289760614096,0.1021228472764007,164,0.5897298769490926,0.1380438711858768,0.115926029276568,0.767356128066033,7.435487530612243,77,205,3.9255688087290266,804.7416057894504,1.1589565461968578,22,765.5698120000001,0.3689071509570173,18.877681270772488,0.4659767281896708,0.9447796129627798,0.8323593759895337,,Male,BAV,Collagen
02Asc-0077/+Col/02Asc-77 +col Cell 3,BAV-ATAA,0.37,0.19,0.19,7597.100961,6497.037678675488,59402.5126365,0.1278919127123243,0.0623352771289691,0.9432434302082529,242.2388779009277,80.9472879940382,0.3335270465435839,1468.281582,9322.791840461668,0.0670107334061485,278,0.5134270025055723,0.1373569085849953,0.0865854731125141,0.799265785879228,9.747760506666667,251,652,3.6102312580989295,2353.870780280502,1.1893505907371895,66,1848.582086,0.2574895400982417,20.19606065379313,0.4801182284624499,0.863019502261825,0.7902024048760933,,Male,BAV,Collagen
02Asc-0077/+Col/02Asc-77 +col Cell 4,BAV-ATAA,0.37,0.19,0.19,11114.252844,3082.941586813972,29210.98652016667,0.3804819408042569,0.1175946192842897,0.9782078828895436,181.1090122053232,37.63591479952993,0.4172215323574174,1222.285713,7911.428406681075,0.0698786295526776,90,0.5108238427275689,0.1382777834194654,0.073330313571903,0.7445137039695209,24.416595999999995,197,455,3.966866014752181,1804.924036712242,1.1355048752768733,52,2212.4401230000003,0.2143598444176673,45.46786872961415,0.4836946418979324,0.8668522773064826,0.8526123051513715,,Male,BAV,Collagen
02Asc-0077/+Col/02Asc-77 +col Cell 5,BAV-ATAA,0.37,0.19,0.19,7154.27634,4604.195594006171,43587.5686273333,0.1641357057827178,0.0933361911682445,0.937109302309334,160.62277210999653,56.48876103930701,0.3959845737896754,2221.349242,9352.35206748201,0.0880321225071867,153,0.4720119112882973,0.1387254488996872,0.0957390673610263,0.8345066620513132,23.845979215053767,148,389,4.7785528251339136,1858.8570489770923,1.168562913005852,42,1086.151169,0.3085481926221175,22.74305928158556,0.6079976094651024,0.96053533038815,0.8197941081603659,,Male,BAV,Collagen
02Asc-0077/+Col/02Asc-77 +col Cell 6,BAV-ATAA,0.37,0.19,0.19,5811.483773,2842.339380848452,17460.33273266665,0.3328392340500623,0.0954130826463534,0.93959045893352,113.40444556648752,39.08941804956193,0.3763038062872664,815.391422,4456.17632162978,0.0947179994587351,202,0.5403141416580413,0.1133996672376382,0.1073701966291944,0.7686577362798764,6.052913940298509,99,236,4.057681081935264,957.6127353367224,1.143784371651637,30,769.4299850000001,0.3245476337921946,28.99754955679408,0.2869748451226779,0.9373148901545972,0.7437252958030837,,Male,BAV,Collagen
02Asc-0077/-Col/02Asc-77 -col Cell 1,BAV-ATAA,0.37,0.19,0.19,10075.58581,2732.1114207096134,26110.67098850003,0.3858800034069445,0.1065902152858674,0.9713491657681684,160.0856821217127,38.10302112828904,0.498657084106847,2043.954925,8611.912336161306,0.0904410092855066,214,0.505279803340755,0.1419816169991659,0.1026434271370629,0.7909140608160053,17.57919375862069,129,363,4.284383991934336,1555.231389072164,1.1509363926230245,25,939.144027,0.3136866429211415,27.267542916121897,0.399202167049176,0.8707783763700537,0.8160385099294377,,Male,BAV,NoCollagen
02Asc-0077/-Col/02Asc-77 -col Cell 2,BAV-ATAA,0.37,0.19,0.19,8473.346875000001,2428.7575932742384,51245.41722433335,0.1653483830155357,0.0755811092679745,0.891471048592507,138.230735065528,64.05426413476594,0.5206840732529937,1811.262628,8309.26364344606,0.0864787101132187,119,0.5172019165169046,0.1202771447255357,0.0894954396026593,0.6423270807210028,31.168559500000004,162,370,4.4536119557350125,1647.8364236219545,1.154352244502337,47,1639.651892,0.2936958488256936,30.282765865852912,0.4052475565945764,0.8900070327057066,0.8212330426497236,,Male,BAV,NoCollagen
02Asc-0077/-Col/02Asc-77 -col Cell 3,BAV-ATAA,0.37,0.19,0.19,11485.310304,6172.895493170016,51878.75496249999,0.2213875470277194,0.0903872894030565,0.9404911344332813,159.0760563994369,54.42324812933345,0.5151809560633333,1669.771927,9085.47843652738,0.0749159732655729,489,0.5635086979231647,0.1405278801951063,0.091781982398587,0.8182712788733777,5.624927006779662,209,657,3.497249164146337,2297.6927008441435,1.1775880846115951,43,1688.2179440000002,0.3317283005535544,28.49242480052652,0.27961293587683,0.8935327885077624,0.6378018070294647,,Male,BAV,NoCollagen
02Asc-0077/-Col/02Asc-77 -col Cell 4,BAV-ATAA,0.37,0.19,0.19,6689.866807,3567.766929313623,18749.0272235,0.356811408253487,0.0742187523153952,0.9899805416913556,188.05946734057835,26.55732487846493,0.3732929588649511,680.018227,5802.570559993272,0.0644481907526408,280,0.4847892547463837,0.1233223507115358,0.0903312451628972,0.7189479246065698,4.063585626506024,159,438,3.553753742033953,1556.5441390108713,1.1401959241875526,36,1715.265869,0.2804442298139851,35.3374067923418,0.3812708018644363,0.9862602337833896,0.8308525759260451,,Male,BAV,NoCollagen
02Asc-0077/-Col/02Asc-77 -col Cell 5,BAV-ATAA,0.37,0.19,0.19,10802.086397,2501.6718575203968,31671.50397800001,0.3410664174490563,0.1029417904558241,0.9645892712428172,155.8197328341521,41.19542508002335,0.5061295681032184,3386.3868530000004,10321.80462357842,0.1056540630867433,450,0.4595837344209545,0.1218523019555519,0.1364036112565795,0.7413000122715099,15.993266658767777,164,533,3.761373906980013,2004.812292420347,1.1558615523163762,33,1080.84844,0.3258347647064393,26.16475185417569,0.4009220561478823,0.920099605444188,0.8331653032276796,,Male,BAV,NoCollagen
02Asc-0077/-Col/02Asc-77 -col Cell 6,BAV-ATAA,0.37,0.19,0.19,12524.297906000002,3263.833808696056,36342.446878,0.3446190056504318,0.1328434185229734,0.9652764689875202,158.16499164568,41.41064081119356,0.5448683028279567,1799.254685,7546.819698412391,0.0947942318311862,325,0.5486309420961442,0.1101514024481173,0.1118318830727622,0.7885858491914471,9.385285560209429,126,386,3.968003477055794,1531.6493421435364,1.1819003887192885,37,1564.986262,0.2872245849536725,30.773331242881017,0.4433064622377817,0.9163759796023714,0.8320700551205256,,Male,BAV,NoCollagen
